$ npx playwright test
(cwd: /Users/arturlukacs/stratos-hermetic/subject)


Running 1285 tests using 5 workers

  ✓     1 [node] › tests/gate-independence.spec.ts:140:3 › hermetic run-output independence › the exclusion is a list of named generated trees, not a directory amnesty (4ms)
  ✓     2 [node] › tests/lead-endpoint.spec.ts:126:3 › POST /api/lead — transport › refuses anything that is not a POST (3ms)
  ✓     6 [node] › tests/lead-endpoint.spec.ts:152:3 › POST /api/lead — transport › refuses an oversized body that lied about its length (1ms)
  ✓     4 [node] › tests/lead-endpoint.spec.ts:138:3 › POST /api/lead — transport › refuses a body that is not JSON (4ms)
submit-lead: no Supabase credentials. Set SUPABASE_URL and SUPABASE_SECRET_KEY (or SUPABASE_SERVICE_ROLE_KEY) in the Netlify environment, scoped to Functions.
  ✓     7 [node] › tests/lead-endpoint.spec.ts:158:3 › POST /api/lead — transport › answers with no-store so nothing caches a submission result (1ms)
{"event":"reject","submissionId":"not-a-uuid","formType":null,"locale":null,"route":null,"fieldCount":0,"format":"canonical","code":"INVALID_SUBMISSION_ID"}
  ✓     9 [node] › tests/lead-endpoint.spec.ts:144:3 › POST /api/lead — transport › refuses an oversized body on the declared length alone (2ms)
  ✓     5 [node] › tests/lead-endpoint.spec.ts:132:3 › POST /api/lead — transport › refuses a body that is not declared as JSON (4ms)
{"event":"reject","submissionId":"eb4add7b-88cc-4f26-adf9-4c24a7869e41","formType":null,"locale":null,"route":null,"fieldCount":0,"format":"canonical","code":"INVALID_SUBMISSION_ID"}
  ✓     8 [node] › tests/lead-endpoint.spec.ts:166:3 › POST /api/lead — the envelope › refuses a submissionId that is not a UUID (1ms)
  ✓    10 [node] › tests/lead-endpoint.spec.ts:172:3 › POST /api/lead — the envelope › refuses a missing submissionId (1ms)
{"event":"reject","submissionId":"dccbfe2e-d24d-4cc4-86ca-0bf61c896207","formType":null,"locale":null,"route":null,"fieldCount":0,"format":"canonical","code":"UNSUPPORTED_FORM_TYPE"}
{"event":"reject","submissionId":"92db3958-f006-4bf8-acd4-e4d6c536cc95","formType":null,"locale":null,"route":null,"fieldCount":0,"format":"canonical","code":"UNSUPPORTED_LOCALE"}
  ✓    11 [node] › tests/lead-endpoint.spec.ts:180:3 › POST /api/lead — the envelope › refuses an unsupported form type (1ms)
{"event":"reject","submissionId":"8f814d4b-d022-4d03-ace1-4c34816ed7a9","formType":null,"locale":null,"route":null,"fieldCount":0,"format":"canonical","code":"INVALID_ROUTE"}
{"event":"reject","submissionId":"888757e3-9ca3-4abc-85f7-3a9d53e03a3b","formType":null,"locale":null,"route":null,"fieldCount":0,"format":"canonical","code":"INVALID_ROUTE"}
{"event":"reject","submissionId":"83d82b8d-1564-4936-bfe0-28816a4ec3dd","formType":null,"locale":null,"route":null,"fieldCount":0,"format":"canonical","code":"INVALID_ROUTE"}
submit-lead: no Supabase credentials. Set SUPABASE_URL and SUPABASE_SECRET_KEY (or SUPABASE_SERVICE_ROLE_KEY) in the Netlify environment, scoped to Functions.
  ✓    13 [node] › tests/lead-endpoint.spec.ts:192:3 › POST /api/lead — the envelope › refuses a route that is not a same-site path (2ms)
{"event":"reject","submissionId":"88621e65-51a9-4443-a549-2756126d75ca","formType":null,"locale":null,"route":null,"fieldCount":0,"format":"canonical","code":"VALIDATION_FAILED"}
  ✓    12 [node] › tests/lead-endpoint.spec.ts:186:3 › POST /api/lead — the envelope › refuses an unsupported locale (1ms)
  ✓    14 [node] › tests/lead-endpoint.spec.ts:200:3 › POST /api/lead — the envelope › accepts an absent route (2ms)
  ✓    15 [node] › tests/lead-endpoint.spec.ts:207:3 › POST /api/lead — the envelope › refuses fields that are not an object (1ms)
submit-lead: no Supabase credentials. Set SUPABASE_URL and SUPABASE_SECRET_KEY (or SUPABASE_SERVICE_ROLE_KEY) in the Netlify environment, scoped to Functions.
submit-lead: no Supabase credentials. Set SUPABASE_URL and SUPABASE_SECRET_KEY (or SUPABASE_SERVICE_ROLE_KEY) in the Netlify environment, scoped to Functions.
  ✓    16 [node] › tests/lead-endpoint.spec.ts:216:5 › POST /api/lead — per-form schemas › accepts a valid contact submission (1ms)
  ✓    17 [node] › tests/lead-endpoint.spec.ts:216:5 › POST /api/lead — per-form schemas › accepts a valid newsletter submission (1ms)
submit-lead: no Supabase credentials. Set SUPABASE_URL and SUPABASE_SECRET_KEY (or SUPABASE_SERVICE_ROLE_KEY) in the Netlify environment, scoped to Functions.
submit-lead: no Supabase credentials. Set SUPABASE_URL and SUPABASE_SECRET_KEY (or SUPABASE_SERVICE_ROLE_KEY) in the Netlify environment, scoped to Functions.
  ✓    18 [node] › tests/lead-endpoint.spec.ts:216:5 › POST /api/lead — per-form schemas › accepts a valid questionnaire submission (1ms)
{"event":"reject","submissionId":"61db2b0e-fa3d-4c7a-8365-85a083776eed","formType":null,"locale":null,"route":null,"fieldCount":0,"format":"canonical","code":"VALIDATION_FAILED"}
submit-lead: no Supabase credentials. Set SUPABASE_URL and SUPABASE_SECRET_KEY (or SUPABASE_SERVICE_ROLE_KEY) in the Netlify environment, scoped to Functions.
  ✓    20 [node] › tests/lead-endpoint.spec.ts:216:5 › POST /api/lead — per-form schemas › accepts a valid impact submission (1ms)
  ✓    19 [node] › tests/lead-endpoint.spec.ts:226:5 › POST /api/lead — per-form schemas › accepts a contact submission in hu (1ms)
  ✓    21 [node] › tests/lead-endpoint.spec.ts:232:5 › POST /api/lead — per-form schemas › answers in hu when validation fails (1ms)
{"event":"reject","submissionId":"a7f53074-c92c-4411-ae1a-f090e6f1375b","formType":null,"locale":null,"route":null,"fieldCount":0,"format":"canonical","code":"VALIDATION_FAILED"}
submit-lead: no Supabase credentials. Set SUPABASE_URL and SUPABASE_SECRET_KEY (or SUPABASE_SERVICE_ROLE_KEY) in the Netlify environment, scoped to Functions.
  ✓    22 [node] › tests/lead-endpoint.spec.ts:232:5 › POST /api/lead — per-form schemas › answers in en when validation fails (1ms)
  ✓    23 [node] › tests/lead-endpoint.spec.ts:226:5 › POST /api/lead — per-form schemas › accepts a contact submission in de (0ms)
submit-lead: no Supabase credentials. Set SUPABASE_URL and SUPABASE_SECRET_KEY (or SUPABASE_SERVICE_ROLE_KEY) in the Netlify environment, scoped to Functions.
{"event":"reject","submissionId":"bf3a7a0e-c817-4d3c-b63c-70deaca6fd5f","formType":null,"locale":null,"route":null,"fieldCount":0,"format":"canonical","code":"VALIDATION_FAILED"}
  ✓    24 [node] › tests/lead-endpoint.spec.ts:226:5 › POST /api/lead — per-form schemas › accepts a contact submission in en (1ms)
{"event":"reject","submissionId":"51186660-b65c-42aa-95ff-e23136cbdf3c","formType":null,"locale":null,"route":null,"fieldCount":0,"format":"canonical","code":"VALIDATION_FAILED"}
  ✓    25 [node] › tests/lead-endpoint.spec.ts:244:3 › POST /api/lead — per-form schemas › rejects a missing required field, and names it (1ms)
  ✓    26 [node] › tests/lead-endpoint.spec.ts:232:5 › POST /api/lead — per-form schemas › answers in de when validation fails (0ms)
{"event":"reject","submissionId":"86527273-109d-4506-8014-60d803758dbd","formType":null,"locale":null,"route":null,"fieldCount":0,"format":"canonical","code":"VALIDATION_FAILED"}
{"event":"reject","submissionId":"393a3910-f148-4e5a-ac68-0cba202b5a81","formType":null,"locale":null,"route":null,"fieldCount":0,"format":"canonical","code":"VALIDATION_FAILED"}
{"event":"reject","submissionId":"db9f311a-a7c2-4073-8d0d-351ce56b25dd","formType":null,"locale":null,"route":null,"fieldCount":0,"format":"canonical","code":"VALIDATION_FAILED"}
{"event":"reject","submissionId":"68f98092-faaa-4b05-9a18-ed4575febc48","formType":null,"locale":null,"route":null,"fieldCount":0,"format":"canonical","code":"VALIDATION_FAILED"}
{"event":"reject","submissionId":"14bb1ec8-2362-4e0d-8389-ca5a6ef5564f","formType":null,"locale":null,"route":null,"fieldCount":0,"format":"canonical","code":"VALIDATION_FAILED"}
  ✓    27 [node] › tests/lead-endpoint.spec.ts:269:3 › POST /api/lead — per-form schemas › rejects an unchecked required consent (1ms)
  ✓    28 [node] › tests/lead-endpoint.spec.ts:253:3 › POST /api/lead — per-form schemas › rejects an invalid email on every form that asks for one (2ms)
{"event":"reject","submissionId":"0cee3058-02c1-4bb0-aaa4-490e43c47125","formType":null,"locale":null,"route":null,"fieldCount":0,"format":"canonical","code":"VALIDATION_FAILED"}
submit-lead: no Supabase credentials. Set SUPABASE_URL and SUPABASE_SECRET_KEY (or SUPABASE_SERVICE_ROLE_KEY) in the Netlify environment, scoped to Functions.
{"event":"reject","submissionId":"7dfdd4de-4a25-444f-9168-d1e3c68342fa","formType":null,"locale":null,"route":null,"fieldCount":0,"format":"canonical","code":"VALIDATION_FAILED"}
{"event":"reject","submissionId":"279125ea-eaa4-4d3d-ae34-cb98a77d7033","formType":null,"locale":null,"route":null,"fieldCount":0,"format":"canonical","code":"VALIDATION_FAILED"}
  ✓    29 [node] › tests/lead-endpoint.spec.ts:285:3 › POST /api/lead — per-form schemas › rejects a field that is over its cap rather than truncating it (1ms)
  ✓    30 [node] › tests/lead-endpoint.spec.ts:278:3 › POST /api/lead — per-form schemas › accepts an unchecked *optional* consent (0ms)
  ✓    31 [node] › tests/lead-endpoint.spec.ts:292:3 › POST /api/lead — per-form schemas › rejects a questionnaire with more answers than the ceiling (0ms)
  ✓    32 [node] › tests/lead-endpoint.spec.ts:300:3 › POST /api/lead — per-form schemas › rejects an answers value that is not a list (0ms)
{"event":"reject","submissionId":"97fb51f3-3967-4bc5-8760-e04301678b2d","formType":null,"locale":null,"route":null,"fieldCount":0,"format":"canonical","code":"VALIDATION_FAILED"}
{"event":"drop.honeypot","submissionId":"caab148e-21a1-445e-943d-d14c5e03b72d","formType":null,"locale":null,"route":null,"fieldCount":0,"format":"canonical"}
{"event":"drop.honeypot","submissionId":"12da730f-0f05-4d6f-9abe-af63c5c29c3e","formType":null,"locale":null,"route":null,"fieldCount":0,"format":"canonical"}
submit-lead: no Supabase credentials. Set SUPABASE_URL and SUPABASE_SECRET_KEY (or SUPABASE_SERVICE_ROLE_KEY) in the Netlify environment, scoped to Functions.
  ✓    33 [node] › tests/lead-endpoint.spec.ts:306:3 › POST /api/lead — per-form schemas › rejects an out-of-enum branch identifier (1ms)
  ✓    35 [node] › tests/lead-endpoint.spec.ts:340:3 › POST /api/lead — spam and abuse › a dropped submission is shaped exactly like a stored one (0ms)
  ✓    36 [node] › tests/lead-endpoint.spec.ts:328:3 › POST /api/lead — spam and abuse › drops a filled honeypot, and says nothing about it (1ms)
  ✓    34 [node] › tests/lead-endpoint.spec.ts:313:3 › POST /api/lead — per-form schemas › drops an undeclared field instead of losing the whole submission (1ms)
submit-lead: no Supabase credentials. Set SUPABASE_URL and SUPABASE_SECRET_KEY (or SUPABASE_SERVICE_ROLE_KEY) in the Netlify environment, scoped to Functions.
submit-lead: no Supabase credentials. Set SUPABASE_URL and SUPABASE_SECRET_KEY (or SUPABASE_SERVICE_ROLE_KEY) in the Netlify environment, scoped to Functions.
submit-lead: no Supabase credentials. Set SUPABASE_URL and SUPABASE_SECRET_KEY (or SUPABASE_SERVICE_ROLE_KEY) in the Netlify environment, scoped to Functions.
submit-lead: no Supabase credentials. Set SUPABASE_URL and SUPABASE_SECRET_KEY (or SUPABASE_SERVICE_ROLE_KEY) in the Netlify environment, scoped to Functions.
submit-lead: no Supabase credentials. Set SUPABASE_URL and SUPABASE_SECRET_KEY (or SUPABASE_SERVICE_ROLE_KEY) in the Netlify environment, scoped to Functions.
submit-lead: no Supabase credentials. Set SUPABASE_URL and SUPABASE_SECRET_KEY (or SUPABASE_SERVICE_ROLE_KEY) in the Netlify environment, scoped to Functions.
submit-lead: no Supabase credentials. Set SUPABASE_URL and SUPABASE_SECRET_KEY (or SUPABASE_SERVICE_ROLE_KEY) in the Netlify environment, scoped to Functions.
{"event":"drop.honeypot","submissionId":"53330fb3-1038-441c-a3d6-fa3fd87a259d","formType":null,"locale":null,"route":null,"fieldCount":0,"format":"canonical"}
submit-lead: no Supabase credentials. Set SUPABASE_URL and SUPABASE_SECRET_KEY (or SUPABASE_SERVICE_ROLE_KEY) in the Netlify environment, scoped to Functions.
submit-lead: no Supabase credentials. Set SUPABASE_URL and SUPABASE_SECRET_KEY (or SUPABASE_SERVICE_ROLE_KEY) in the Netlify environment, scoped to Functions.
submit-lead: no Supabase credentials. Set SUPABASE_URL and SUPABASE_SECRET_KEY (or SUPABASE_SERVICE_ROLE_KEY) in the Netlify environment, scoped to Functions.
{"event":"drop.tooFast","submissionId":"8e62cddd-95e0-478d-9967-1ae9d45d4067","formType":null,"locale":null,"route":null,"fieldCount":0,"format":"canonical","elapsedMs":800}
submit-lead: no Supabase credentials. Set SUPABASE_URL and SUPABASE_SECRET_KEY (or SUPABASE_SERVICE_ROLE_KEY) in the Netlify environment, scoped to Functions.
  ✓    40 [node] › tests/lead-endpoint.spec.ts:353:3 › POST /api/lead — spam and abuse › the spam gates run before validation, so a bot learns nothing (0ms)
  ✓    37 [node] › tests/lead-endpoint.spec.ts:364:3 › POST /api/lead — spam and abuse › rate limits repeated submissions from one address (1ms)
  ✓    39 [node] › tests/lead-endpoint.spec.ts:379:3 › POST /api/lead — spam and abuse › one address being limited does not limit anyone else (1ms)
  ✓    38 [node] › tests/lead-endpoint.spec.ts:346:3 › POST /api/lead — spam and abuse › drops a submission completed faster than a human could read it (0ms)
{"event":"reject","submissionId":"82f1bdd6-1eed-4bad-acf1-93a063910d8b","formType":null,"locale":null,"route":null,"fieldCount":0,"format":"canonical","code":"VALIDATION_FAILED"}
submit-lead: no Supabase credentials. Set SUPABASE_URL and SUPABASE_SECRET_KEY (or SUPABASE_SERVICE_ROLE_KEY) in the Netlify environment, scoped to Functions.
{"event":"stored","submissionId":"f1c68be1-1e7b-44d4-b675-4a1ac1e1b666","formType":"questionnaire","locale":"de","route":"/de/angebot.html","fieldCount":8,"leadId":"lead-1","format":"canonical"}
  ✓    41 [node] › tests/lead-endpoint.spec.ts:395:3 › POST /api/lead — what it never says › never carries the submitter address back (0ms)
  ✓    42 [node] › tests/lead-endpoint.spec.ts:388:3 › POST /api/lead — what it never says › never echoes anything back that could name a column or a table (0ms)
{"event":"reject","submissionId":"1312193a-acb2-4e62-8fca-dc114847fec2","formType":null,"locale":null,"route":null,"fieldCount":0,"format":"canonical","code":"UNSUPPORTED_FORM_TYPE"}
  ✓    43 [node] › tests/lead-endpoint.spec.ts:457:3 › POST /api/lead — the store › writes a normalised row, with the payload as data (3ms)
  ✓    44 [node] › tests/lead-endpoint.spec.ts:401:3 › POST /api/lead — what it never says › every failure carries a stable code and a safe message (2ms)
{"event":"stored","submissionId":"09839b1d-fae3-4144-a79e-3ffc629c0899","formType":"questionnaire","locale":"de","route":"/de/angebot.html","fieldCount":8,"leadId":"lead-2","format":"canonical"}
  ✓    45 [node] › tests/lead-endpoint.spec.ts:502:3 › POST /api/lead — the store › routes the enterprise branch by its locale-invariant identifier (1ms)
{"event":"stored","submissionId":"4a54202b-61e4-41a6-9613-7f0fd8f946d1","formType":"newsletter","locale":"hu","route":"/rolunk.html","fieldCount":1,"leadId":"lead-3","format":"canonical"}
submit-lead insert failed: 23502 null value in column "name" of relation "leads"
  ✓    47 [node] › tests/lead-endpoint.spec.ts:513:3 › POST /api/lead — the store › newsletter gets the stand-in name the NOT NULL column needs (1ms)
  ✓    46 [node] › tests/lead-endpoint.spec.ts:540:3 › POST /api/lead — the store › an insert failure is a 500 that names nothing (1ms)
{"event":"idempotent.replay","submissionId":"30065b2d-4364-4f3f-8384-8d27dd61380b","formType":"contact","locale":"hu","route":"/ugyfelszolgalat.html","fieldCount":8,"leadId":"lead-original"}
{"event":"stored","submissionId":"beb1ba5f-73d9-4b06-a981-29cfd8e1d69b","formType":"impact","locale":"en","route":null,"fieldCount":7,"leadId":"legacy-impact","format":"legacy"}
  ✓    48 [node] › tests/lead-endpoint.spec.ts:524:3 › POST /api/lead — the store › a duplicate submissionId returns the original lead, not a second one (0ms)
{"event":"stored","submissionId":"377d7844-d157-4917-b8b1-32a7df25e991","formType":"contact","locale":"hu","route":null,"fieldCount":5,"leadId":"legacy-contact","format":"legacy"}
{"event":"stored","submissionId":"b0441993-4c03-4c8d-a13e-4fea0c591c81","formType":"newsletter","locale":"hu","route":null,"fieldCount":2,"leadId":"legacy-newsletter","format":"legacy"}
{"event":"stored","submissionId":"22fa924f-4e4f-4cf0-9380-7d841a5cb618","formType":"questionnaire","locale":"de","route":null,"fieldCount":9,"leadId":"legacy-questionnaire","format":"legacy"}
  ✓    49 [node] › tests/lead-endpoint.spec.ts:611:5 › mixed-version rollout — the old client still works › a legacy impact request is accepted and stored (2ms)
  ✓    50 [node] › tests/lead-endpoint.spec.ts:611:5 › mixed-version rollout — the old client still works › a legacy contact request is accepted and stored (1ms)
  ✓    51 [node] › tests/lead-endpoint.spec.ts:611:5 › mixed-version rollout — the old client still works › a legacy newsletter request is accepted and stored (1ms)
{"event":"stored","submissionId":"f4ad986d-6b0e-4f97-9287-a6f326425ec2","formType":"newsletter","locale":"hu","route":null,"fieldCount":2,"leadId":"x","format":"legacy"}
  ✓    52 [node] › tests/lead-endpoint.spec.ts:611:5 › mixed-version rollout — the old client still works › a legacy questionnaire request is accepted and stored (1ms)
{"event":"stored","submissionId":"39af4a99-718c-4d28-b5bf-9db80d161968","formType":"contact","locale":"hu","route":null,"fieldCount":5,"leadId":"x","format":"legacy"}
  ✓    53 [node] › tests/lead-endpoint.spec.ts:640:3 › mixed-version rollout — the old client still works › a legacy newsletter gets the stand-in name, exactly as the old server did (0ms)
{"event":"stored","submissionId":"035ca1b1-29f3-4cc8-8618-0de8596042d1","formType":"contact","locale":"hu","route":null,"fieldCount":5,"leadId":"x","format":"legacy"}
  ✓    54 [node] › tests/lead-endpoint.spec.ts:648:3 › mixed-version rollout — the old client still works › a legacy body is not held to the new per-form schemas (0ms)
  ✓    55 [node] › tests/lead-endpoint.spec.ts:660:3 › mixed-version rollout — the old client still works › legacy over-long values are truncated, not rejected (0ms)
{"event":"reject","submissionId":"100afdb9-737b-4292-8067-4ea09e83f430","formType":null,"locale":null,"route":null,"fieldCount":0,"format":"legacy","code":"VALIDATION_FAILED"}
{"event":"reject","submissionId":"a9c52f21-fea8-4bab-a494-d7d475517705","formType":null,"locale":null,"route":null,"fieldCount":0,"format":"legacy","code":"VALIDATION_FAILED"}
{"event":"drop.honeypot","submissionId":"9bea672b-8b75-4579-86e1-0220aec59312","formType":null,"locale":null,"route":null,"fieldCount":0,"format":"legacy"}
{"event":"drop.tooFast","submissionId":"9eaab617-2535-4c41-9621-a5842b08420b","formType":null,"locale":null,"route":null,"fieldCount":0,"format":"legacy","elapsedMs":800}
{"event":"stored","submissionId":"6a07a3d7-0355-4f73-aeb2-7873f8108275","formType":"contact","locale":"hu","route":null,"fieldCount":5,"leadId":"x","format":"legacy"}
{"event":"fields.dropped","submissionId":"b80ab04a-1801-4468-afa5-a3b1b932c98b","formType":"contact","locale":"hu","route":null,"fieldCount":5,"format":"legacy","dropped":["status","ip_hash","id","created_at","submission_id","nonsense"]}
{"event":"stored","submissionId":"b80ab04a-1801-4468-afa5-a3b1b932c98b","formType":"contact","locale":"hu","route":null,"fieldCount":5,"leadId":"x","format":"legacy"}
  ✓    56 [node] › tests/lead-endpoint.spec.ts:671:3 › mixed-version rollout — the old client still works › legacy validation reproduces the old rules, and the old error shape (1ms)
  ✓    57 [node] › tests/lead-endpoint.spec.ts:685:3 › mixed-version rollout — the old client still works › legacy spam gates read the old field names (1ms)
  ✓    58 [node] › tests/lead-endpoint.spec.ts:696:3 › mixed-version rollout — the old client still works › the honeypot never reaches a column, in either contract (0ms)
  ✓    59 [node] › tests/lead-endpoint.spec.ts:706:3 › mixed-version rollout — the old client still works › an unknown legacy key cannot reach a column (1ms)
{"event":"fields.dropped","submissionId":"e86cf0bf-0933-441c-89b8-fc3542d24d97","formType":"contact","locale":"hu","route":"/ugyfelszolgalat.html","fieldCount":8,"format":"canonical","dropped":["status","surprise"]}
{"event":"stored","submissionId":"e86cf0bf-0933-441c-89b8-fc3542d24d97","formType":"contact","locale":"hu","route":"/ugyfelszolgalat.html","fieldCount":8,"leadId":"x","format":"canonical"}
submit-lead: no Supabase credentials. Set SUPABASE_URL and SUPABASE_SECRET_KEY (or SUPABASE_SERVICE_ROLE_KEY) in the Netlify environment, scoped to Functions.
  ✓    60 [node] › tests/lead-endpoint.spec.ts:732:3 › mixed-version rollout — the old client still works › an unknown *canonical* field is dropped without losing the submission (1ms)
submit-lead: no Supabase credentials. Set SUPABASE_URL and SUPABASE_SECRET_KEY (or SUPABASE_SERVICE_ROLE_KEY) in the Netlify environment, scoped to Functions.
{"event":"reject","submissionId":"13d9837d-a184-449d-8028-d118217eccb8","formType":null,"locale":null,"route":null,"fieldCount":0,"format":"canonical","code":"VALIDATION_FAILED"}
submit-lead: no Supabase credentials. Set SUPABASE_URL and SUPABASE_SECRET_KEY (or SUPABASE_SERVICE_ROLE_KEY) in the Netlify environment, scoped to Functions.
submit-lead: no Supabase credentials. Set SUPABASE_URL and SUPABASE_SECRET_KEY (or SUPABASE_SERVICE_ROLE_KEY) in the Netlify environment, scoped to Functions.
{"event":"reject","submissionId":"395c8c2e-5add-47cd-99dc-f311b70c6f86","formType":null,"locale":null,"route":null,"fieldCount":0,"format":"canonical","code":"VALIDATION_FAILED"}
{"event":"reject","submissionId":"8515ead9-10c9-435f-be13-9789bfb9b82c","formType":null,"locale":null,"route":null,"fieldCount":0,"format":"canonical","code":"UNSUPPORTED_FORM_TYPE"}
  ✓    61 [node] › tests/lead-endpoint.spec.ts:748:3 › mixed-version rollout — the old client still works › a body matching neither contract is refused (2ms)
{"event":"idempotent.replay","submissionId":"45371950-5f3b-46d0-87eb-87a4d08f45a2","formType":"contact","locale":"hu","route":"/ugyfelszolgalat.html","fieldCount":8,"leadId":"lead-original"}
  ✓    63 [node] › tests/lead-endpoint.spec.ts:778:3 › mixed-version rollout — the old client still works › canonical requests are unaffected by the adapter (1ms)
  ✓    62 [node] › tests/lead-endpoint.spec.ts:765:3 › mixed-version rollout — the old client still works › a half-built envelope is answered as an envelope, not as gibberish (1ms)
  ✓    64 [node] › tests/lead-endpoint.spec.ts:790:3 › mixed-version rollout — the old client still works › canonical idempotency still holds while the adapter is in place (0ms)
submit-lead: no Supabase credentials. Set SUPABASE_URL and SUPABASE_SECRET_KEY (or SUPABASE_SERVICE_ROLE_KEY) in the Netlify environment, scoped to Functions.
submit-lead: the Supabase client could not be created: Cannot find package '@supabase/supabase-js' imported from /var/task/submit-lead.mjs
{"event":"stored","submissionId":"b523f14e-ccc5-403a-b700-8dde2514dcb7","formType":"contact","locale":"hu","route":null,"fieldCount":5,"leadId":"x","format":"legacy"}
{"event":"stored","submissionId":"edea4b28-ce41-4be4-ba91-26b791f19be3","formType":"contact","locale":"hu","route":null,"fieldCount":5,"leadId":"x","format":"legacy"}
  ✓    65 [node] › tests/lead-endpoint.spec.ts:873:3 › POST /api/lead — the store cannot be reached › a store that returns null is the same clean 503 (0ms)
  ✓    66 [node] › tests/lead-endpoint.spec.ts:847:3 › POST /api/lead — the store cannot be reached › an SDK that will not load is a clean 503, not a stack trace (1ms)
  ✓    67 [node] › tests/lead-endpoint.spec.ts:805:3 › mixed-version rollout — the old client still works › two legacy requests are two leads — the documented limitation (1ms)
  ✓    68 [node] › tests/lead-notify.spec.ts:60:3 › with no transport configured › sends nothing and says so (2ms)
  ✓    71 [node] › tests/lead-notify.spec.ts:72:3 › with no transport configured › is the default, so an unconfigured deploy is silent rather than broken (1ms)
  ✓    70 [node] › tests/lead-notify.spec.ts:83:3 › the payload › carries the identifiers and the route (2ms)
  ✓    72 [node] › tests/lead-notify.spec.ts:121:3 › the payload › the field list is closed, not a filtered copy of the input (1ms)
  ✓    73 [node] › tests/lead-notify.spec.ts:132:3 › the payload › links to the Portal on the origin this deploy is serving (0ms)
  ✓    69 [node] › tests/lead-notify.spec.ts:96:3 › the payload › carries no personal data whatsoever (5ms)
lead-notify: LEAD_NOTIFY_WEBHOOK_URL must be https, got http:. Nothing was sent.
{"event":"notify.sent","leadId":"a1b2c3d4-0000-4000-8000-000000000001","formType":"contact"}
  ✓    75 [node] › tests/lead-notify.spec.ts:167:3 › the webhook transport › refuses a plain http endpoint (1ms)
lead-notify: LEAD_NOTIFY_WEBHOOK_URL is not a URL. Nothing was sent.
  ✓    74 [node] › tests/lead-notify.spec.ts:149:3 › the webhook transport › POSTs JSON to the configured endpoint (1ms)
  ✓    76 [node] › tests/lead-notify.spec.ts:137:3 › the payload › renders without configuration on a destination that only shows text (1ms)
  ✓    77 [node] › tests/lead-notify.spec.ts:181:3 › the webhook transport › refuses a URL that is not a URL (0ms)
lead-notify: https://hooks.example.com answered 500 for lead a1b2c3d4-0000-4000-8000-000000000001. The lead is stored; the notification is not.
lead-notify: https://hooks.example.com answered 404 for lead a1b2c3d4-0000-4000-8000-000000000001. The lead is stored; the notification is not.
lead-notify: unknown LEAD_NOTIFY_TRANSPORT "slack"; expected "none" or "webhook". Nothing was sent.
  ✓    79 [node] › tests/lead-notify.spec.ts:214:5 › never at the lead's expense › the destination answers 500: resolves false, never throws (1ms)
  ✓    80 [node] › tests/lead-notify.spec.ts:214:5 › never at the lead's expense › the destination answers 404: resolves false, never throws (1ms)
lead-notify: could not reach https://hooks.example.com for lead a1b2c3d4-0000-4000-8000-000000000001 — Error. The lead is stored; the notification is not.
  ✓    78 [node] › tests/lead-notify.spec.ts:189:3 › the webhook transport › refuses an unknown transport rather than guessing one (1ms)
  ✓    81 [node] › tests/lead-notify.spec.ts:214:5 › never at the lead's expense › the destination is unreachable: resolves false, never throws (1ms)
lead-notify: https://hooks.example.com answered 502 for lead a1b2c3d4-0000-4000-8000-000000000001. The lead is stored; the notification is not.
  ✓    82 [node] › tests/lead-notify.spec.ts:214:5 › never at the lead's expense › the destination answers with nonsense: resolves false, never throws (0ms)
{"event":"stored","submissionId":"7937445a-54a2-4cbb-b932-d61d8d4b0229","formType":"newsletter","locale":"hu","route":"/rolunk.html","fieldCount":1,"leadId":"lead-123","format":"canonical"}
  ✓    84 [node] › tests/lead-notify.spec.ts:260:3 › never at the lead's expense › a submission still succeeds when the notification fails (1ms)
  ✓    85 [node] › tests/portal-analytics.spec.ts:227:5 › method › POST is refused (75ms)
  ✓    87 [node] › tests/portal-analytics.spec.ts:227:5 › method › DELETE is refused (73ms)
  ✓    86 [node] › tests/portal-analytics.spec.ts:227:5 › method › PUT is refused (80ms)
  ✓    89 [node] › tests/portal-analytics.spec.ts:239:3 › authentication › no Authorization header is 401 (19ms)
  ✓    88 [node] › tests/portal-analytics.spec.ts:227:5 › method › PATCH is refused (28ms)
  ✓    90 [node] › tests/portal-analytics.spec.ts:246:5 › authentication › a malformed header ("") is 401 (15ms)
  ✓    91 [node] › tests/portal-analytics.spec.ts:246:5 › authentication › a malformed header ("Bearer") is 401 (11ms)
  ✓    92 [node] › tests/portal-analytics.spec.ts:246:5 › authentication › a malformed header ("Bearer ") is 401 (16ms)
  ✓    94 [node] › tests/portal-analytics.spec.ts:246:5 › authentication › a malformed header ("jwt-without-a-scheme") is 401 (17ms)
  ✓    93 [node] › tests/portal-analytics.spec.ts:246:5 › authentication › a malformed header ("Basic abc") is 401 (24ms)
  ✓    95 [node] › tests/portal-analytics.spec.ts:255:3 › authentication › a token Supabase rejects is 401 (15ms)
  ✓    96 [node] › tests/portal-analytics.spec.ts:261:3 › authentication › an identify() that throws is 401 and not a 500 (21ms)
  ✓    97 [node] › tests/portal-analytics.spec.ts:267:3 › authentication › every authentication failure gives the same message (12ms)
  ✓    98 [node] › tests/portal-analytics.spec.ts:288:5 › authorization › team_member holds a valid session and still cannot read the property (17ms)
  ✓    99 [node] › tests/portal-analytics.spec.ts:301:5 › authorization › super_admin may read it (12ms)
  ✓   100 [node] › tests/portal-analytics.spec.ts:288:5 › authorization › client holds a valid session and still cannot read the property (10ms)
  ✓   102 [node] › tests/portal-analytics.spec.ts:301:5 › authorization › admin may read it (9ms)
  ✓   101 [node] › tests/portal-analytics.spec.ts:308:3 › authorization › an unknown role is refused rather than allowed by default (11ms)
  ✓   103 [node] › tests/portal-analytics.spec.ts:319:5 › range › today is accepted (10ms)
  ✓   104 [node] › tests/portal-analytics.spec.ts:319:5 › range › 7d is accepted (10ms)
  ✓   106 [node] › tests/portal-analytics.spec.ts:319:5 › range › 90d is accepted (9ms)
  ✓   105 [node] › tests/portal-analytics.spec.ts:319:5 › range › 30d is accepted (11ms)
  ✓   107 [node] › tests/portal-analytics.spec.ts:328:5 › range › "28d" is refused before Google is touched (9ms)
  ✓   108 [node] › tests/portal-analytics.spec.ts:328:5 › range › "1d" is refused before Google is touched (10ms)
  ✓   109 [node] › tests/portal-analytics.spec.ts:328:5 › range › "all" is refused before Google is touched (9ms)
  ✓   110 [node] › tests/portal-analytics.spec.ts:328:5 › range › "../etc" is refused before Google is touched (10ms)
  ✓   111 [node] › tests/portal-analytics.spec.ts:328:5 › range › "2020-01-01" is refused before Google is touched (9ms)
  ✓   112 [node] › tests/portal-analytics.spec.ts:328:5 › range › "yesterday" is refused before Google is touched (10ms)
  ✓   113 [node] › tests/portal-analytics.spec.ts:328:5 › range › "__proto__" is refused before Google is touched (9ms)
  ✓   114 [node] › tests/portal-analytics.spec.ts:336:3 › range › an absent or empty range falls back to the default (9ms)
  ✓   115 [node] › tests/portal-analytics.spec.ts:348:3 › range › the comparison period is the same length, immediately before (10ms)
  ✓   117 [node] › tests/portal-analytics.spec.ts:370:3 › range › no date the caller supplies reaches Google (10ms)
  ✓   116 [node] › tests/portal-analytics.spec.ts:359:3 › range › today is charted by hour and a longer range by day (19ms)
  ✓   118 [node] › tests/portal-analytics.spec.ts:384:3 › environment › production is the default, and it is a real filter on hostName (11ms)
  ✓   119 [node] › tests/portal-analytics.spec.ts:403:3 › environment › staging is the complement, not a second allow-list (9ms)
  ✓   121 [node] › tests/portal-analytics.spec.ts:430:3 › environment › the production hosts are configurable without a deploy (9ms)
  ✓   120 [node] › tests/portal-analytics.spec.ts:414:3 › environment › all combines them, and says so rather than implying a filter (10ms)
  ✓   122 [node] › tests/portal-analytics.spec.ts:438:5 › environment › "prod" is refused before Google is touched (10ms)
  ✓   124 [node] › tests/portal-analytics.spec.ts:438:5 › environment › "ALL" is refused before Google is touched (11ms)
  ✓   123 [node] › tests/portal-analytics.spec.ts:438:5 › environment › "live" is refused before Google is touched (8ms)
  ✓   125 [node] › tests/portal-analytics.spec.ts:438:5 › environment › "../x" is refused before Google is touched (9ms)
  ✓   126 [node] › tests/portal-analytics.spec.ts:438:5 › environment › "" is refused before Google is touched (9ms)
  ✓   127 [node] › tests/portal-analytics.spec.ts:454:3 › environment › realtime is honest about not being filterable (10ms)
  ✓   128 [node] › tests/portal-analytics.spec.ts:463:3 › environment › each environment is cached separately (9ms)
  ✓   129 [node] › tests/portal-analytics.spec.ts:491:3 › the unconfigured state › names the variables that are missing, and only their names (9ms)
  ✓   130 [node] › tests/portal-analytics.spec.ts:480:3 › the unconfigured state › is a 200 with configured:false, not an error (8ms)
  ✓   131 [node] › tests/portal-analytics.spec.ts:504:3 › the unconfigured state › authentication is still required to learn it (8ms)
  ✓   132 [node] › tests/portal-analytics.spec.ts:512:3 › the unconfigured state › an unauthorised role learns it no more than an anonymous one (8ms)
  ✓   133 [node] › tests/portal-analytics.spec.ts:522:3 › the report › maps the headline figures, and a comparison period beside them (9ms)
  ✓   134 [node] › tests/portal-analytics.spec.ts:534:3 › the report › engagement is per active user, which is how GA4 defines it (9ms)
  ✓   136 [node] › tests/portal-analytics.spec.ts:543:3 › the report › counts lead events by name and divides by sessions (9ms)
  ✓   137 [node] › tests/portal-analytics.spec.ts:580:3 › the report › acquisition keeps source, medium and campaign apart (9ms)
  ✓   135 [node] › tests/portal-analytics.spec.ts:552:3 › the report › the funnel is built only from events the taxonomy defines (11ms)
  ✓   138 [node] › tests/portal-analytics.spec.ts:596:3 › the report › pages and landing pages are different questions with different joins (9ms)
  ✓   140 [node] › tests/portal-analytics.spec.ts:624:3 › the report › the trend is a series, in order, at the requested grain (8ms)
  ✓   139 [node] › tests/portal-analytics.spec.ts:612:3 › the report › devices carry their own conversion, which is the point of the split (9ms)
  ✓   141 [node] › tests/portal-analytics.spec.ts:633:3 › the report › realtime reports pages and events for the last thirty minutes (9ms)
  ✓   142 [node] › tests/portal-analytics.spec.ts:643:3 › the report › a rate with no sessions is null, not zero and not Infinity (9ms)
  ✓   143 [node] › tests/portal-analytics.spec.ts:654:3 › the report › says on every payload that the figures are consented traffic only (8ms)
  ✓   144 [node] › tests/portal-analytics.spec.ts:675:3 › the report › a malformed response is absorbed rather than propagated (9ms)
portal-analytics: realtime pages unavailable — realtime exploded
  ✓   145 [node] › tests/portal-analytics.spec.ts:659:3 › the report › a completely empty property reads as zeroes rather than crashing (9ms)
  ✓   146 [node] › tests/portal-analytics.spec.ts:700:3 › the report › realtime failing does not take the rest of the dashboard with it (9ms)
portal-analytics: GOOGLE private key is not valid PEM after normalization
portal-analytics: report failed — private key is not valid PEM
portal-analytics: report failed — boom
  ✓   147 [node] › tests/portal-analytics.spec.ts:732:3 › when Google fails › a key that will not sign is a 502, not a stack trace (8ms)
portal-analytics: report failed — PERMISSION_DENIED: reporting@example.iam.gserviceaccount.com lacks access to property 15392224433
  ✓   148 [node] › tests/portal-analytics.spec.ts:746:3 › when Google fails › a failure clears the token so the next attempt is not stuck on it (8ms)
  ✓   149 [node] › tests/portal-analytics.spec.ts:715:3 › when Google fails › the caller gets 502 and none of the detail (8ms)
  ✓   152 [node] › tests/portal-analytics.spec.ts:870:3 › the private key › Base64 wins over the escaped variable when both are set (25ms)
  ✓   150 [node] › tests/portal-analytics.spec.ts:826:3 › the private key › a Base64 key is decoded and signs a JWT the public key verifies (32ms)
portal-analytics: GOOGLE private key is not valid PEM after normalization
portal-analytics: report failed — private key is not valid PEM
portal-analytics: GOOGLE private key is not valid PEM after normalization
portal-analytics: report failed — private key is not valid PEM
portal-analytics: GOOGLE private key is not valid PEM after normalization
portal-analytics: report failed — private key is not valid PEM
  ✓   154 [node] › tests/portal-analytics.spec.ts:907:3 › the private key › an unusable key fails before anything is sent to Google (10ms)
  ✓   151 [node] › tests/portal-analytics.spec.ts:854:3 › the private key › Base64 survives newline mangling that defeats the escaped variable (51ms)
portal-analytics: GOOGLE private key is not valid PEM after normalization
portal-analytics: report failed — private key is not valid PEM
  ✓   156 [node] › tests/portal-analytics.spec.ts:965:3 › the cache › a second request inside the TTL does not call Google (9ms)
  ✓   153 [node] › tests/portal-analytics.spec.ts:890:3 › the private key › either variable alone is enough to count as configured (34ms)
  ✓   157 [node] › tests/portal-analytics.spec.ts:979:3 › the cache › nine sections cost four Google calls, not twelve (12ms)
  ✓   158 [node] › tests/portal-analytics.spec.ts:989:3 › the cache › each range is cached separately (13ms)
  ✓   155 [node] › tests/portal-analytics.spec.ts:920:3 › the private key › nothing about either variable is logged, or answered (31ms)
  ✓   160 [node] › tests/portal-analytics.spec.ts:1020:3 › the cache › an expired entry is refetched (9ms)
  ✓   159 [node] › tests/portal-analytics.spec.ts:1002:3 › the cache › realtime has a shorter life than the report it travels with (9ms)
  ✓   161 [node] › tests/portal-analytics.spec.ts:1034:3 › the cache › a cached payload is still refused to an account that may not read it (9ms)
  ✓   162 [node] › tests/portal-analytics.spec.ts:1068:3 › credentials › the response carries no personal data, because it carries no rows (10ms)
  ✓   164 [node] › tests/portal-analytics.spec.ts:1096:3 › credentials › the response is marked private and uncacheable (8ms)
  ✓   163 [node] › tests/portal-analytics.spec.ts:1049:3 › credentials › no response body contains one (9ms)
  ✓   165 [node] › tests/portal-analytics.spec.ts:1103:3 › credentials › no request leaves this process when the seams are mocked (8ms)
  ✓   167 [node] › tests/portal-health.spec.ts:91:5 › gates › POST is refused (2ms)
  ✓   166 [node] › tests/portal-analytics.spec.ts:1122:3 › credentials › the built portal bundle carries no Google identifier (12ms)
  ✓   168 [node] › tests/portal-health.spec.ts:91:5 › gates › DELETE is refused (2ms)
  ✓   169 [node] › tests/portal-health.spec.ts:91:5 › gates › PUT is refused (3ms)
  ✓   170 [node] › tests/portal-health.spec.ts:109:3 › gates › a token Supabase rejects is 401 (2ms)
  ✓   172 [node] › tests/portal-health.spec.ts:116:5 › gates › team_member holds a valid session and still cannot read it (3ms)
  ✓   171 [node] › tests/portal-health.spec.ts:98:3 › gates › an anonymous caller learns nothing at all (3ms)
  ✓   173 [node] › tests/portal-health.spec.ts:116:5 › gates › client holds a valid session and still cannot read it (2ms)
  ✓   174 [node] › tests/portal-health.spec.ts:126:5 › gates › super_admin may read it (2ms)
  ✓   175 [node] › tests/portal-health.spec.ts:126:5 › gates › admin may read it (2ms)
  ✓   176 [node] › tests/portal-health.spec.ts:142:3 › what it reports › a fully configured deployment is green across the board (3ms)
  ✓   177 [node] › tests/portal-health.spec.ts:168:3 › what it reports › a missing Google service account is unconfigured, not broken (3ms)
  ✓   178 [node] › tests/portal-health.spec.ts:191:3 › what it reports › a Supabase that is configured and not answering is unreachable (3ms)
  ✓   179 [node] › tests/portal-health.spec.ts:205:3 › what it reports › no Supabase configuration at all is unconfigured, and costs no request (2ms)
  ✓   180 [node] › tests/portal-health.spec.ts:223:3 › what it reports › notifications being off is neutral, not a fault (2ms)
  ✓   182 [node] › tests/portal-health.spec.ts:256:3 › what it reports › running outside Netlify reports the environment as local (3ms)
  ✓   181 [node] › tests/portal-health.spec.ts:241:3 › what it reports › a transport with nowhere to send is degraded (6ms)
  ✓   183 [node] › tests/portal-health.spec.ts:272:3 › credentials › never returns a value, only whether one exists (3ms)
  ✓   184 [node] › tests/portal-health.spec.ts:309:3 › credentials › the response is marked private and uncacheable (2ms)
  ✓   185 [node] › tests/portal-health.spec.ts:322:3 › credentials › the probe never reads a table (2ms)
  ✓   186 [node] › tests/redirects.spec.ts:90:3 › legacy redirect configuration (Netlify runtime validation pending deployment) › /book-online is declared as a 301 to the contact page (1ms)
  ✓   187 [node] › tests/redirects.spec.ts:125:3 › legacy redirect configuration (Netlify runtime validation pending deployment) › every declared redirect points at something that exists (1ms)
  ✓   188 [node] › tests/redirects.spec.ts:110:3 › legacy redirect configuration (Netlify runtime validation pending deployment) › the other two Wix Bookings entry points land on the same page (1ms)
  ✓   189 [node] › tests/structured-data.spec.ts:99:1 › a 404 publishes no structured data at all (2ms)
  ✓   192 [node] › tests/structured-data.spec.ts:113:1 › the experiment route is excluded on purpose, and is noindex (0ms)
  ✓   193 [node] › tests/structured-data.spec.ts:133:1 › every public page carries exactly one parseable JSON-LD block (16ms)
  ✓   190 [node] › tests/structured-data.spec.ts:228:1 › organisation identity is one entity, identical on every page (32ms)
  ✓   195 [node] › tests/structured-data.spec.ts:244:1 › no duplicate @id inside a page, and no conflicting entity across pages (48ms)
  ✓   194 [node] › tests/structured-data.spec.ts:144:1 › every URL in the graph is absolute, https, and on the site origin (215ms)
  ✓   197 [node] › tests/structured-data.spec.ts:302:1 › a draft or summary case study is never presented as a full case study (6ms)
  ✓   198 [node] › tests/structured-data.spec.ts:331:1 › a Service node describes a service and offers no price (4ms)
  ✓   199 [node] › tests/structured-data.spec.ts:344:1 › sameAs lists only profiles the site itself links to (0ms)
  ✓   196 [node] › tests/structured-data.spec.ts:266:1 › nothing claims a rating, a review, a price or an award (253ms)
  ✓   200 [node] › tests/structured-data.spec.ts:354:1 › the breadcrumb trail matches the one the page renders (76ms)
  ✓   201 [node] › tests/structured-data.spec.ts:283:1 › an article carries no invented publication date (14ms)
  ✓   202 [desktop-1440] › tests/analytics.spec.ts:166:3 › what the shipped build actually configures › every committed page carries the GA4 config, and it requires consent (4ms)
  ✓   203 [desktop-1440] › tests/analytics.spec.ts:186:3 › what the shipped build actually configures › the host allowlist excludes local, preview and the known-bad domain (3ms)
  ✓   204 [desktop-1440] › tests/analytics.spec.ts:203:3 › what the shipped build actually configures › the CSP permits gtag and nothing from the advertising side (1ms)
  ✓   191 [node] › tests/structured-data.spec.ts:162:1 › no Wix and no localhost origin is ever published (844ms)
  ✓   207 [node] › tests/structured-data.spec.ts:179:1 › every own-site URL is on the one origin this build resolved (133ms)
  ✓   208 [node] › tests/structured-data.spec.ts:202:1 › the page node self-references the page it is on (32ms)
  ✓   209 [node] › tests/structured-data.spec.ts:215:1 › the page name and description are the ones the page shows (15ms)
  ✓     3 [node] › tests/gate-independence.spec.ts:98:3 › hermetic run-output independence › a previous run's artefact cannot make the next run red, and an authored one still can (2.0s)
  ✓   206 [desktop-1440] › tests/analytics.spec.ts:239:3 › what the shipped build actually configures › the adapter stays inert without a valid config (524ms)
  ✓   205 [desktop-1440] › tests/analytics.spec.ts:222:3 › what the shipped build actually configures › the adapter refuses to run on a host that is not allowlisted (643ms)
lead-notify: could not reach https://hooks.example.com for lead a1b2c3d4-0000-4000-8000-000000000001 — TimeoutError. The lead is stored; the notification is not.
  ✓    83 [node] › tests/lead-notify.spec.ts:230:3 › never at the lead's expense › a hanging destination is abandoned rather than waited on (2.0s)
  ✓   210 [desktop-1440] › tests/analytics.spec.ts:303:3 › no personal data leaves the page › field_name is permitted, because a name is not a value (628ms)
  ✓   211 [desktop-1440] › tests/analytics.spec.ts:265:3 › no personal data leaves the page › every field the lead schema declares is refused as a parameter key (477ms)
  ✓   212 [desktop-1440] › tests/analytics.spec.ts:318:3 › no personal data leaves the page › no payload ever contains an @ or a phone-shaped string (747ms)
  ✓   215 [desktop-1440] › tests/analytics.spec.ts:353:3 › the taxonomy is actually emitted › a service page reports its identity, not its slug (499ms)
  ✓   213 [desktop-1440] › tests/analytics.spec.ts:284:3 › no personal data leaves the page › an event carrying a prohibited parameter is dropped whole (746ms)
  ✓   216 [desktop-1440] › tests/analytics.spec.ts:367:3 › the taxonomy is actually emitted › mid-page and closing CTAs are distinguishable (506ms)
  ✓   219 [desktop-1440] › tests/analytics.spec.ts:435:1 › the page-type table matches the one the reports use (470ms)
  ✓   217 [desktop-1440] › tests/analytics.spec.ts:388:3 › the taxonomy is actually emitted › article progress fires at most four times, once per threshold (1.8s)
  ✓   214 [desktop-1440] › tests/analytics.spec.ts:332:1 › measurement sets no cookie and writes no storage (2.0s)
  ✓   218 [desktop-1440] › tests/analytics.spec.ts:409:3 › the taxonomy is actually emitted › the questionnaire funnel is measured without a <form> (1.7s)
  ✓   220 [desktop-1440] › tests/analytics.spec.ts:478:3 › GA4 loads only after consent › nothing is contacted, stored or sent before an answer is given (6.0s)
  ✓   221 [desktop-1440] › tests/analytics.spec.ts:491:3 › GA4 loads only after consent › refusing loads nothing, and is remembered (5.8s)
  ✓   223 [desktop-1440] › tests/analytics.spec.ts:516:3 › GA4 loads only after consent › advertising storage is refused even when analytics is accepted (5.9s)
  ✓   222 [desktop-1440] › tests/analytics.spec.ts:504:3 › GA4 loads only after consent › accepting loads gtag, and only then (6.0s)
  ✓   224 [desktop-1440] › tests/analytics.spec.ts:536:3 › GA4 loads only after consent › withdrawal stops sending and clears the cookies (6.1s)
  ✓   227 [desktop-1440] › tests/analytics.spec.ts:606:3 › the consent interface › offers accept and refuse with equal weight (569ms)
  ✓   229 [desktop-1440] › tests/analytics.spec.ts:658:3 › the consent interface › does not block the page, and is reachable from the keyboard (510ms)
  ✓   228 [desktop-1440] › tests/analytics.spec.ts:644:3 › the consent interface › cannot be dismissed into implied consent (696ms)
  ✓   232 [desktop-1440] › tests/analytics.spec.ts:715:3 › the privacy policy describes the system that exists › declares no processor or tracker that is not implemented (2ms)
  ✓   233 [desktop-1440] › tests/analytics.spec.ts:735:3 › the privacy policy describes the system that exists › describes GA4 as consent-gated, and says consent can be withdrawn (1ms)
  ✓   234 [desktop-1440] › tests/analytics.spec.ts:750:3 › the privacy policy describes the system that exists › the cookie names it lists are the ones that can actually be set (1ms)
  ✓   235 [desktop-1440] › tests/analytics.spec.ts:763:3 › the privacy policy describes the system that exists › is flagged for legal review before launch (0ms)
  ✓   236 [desktop-1440] › tests/attribution.spec.ts:41:3 › attribution — the client allow-list › captures the five UTM parameters and the landing route (201ms)
  ✓   230 [desktop-1440] › tests/analytics.spec.ts:671:3 › the consent interface › the choice can be reopened and reversed from the footer (599ms)
  ✓   237 [desktop-1440] › tests/attribution.spec.ts:57:3 › attribution — the client allow-list › reads nothing else in the query string (163ms)
  ✓   238 [desktop-1440] › tests/attribution.spec.ts:76:3 › attribution — the client allow-list › reads no advertising click identifier (185ms)
  ✓   239 [desktop-1440] › tests/attribution.spec.ts:88:3 › attribution — the client allow-list › writes nothing for a visitor with no campaign and no referrer (189ms)
  ✓   240 [desktop-1440] › tests/attribution.spec.ts:94:3 › attribution — the client allow-list › strips characters a campaign label cannot contain, and caps length (230ms)
  ✓   241 [desktop-1440] › tests/attribution.spec.ts:106:3 › attribution — the client allow-list › the campaign survives an internal navigation, and is not overwritten by it (264ms)
  ✓   242 [desktop-1440] › tests/attribution.spec.ts:119:3 › attribution — the client allow-list › the landing route is a path, never a URL with a query string (160ms)
  ✓   231 [desktop-1440] › tests/analytics.spec.ts:686:3 › the consent interface › a remembered answer is not asked again (931ms)
  ✓   244 [desktop-1440] › tests/attribution.spec.ts:139:3 › attribution — the client allow-list › no cookie is set, and localStorage is untouched (236ms)
  ✓   246 [desktop-1440] › tests/attribution.spec.ts:189:3 › attribution — the server allow-list › declares the five UTM parameters and no click identifier (1ms)
  ✓   247 [desktop-1440] › tests/attribution.spec.ts:200:3 › attribution — the server allow-list › drops every key it does not declare (0ms)
  ✓   248 [desktop-1440] › tests/attribution.spec.ts:216:3 › attribution — the server allow-list › caps every attribution value at its declared length (0ms)
  ✓   249 [desktop-1440] › tests/attribution.spec.ts:225:3 › attribution — the server allow-list › refuses a host that is not a bare hostname (1ms)
  ✓   250 [desktop-1440] › tests/attribution.spec.ts:239:3 › attribution — the server allow-list › refuses a landing route that is not a same-site path (2ms)
  ✓   251 [desktop-1440] › tests/attribution.spec.ts:250:3 › attribution — the server allow-list › a malformed attribution value never fails the submission (0ms)
  ✓   243 [desktop-1440] › tests/attribution.spec.ts:127:3 › attribution — the client allow-list › nothing survives the session (391ms)
  ✓   252 [desktop-1440] › tests/harness.spec.ts:64:3 › the test environment itself › WebGL is available to this project at all (225ms)
  ✓   253 [desktop-1440] › tests/harness.spec.ts:73:3 › the test environment itself › the rasteriser is either hardware, or declared (260ms)
  ✓   255 [desktop-1440] › tests/homepage-chrome.spec.ts:295:3 › the homepage flight deck › the opening state is the full wordmark over a transparent header (363ms)
  ✓   256 [desktop-1440] › tests/homepage-chrome.spec.ts:315:3 › the homepage flight deck › desktop navigation is visible at the top and collapses into the trigger (790ms)
  ✓   225 [desktop-1440] › tests/analytics.spec.ts:555:3 › GA4 loads only after consent › staging traffic is distinguishable from production (5.9s)
  ✓   257 [desktop-1440] › tests/homepage-chrome.spec.ts:337:3 › the homepage flight deck › the journey state compacts the wordmark and keeps the header short (1.3s)
  ✓   226 [desktop-1440] › tests/analytics.spec.ts:571:3 › GA4 loads only after consent › the queue is discarded on refusal, not replayed later (6.1s)
  ✓   258 [desktop-1440] › tests/homepage-chrome.spec.ts:378:3 › the homepage flight deck › the destination state resolves near the end and reveals the CTA (749ms)
  ✓   245 [desktop-1440] › tests/attribution.spec.ts:150:3 › attribution — what reaches the envelope › the submitted envelope carries the campaign and the host, and no query string (3.6s)
  ✓   254 [desktop-1440] › tests/harness.spec.ts:106:3 › the test environment itself › the page is getting a usable frame rate (3.5s)
  ✓   260 [desktop-1440] › tests/homepage-chrome.spec.ts:415:3 › the homepage flight deck › a single jump lands on the right state, not one short of it (1.6s)
  ✓   264 [desktop-1440] › tests/homepage-chrome.spec.ts:499:3 › the homepage flight deck › the altitude readout is hidden from assistive technology (272ms)
  ✓   259 [desktop-1440] › tests/homepage-chrome.spec.ts:398:3 › the homepage flight deck › the states are reversible and the top of the page is always the opening state (2.2s)
  ✓   262 [desktop-1440] › tests/homepage-chrome.spec.ts:459:3 › the homepage flight deck › the header prints the journey altitude, not an altitude of its own (1.8s)
  ✓   266 [desktop-1440] › tests/homepage-chrome.spec.ts:528:3 › the full-screen menu on the homepage › the trigger names itself and points at the layer it controls (395ms)
  ✓   267 [desktop-1440] › tests/homepage-chrome.spec.ts:543:3 › the full-screen menu on the homepage › ESC closes it and focus goes back to the trigger (623ms)
  ✓   268 [desktop-1440] › tests/homepage-chrome.spec.ts:559:3 › the full-screen menu on the homepage › focus is trapped inside the layer while it is open (586ms)
  ✓   261 [desktop-1440] › tests/homepage-chrome.spec.ts:437:3 › the homepage flight deck › the header does not chatter when the visitor hovers on a boundary (2.9s)
  ✓   263 [desktop-1440] › tests/homepage-chrome.spec.ts:482:3 › the homepage flight deck › the readout names the stage the journey reports (2.3s)
  ✓   272 [desktop-1440] › tests/homepage-chrome.spec.ts:683:3 › the full-screen menu on the homepage › the destinations are ordinary links and they navigate (912ms)
  ✓   269 [desktop-1440] › tests/homepage-chrome.spec.ts:609:3 › the full-screen menu on the homepage › the close control closes it (1.6s)
  ✓   270 [desktop-1440] › tests/homepage-chrome.spec.ts:620:3 › the full-screen menu on the homepage › body scroll is locked while open and fully released after (1.8s)
  ✓   265 [desktop-1440] › tests/homepage-chrome.spec.ts:511:3 › the full-screen menu on the homepage › opens from every header state (3.0s)
  ✓   276 [desktop-1440] › tests/homepage-chrome.spec.ts:762:3 › the Arrival sequence and the ground-control footer › Arrival closes the journey with the real ceiling and both actions (290ms)
  ✓   273 [desktop-1440] › tests/homepage-chrome.spec.ts:704:3 › return to 0 m › is a real control with an accessible name, and it returns the page (1.3s)
  ✓   274 [desktop-1440] › tests/homepage-chrome.spec.ts:729:3 › return to 0 m › focus is not lost on the way up (998ms)
  ✓   278 [desktop-1440] › tests/homepage-chrome.spec.ts:862:3 › the Arrival sequence and the ground-control footer › it is the same footer the subpages carry, not a homepage copy (450ms)
  ✓   275 [desktop-1440] › tests/homepage-chrome.spec.ts:745:3 › return to 0 m › under reduced motion it arrives immediately (1.0s)
  ✓   277 [desktop-1440] › tests/homepage-chrome.spec.ts:790:3 › the Arrival sequence and the ground-control footer › the footer is a landmark with headed groups, contact and legal links (645ms)
  ✓   279 [desktop-1440] › tests/homepage-chrome.spec.ts:875:3 › the Arrival sequence and the ground-control footer › the homepage menu leads where the subpage menu leads (535ms)
  ✓   281 [desktop-1440] › tests/homepage-chrome.spec.ts:895:3 › the Arrival sequence and the ground-control footer › the homepage introduces no duplicate ids (291ms)
  ✓   280 [desktop-1440] › tests/homepage-chrome.spec.ts:885:3 › the Arrival sequence and the ground-control footer › the homepage header row leads where the subpage header row leads (407ms)
  ✓   271 [desktop-1440] › tests/homepage-chrome.spec.ts:647:3 › the full-screen menu on the homepage › opening the menu does not walk the journey back down the mountain (3.3s)
  ✓   284 [desktop-1440] › tests/homepage-chrome.spec.ts:935:5 › the chrome speaks the page’s language › en: header, menu, Arrival and footer are all in en (427ms)
  ✓   283 [desktop-1440] › tests/homepage-chrome.spec.ts:935:5 › the chrome speaks the page’s language › hu: header, menu, Arrival and footer are all in hu (585ms)
  ✓   282 [desktop-1440] › tests/homepage-chrome.spec.ts:910:3 › the Arrival sequence and the ground-control footer › every chrome link on the homepage resolves (772ms)
  ✓   285 [desktop-1440] › tests/homepage-chrome.spec.ts:935:5 › the chrome speaks the page’s language › de: header, menu, Arrival and footer are all in de (462ms)
  ✓   286 [desktop-1440] › tests/homepage-chrome.spec.ts:963:3 › reduced motion › the chrome is complete and immediately usable without animation (465ms)
  ✓   287 [desktop-1440] › tests/homepage-chrome.spec.ts:978:3 › reduced motion › the menu opens directly, with no spatial delay (439ms)
  ✓   291 [desktop-1440] › tests/homepage-chrome.spec.ts:1090:5 › responsive smoke › the chrome fits and never scrolls sideways at 1024x768 (838ms)
  ✓   290 [desktop-1440] › tests/homepage-chrome.spec.ts:1054:3 › lifecycle › the header binds exactly one scroll listener and no permanent loop (1.2s)
  ✓   288 [desktop-1440] › tests/homepage-chrome.spec.ts:995:3 › lifecycle › navigating away and back leaves nothing behind (1.4s)
  ✓   292 [desktop-1440] › tests/homepage-chrome.spec.ts:1090:5 › responsive smoke › the chrome fits and never scrolls sideways at 375x812 (1.1s)
  ✓   289 [desktop-1440] › tests/homepage-chrome.spec.ts:1034:3 › lifecycle › a subpage reached from the homepage carries the same working header (1.5s)
  ✓   293 [desktop-1440] › tests/homepage-chrome.spec.ts:1090:5 › responsive smoke › the chrome fits and never scrolls sideways at 360x800 (685ms)
  ✓   294 [desktop-1440] › tests/homepage-chrome.spec.ts:1090:5 › responsive smoke › the chrome fits and never scrolls sideways at 844x390 landscape (767ms)
  ✓   295 [desktop-1440] › tests/homepage-chrome.spec.ts:1116:3 › responsive smoke › the chrome survives 200% zoom and increased text spacing (664ms)
  ✓   296 [desktop-1440] › tests/lead-forms.spec.ts:100:3 › contact form › a valid submission reaches /api/lead with every field mapped (3.8s)
  ✓   297 [desktop-1440] › tests/lead-forms.spec.ts:129:3 › contact form › shows the success state and clears the form (3.9s)
  ✓   299 [desktop-1440] › tests/lead-forms.spec.ts:150:3 › contact form › shows the rate-limited state on 429 and lets the visitor retry (3.5s)
  ✓   300 [desktop-1440] › tests/lead-forms.spec.ts:163:3 › contact form › shows a generic server-error state on 500 (3.5s)
  ✓   298 [desktop-1440] › tests/lead-forms.spec.ts:141:3 › contact form › shows a submitting state while the request is in flight (5.2s)
  ✓   301 [desktop-1440] › tests/lead-forms.spec.ts:177:3 › contact form › surfaces the server's own validation message on 422 (3.6s)
  ✓   304 [desktop-1440] › tests/lead-forms.spec.ts:227:3 › contact form › an empty form never reaches the network (4.3s)
  ✓   305 [desktop-1440] › tests/lead-forms.spec.ts:234:3 › contact form › carries a filled honeypot through untouched, for the server to drop (3.6s)
  ✓   302 [desktop-1440] › tests/lead-forms.spec.ts:194:3 › contact form › rejects a malformed address in the page, before the network (5.7s)
  ✓   303 [desktop-1440] › tests/lead-forms.spec.ts:211:3 › contact form › rejects a submission with no name at all (5.7s)
  ✓   308 [desktop-1440] › tests/lead-forms.spec.ts:277:3 › contact form › a network failure shows the failure state and keeps everything typed (3.6s)
  ✓   311 [desktop-1440] › tests/lead-forms.spec.ts:337:3 › contact form › the honeypot is hidden from sight and from the tab order (215ms)
  ✓   309 [desktop-1440] › tests/lead-forms.spec.ts:289:3 › contact form › a retry after a failure re-sends the same submission id (3.7s)
  ✓   306 [desktop-1440] › tests/lead-forms.spec.ts:247:3 › contact form › a double click produces exactly one request (6.1s)
  ✓   307 [desktop-1440] › tests/lead-forms.spec.ts:261:3 › contact form › Enter in a text field cannot slip a second request past the disabled button (6.0s)
  ✓   312 [desktop-1440] › tests/lead-forms.spec.ts:365:3 › the minimum fill wait › a backward wall-clock step during the wait cannot under-report the fill time (3.6s)
  ✓   313 [desktop-1440] › tests/lead-forms.spec.ts:412:3 › the minimum fill wait › the wait clears the drop threshold with headroom rather than landing on it (3.5s)
  ✓   314 [desktop-1440] › tests/lead-forms.spec.ts:434:3 › newsletter › subscribes with only an address, as its own source (3.5s)
  ✓   310 [desktop-1440] › tests/lead-forms.spec.ts:318:3 › contact form › a fresh enquiry after a success gets a new submission id (7.5s)
  ✓   319 [desktop-1440] › tests/lead-forms.spec.ts:587:3 › the deployed bundle › contains no Web3Forms endpoint, and no access key (34ms)
  ✓   320 [desktop-1440] › tests/lead-forms.spec.ts:616:3 › the deployed bundle › the shipped controller measures the fill window on a clock that cannot move (0ms)
  ✓   321 [desktop-1440] › tests/lead-forms.spec.ts:632:3 › the deployed bundle › every public form posts to the internal endpoint (5ms)
  ✓   322 [desktop-1440] › tests/lead-forms.spec.ts:679:5 › the newsletter does not claim to send anything › /rolunk.html offers the form without promising delivery (244ms)
  ✓   323 [desktop-1440] › tests/lead-forms.spec.ts:679:5 › the newsletter does not claim to send anything › /en/about.html offers the form without promising delivery (232ms)
  ✓   315 [desktop-1440] › tests/lead-forms.spec.ts:457:3 › newsletter › the blog signup posts to the same endpoint (3.5s)
  ✓   324 [desktop-1440] › tests/lead-forms.spec.ts:679:5 › the newsletter does not claim to send anything › /de/ueber-uns.html offers the form without promising delivery (244ms)
  ✓   325 [desktop-1440] › tests/lead-forms.spec.ts:679:5 › the newsletter does not claim to send anything › /blog.html offers the form without promising delivery (188ms)
  ✓   326 [desktop-1440] › tests/lead-forms.spec.ts:679:5 › the newsletter does not claim to send anything › /en/blog.html offers the form without promising delivery (218ms)
  ✓   327 [desktop-1440] › tests/lead-forms.spec.ts:679:5 › the newsletter does not claim to send anything › /de/blog.html offers the form without promising delivery (227ms)
  -   328 [desktop-1440] › tests/mobile-homepage-simple.spec.ts:190:3 › portrait mobile — the composition that runs › a phone gets the simple composition and exactly one canvas
  -   329 [desktop-1440] › tests/mobile-homepage-simple.spec.ts:211:3 › portrait mobile — the composition that runs › the Altimeter GLB is loaded and nothing else from the old scene is
  -   330 [desktop-1440] › tests/mobile-homepage-simple.spec.ts:236:3 › portrait mobile — the composition that runs › the renderer is not requested at all when there is no WebGL
  -   331 [desktop-1440] › tests/mobile-homepage-simple.spec.ts:315:3 › portrait mobile — the composition that runs › the document scrolls itself
  -   332 [desktop-1440] › tests/mobile-homepage-simple.spec.ts:347:3 › portrait mobile — the composition that runs › nothing moves the scroll position on the page's behalf
  -   333 [desktop-1440] › tests/mobile-homepage-simple.spec.ts:406:3 › portrait mobile — the composition that runs › the page stops when the scroll stops
  -   334 [desktop-1440] › tests/mobile-homepage-simple.spec.ts:435:3 › portrait mobile — the composition itself › every section starts near its own top
  -   335 [desktop-1440] › tests/mobile-homepage-simple.spec.ts:462:3 › portrait mobile — the composition itself › no section is a tall empty spacer
  -   336 [desktop-1440] › tests/mobile-homepage-simple.spec.ts:503:3 › portrait mobile — the composition itself › nothing paints an opaque plate across the altimeter
  -   337 [desktop-1440] › tests/mobile-homepage-simple.spec.ts:540:3 › portrait mobile — the composition itself › there is one altitude readout, not two
  -   338 [desktop-1440] › tests/mobile-homepage-simple.spec.ts:553:3 › portrait mobile — the composition itself › the telemetry stays visible and above the copy
  -   339 [desktop-1440] › tests/mobile-homepage-simple.spec.ts:591:3 › portrait mobile — the composition itself › the altitude advances with the document and settles at the ceiling
  -   340 [desktop-1440] › tests/mobile-homepage-simple.spec.ts:608:3 › portrait mobile — the composition itself › every reveal completes
  -   342 [desktop-1440] › tests/mobile-homepage-simple.spec.ts:638:3 › portrait mobile — lifecycle › the menu opens, locks only while it is open, and leaves the ascent where it was
  -   341 [desktop-1440] › tests/mobile-homepage-simple.spec.ts:623:3 › portrait mobile — the composition itself › the closing action is reachable at the bottom of the page
  ✓   316 [desktop-1440] › tests/lead-forms.spec.ts:472:3 › Impact Program application › maps the application into the lead schema (3.9s)
  -   343 [desktop-1440] › tests/mobile-homepage-simple.spec.ts:755:3 › portrait mobile — lifecycle › the menu closes on the burger too, and traps Tab while it is open
  -   344 [desktop-1440] › tests/mobile-homepage-simple.spec.ts:818:3 › portrait mobile — lifecycle › a back navigation comes back with a live, agreeing readout
  -   346 [desktop-1440] › tests/mobile-homepage-simple.spec.ts:884:3 › portrait mobile — lifecycle › browser chrome collapsing does not move the composition
  -   345 [desktop-1440] › tests/mobile-homepage-simple.spec.ts:913:3 › portrait mobile — lifecycle › a rotation keeps the mobile composition
  -   347 [desktop-1440] › tests/mobile-homepage-simple.spec.ts:936:3 › portrait mobile — reduced motion › everything is present and nothing travels
  -   348 [desktop-1440] › tests/mobile-homepage-simple.spec.ts:968:3 › portrait mobile — reduced motion › the real instrument stays, and stops moving
  -   349 [desktop-1440] › tests/mobile-homepage-simple.spec.ts:1034:3 › portrait mobile — the 3D instrument › nothing renders while the page is idle
  -   350 [desktop-1440] › tests/mobile-homepage-simple.spec.ts:1070:3 › portrait mobile — the 3D instrument › nothing renders while the instrument is deliberately hidden
  -   351 [desktop-1440] › tests/mobile-homepage-simple.spec.ts:1089:3 › portrait mobile — the 3D instrument › the instrument is still there, still reading, and never on the readout
  -   352 [desktop-1440] › tests/mobile-homepage-simple.spec.ts:1204:3 › portrait mobile — the 3D instrument › the instrument adds no scroll listener of its own
  -   353 [desktop-1440] › tests/mobile-homepage-simple.spec.ts:1246:3 › portrait mobile — the 3D instrument › the slot has a fixed box that the instrument cannot change
  ✓   355 [desktop-1440] › tests/not-found.spec.ts:35:5 › 404 (hu) › is in the right language and says what happened (173ms)
  ✓   356 [desktop-1440] › tests/not-found.spec.ts:42:5 › 404 (hu) › offers Home, Services, Work and Contact, and they resolve (215ms)
  ✓   354 [desktop-1440] › tests/mobile-homepage-simple.spec.ts:1294:3 › desktop — the composition that must not have changed › a desktop viewport still gets the cinematic journey and its terrain (692ms)
  ✓   358 [desktop-1440] › tests/not-found.spec.ts:67:5 › 404 (hu) › offers no search field it cannot honour (210ms)
  ✓   359 [desktop-1440] › tests/not-found.spec.ts:74:5 › 404 (hu) › is noindex, and claims nothing about a page that does not exist (176ms)
  ✓   361 [desktop-1440] › tests/not-found.spec.ts:35:5 › 404 (en) › is in the right language and says what happened (148ms)
  ✓   362 [desktop-1440] › tests/not-found.spec.ts:42:5 › 404 (en) › offers Home, Services, Work and Contact, and they resolve (175ms)
  ✓   360 [desktop-1440] › tests/not-found.spec.ts:82:5 › 404 (hu) › loads no homepage WebGL and stays inside the viewport (687ms)
  ✓   364 [desktop-1440] › tests/not-found.spec.ts:67:5 › 404 (en) › offers no search field it cannot honour (175ms)
  ✓   365 [desktop-1440] › tests/not-found.spec.ts:74:5 › 404 (en) › is noindex, and claims nothing about a page that does not exist (145ms)
  ✓   357 [desktop-1440] › tests/not-found.spec.ts:58:5 › 404 (hu) › sends nobody anywhere on its own (1.7s)
  ✓   367 [desktop-1440] › tests/not-found.spec.ts:35:5 › 404 (de) › is in the right language and says what happened (144ms)
  ✓   368 [desktop-1440] › tests/not-found.spec.ts:42:5 › 404 (de) › offers Home, Services, Work and Contact, and they resolve (162ms)
  ✓   366 [desktop-1440] › tests/not-found.spec.ts:82:5 › 404 (en) › loads no homepage WebGL and stays inside the viewport (675ms)
  ✓   370 [desktop-1440] › tests/not-found.spec.ts:67:5 › 404 (de) › offers no search field it cannot honour (144ms)
  ✓   371 [desktop-1440] › tests/not-found.spec.ts:74:5 › 404 (de) › is noindex, and claims nothing about a page that does not exist (144ms)
  ✓   363 [desktop-1440] › tests/not-found.spec.ts:58:5 › 404 (en) › sends nobody anywhere on its own (1.7s)
  ✓   373 [desktop-1440] › tests/portal-control-room.spec.ts:39:3 › the shell › the primary navigation is the products, in order (0ms)
  ✓   374 [desktop-1440] › tests/portal-control-room.spec.ts:60:3 › the shell › records are a separate, subordinate group (3ms)
  ✓   375 [desktop-1440] › tests/portal-control-room.spec.ts:85:3 › the shell › every navigation item is capability-guarded (0ms)
  ✓   376 [desktop-1440] › tests/portal-control-room.spec.ts:93:3 › the shell › the active route is marked by state, not only by colour (0ms)
  ✓   377 [desktop-1440] › tests/portal-control-room.spec.ts:102:3 › the shell › the sidebar footer shows the environment, the identity and sign out (0ms)
  ✓   378 [desktop-1440] › tests/portal-control-room.spec.ts:110:3 › the shell › the command bar carries the page heading and the global scope only (0ms)
  ✓   379 [desktop-1440] › tests/portal-control-room.spec.ts:123:3 › the shell › the mobile drawer is still a focus-trapped dialog (1ms)
  ✓   380 [desktop-1440] › tests/portal-control-room.spec.ts:138:3 › routes › the four products and the lead detail all have routes (0ms)
  ✓   381 [desktop-1440] › tests/portal-control-room.spec.ts:145:3 › routes › every route behind the shell is capability-guarded (0ms)
  ✓   382 [desktop-1440] › tests/portal-control-room.spec.ts:155:3 › routes › the whole shell is behind the session guard (0ms)
  ✓   383 [desktop-1440] › tests/portal-control-room.spec.ts:159:3 › routes › System is a distinct capability from Analytics (0ms)
  ✓   384 [desktop-1440] › tests/portal-control-room.spec.ts:175:3 › the Dashboard hierarchy › the six sections appear in the prescribed order (1ms)
  ✓   385 [desktop-1440] › tests/portal-control-room.spec.ts:192:3 › the Dashboard hierarchy › the executive summary is one surface, not five cards (0ms)
  ✓   386 [desktop-1440] › tests/portal-control-room.spec.ts:204:3 › the Dashboard hierarchy › Traffic takes eight columns and Live takes four (0ms)
  ✓   387 [desktop-1440] › tests/portal-control-room.spec.ts:209:3 › the Dashboard hierarchy › yellow is scarce: it marks live, the last funnel stage and nothing else (0ms)
  ✓   388 [desktop-1440] › tests/portal-control-room.spec.ts:231:3 › the Dashboard hierarchy › the system status on the Dashboard is one line, not the full readout (0ms)
  ✓   389 [desktop-1440] › tests/portal-control-room.spec.ts:238:3 › the Dashboard hierarchy › attention items are derived from data, never invented (1ms)
  ✓   390 [desktop-1440] › tests/portal-control-room.spec.ts:260:3 › zero, empty, unavailable and not configured are four things › the primitive names all four and refuses to conflate them (0ms)
  ✓   391 [desktop-1440] › tests/portal-control-room.spec.ts:268:3 › zero, empty, unavailable and not configured are four things › an unconfigured analytics property never renders as a zero (0ms)
  ✓   392 [desktop-1440] › tests/portal-control-room.spec.ts:283:3 › zero, empty, unavailable and not configured are four things › every screen distinguishes not-connected from empty (0ms)
  ✓   393 [desktop-1440] › tests/portal-control-room.spec.ts:290:3 › zero, empty, unavailable and not configured are four things › no screen ships a plausible hard-coded figure (3ms)
  ✓   394 [desktop-1440] › tests/portal-control-room.spec.ts:312:3 › Leads is one table, and the detail is a route › the status summary is one strip of real counts (0ms)
  ✓   395 [desktop-1440] › tests/portal-control-room.spec.ts:319:3 › Leads is one table, and the detail is a route › the control row offers the filters the brief asks for (0ms)
  ✓   396 [desktop-1440] › tests/portal-control-room.spec.ts:327:3 › Leads is one table, and the detail is a route › filter options are built from the rows, not hard-coded (0ms)
  ✓   397 [desktop-1440] › tests/portal-control-room.spec.ts:335:3 › Leads is one table, and the detail is a route › a row is clickable AND carries a real link (0ms)
  ✓   398 [desktop-1440] › tests/portal-control-room.spec.ts:341:3 › Leads is one table, and the detail is a route › the leads list carries no analytics dashboard (0ms)
  ✓   399 [desktop-1440] › tests/portal-control-room.spec.ts:346:3 › Leads is one table, and the detail is a route › the detail is an 8/4 split with the metadata on the right (0ms)
  ✓   400 [desktop-1440] › tests/portal-control-room.spec.ts:355:3 › Leads is one table, and the detail is a route › the detail no longer fights a table for its width (0ms)
  ✓   401 [desktop-1440] › tests/portal-control-room.spec.ts:370:3 › System is diagnostics and nothing else › it reports states, and states are all it can hold (0ms)
  ✓   402 [desktop-1440] › tests/portal-control-room.spec.ts:377:3 › System is diagnostics and nothing else › it never renders a secret, and has no field that could hold one (1ms)
  ✓   403 [desktop-1440] › tests/portal-control-room.spec.ts:403:3 › System is diagnostics and nothing else › it is not a second business dashboard (1ms)
  ✓   404 [desktop-1440] › tests/portal-control-room.spec.ts:413:3 › one design system › there are three surfaces and the tokens name them (1ms)
  ✓   405 [desktop-1440] › tests/portal-control-room.spec.ts:420:3 › one design system › the fonts are the self-hosted three, and no Google Fonts link returns (1ms)
  ✓   406 [desktop-1440] › tests/portal-control-room.spec.ts:432:3 › one design system › the mark is the only Aboreto in the product (3ms)
  ✓   407 [desktop-1440] › tests/portal-control-room.spec.ts:453:3 › one design system › charts share one system and no chart library was added (1ms)
  ✓   408 [desktop-1440] › tests/portal-control-room.spec.ts:465:3 › one design system › the typographic ladder is six levels and they are defined once (1ms)
  ✓   409 [desktop-1440] › tests/portal-control-room.spec.ts:476:3 › what the built artefact does › the shell boots and the sign-in page is what an anonymous visitor gets (109ms)
  ✓   410 [desktop-1440] › tests/portal-control-room.spec.ts:489:3 › what the built artefact does › the lead detail route is guarded like the list (111ms)
  ✓   411 [desktop-1440] › tests/portal-control-room.spec.ts:499:3 › what the built artefact does › the System route is guarded (109ms)
  ✓   412 [desktop-1440] › tests/portal-control-room.spec.ts:513:3 › what the built artefact does › no bundle carries a Google identifier or a service role key (6ms)
  ✓   372 [desktop-1440] › tests/not-found.spec.ts:82:5 › 404 (de) › loads no homepage WebGL and stays inside the viewport (678ms)
  ✓   414 [desktop-1440] › tests/portal-revenue.spec.ts:61:3 › money › an exact figure is grouped with spaces and carries its unit (1ms)
  ✓   415 [desktop-1440] › tests/portal-revenue.spec.ts:68:3 › money › grouping is not locale-dependent (0ms)
  ✓   416 [desktop-1440] › tests/portal-revenue.spec.ts:78:3 › money › a missing figure is null, and is never zero (0ms)
  ✓   417 [desktop-1440] › tests/portal-revenue.spec.ts:87:3 › money › a compact figure trims decimals that are always zero (1ms)
  ✓   418 [desktop-1440] › tests/portal-revenue.spec.ts:94:3 › money › a negative figure uses a minus sign, not a hyphen (0ms)
  ✓   419 [desktop-1440] › tests/portal-revenue.spec.ts:102:3 › money › two currencies are never added together (1ms)
  ✓   420 [desktop-1440] › tests/portal-revenue.spec.ts:127:3 › money › an empty book has no primary total at all (0ms)
  ✓   421 [desktop-1440] › tests/portal-revenue.spec.ts:133:3 › money › percent is a percent (0ms)
  ✓   422 [desktop-1440] › tests/portal-revenue.spec.ts:139:3 › money › nothing in the money module converts between currencies (0ms)
  ✓   423 [desktop-1440] › tests/portal-revenue.spec.ts:153:3 › the pipeline › there are six stages and they are not twenty (2ms)
  ✓   424 [desktop-1440] › tests/portal-revenue.spec.ts:162:3 › the pipeline › the stage probabilities are the documented operational defaults (0ms)
  ✓   425 [desktop-1440] › tests/portal-revenue.spec.ts:173:3 › the pipeline › the defaults are documented as defaults, in the code and in the schema (0ms)
  ✓   426 [desktop-1440] › tests/portal-revenue.spec.ts:180:3 › the pipeline › weighted value is value times probability, and null when there is no value (0ms)
  ✓   413 [desktop-1440] › tests/portal-control-room.spec.ts:526:3 › what the built artefact does › nothing scrolls sideways at any tested width (113ms)
  ✓   427 [desktop-1440] › tests/portal-revenue.spec.ts:204:3 › the pipeline › the stage distribution is the open stages, in pipeline order (2ms)
  ✓   428 [desktop-1440] › tests/portal-revenue.spec.ts:227:3 › the pipeline › the pipeline and the forecast are the database aggregate, unchanged (0ms)
  ✓   429 [desktop-1440] › tests/portal-revenue.spec.ts:241:3 › the pipeline › the win rate is won over closed — and is unknown, not zero, before anything closes (0ms)
  ✓   430 [desktop-1440] › tests/portal-revenue.spec.ts:215:3 › the pipeline › a stage holding two currencies withholds its total rather than adding them (0ms)
  ✓   431 [desktop-1440] › tests/portal-revenue.spec.ts:253:3 › the pipeline › the average won deal is per currency and never across (0ms)
  ✓   432 [desktop-1440] › tests/portal-revenue.spec.ts:263:3 › the pipeline › counts come out of the aggregate rather than out of a loaded table (0ms)
  ✓   433 [desktop-1440] › tests/portal-revenue.spec.ts:274:3 › project contribution › contribution is value minus direct costs, and margin is its share (0ms)
  ✓   434 [desktop-1440] › tests/portal-revenue.spec.ts:287:3 › project contribution › a project with no recorded costs has NO contribution, not a full one (0ms)
  ✓   435 [desktop-1440] › tests/portal-revenue.spec.ts:301:3 › project contribution › an hourly figure needs hours above zero, not merely hours (0ms)
  ✓   436 [desktop-1440] › tests/portal-revenue.spec.ts:315:3 › project contribution › a project worth nothing has no margin to compute (0ms)
  ✓   437 [desktop-1440] › tests/portal-revenue.spec.ts:324:3 › project contribution › the labels never claim profit (1ms)
  ✓   438 [desktop-1440] › tests/portal-revenue.spec.ts:347:3 › dates and delivery › a due date reads as overdue, today, soon or later (0ms)
  ✓   439 [desktop-1440] › tests/portal-revenue.spec.ts:357:3 › dates and delivery › a date due today does not become overdue at midnight UTC (0ms)
  ✓   440 [desktop-1440] › tests/portal-revenue.spec.ts:365:3 › dates and delivery › progress is a fraction of the milestones, and is unknown without any (0ms)
  ✓   441 [desktop-1440] › tests/portal-revenue.spec.ts:373:3 › dates and delivery › a legacy project status still renders under its own name (0ms)
  ✓   442 [desktop-1440] › tests/portal-revenue.spec.ts:383:3 › dates and delivery › a live project is one that is neither finished nor put away (0ms)
  ✓   443 [desktop-1440] › tests/portal-revenue.spec.ts:390:3 › dates and delivery › milestone templates are per service, and website steps are not on everything (0ms)
  ✓   445 [desktop-1440] › tests/portal-revenue.spec.ts:429:3 › the attention rules › a healthy open deal produces nothing at all (0ms)
  ✓   446 [desktop-1440] › tests/portal-revenue.spec.ts:433:3 › the attention rules › an open deal with no next action is flagged, and explains itself (0ms)
  ✓   447 [desktop-1440] › tests/portal-revenue.spec.ts:443:3 › the attention rules › an overdue next action is urgent (0ms)
  ✓   448 [desktop-1440] › tests/portal-revenue.spec.ts:448:3 › the attention rules › a passed close date is urgent, and only while the deal is still open (0ms)
  ✓   444 [desktop-1440] › tests/portal-revenue.spec.ts:402:3 › dates and delivery › a short date is a short date (14ms)
  ✓   449 [desktop-1440] › tests/portal-revenue.spec.ts:456:3 › the attention rules › a won deal with no client is flagged — the chain to revenue is broken (0ms)
  ✓   451 [desktop-1440] › tests/portal-revenue.spec.ts:473:3 › the attention rules › an archived deal is not on anybody’s list (0ms)
  ✓   450 [desktop-1440] › tests/portal-revenue.spec.ts:462:3 › the attention rules › every item disappears the moment the data resolves it (0ms)
  ✓   452 [desktop-1440] › tests/portal-revenue.spec.ts:477:3 › the attention rules › a lost deal is not on anybody’s list either (0ms)
  ✓   453 [desktop-1440] › tests/portal-revenue.spec.ts:481:3 › the attention rules › the project rules fire only on things the schema stores (1ms)
  ✓   454 [desktop-1440] › tests/portal-revenue.spec.ts:494:3 › the attention rules › the "no milestone left" rule does not fire when the count is unknown (0ms)
  ✓   455 [desktop-1440] › tests/portal-revenue.spec.ts:504:3 › the attention rules › urgent items sort first (0ms)
  ✓   457 [desktop-1440] › tests/portal-revenue.spec.ts:512:3 › the attention rules › a lost reason vocabulary exists and is controlled (0ms)
  ✓   456 [desktop-1440] › tests/portal-revenue.spec.ts:531:3 › the migration › it is additive — nothing is dropped, renamed or rewritten (1ms)
  ✓   458 [desktop-1440] › tests/portal-revenue.spec.ts:543:3 › the migration › every new column is nullable or defaulted (0ms)
  ✓   459 [desktop-1440] › tests/portal-revenue.spec.ts:557:3 › the migration › every new table has RLS enabled and forced (1ms)
  ✓   460 [desktop-1440] › tests/portal-revenue.spec.ts:567:3 › the migration › there is no delete policy on the business records (0ms)
  ✓   461 [desktop-1440] › tests/portal-revenue.spec.ts:577:3 › the migration › a note cannot be written in somebody else’s name (0ms)
  ✓   462 [desktop-1440] › tests/portal-revenue.spec.ts:584:3 › the migration › anon holds nothing on any new table (2ms)
  ✓   463 [desktop-1440] › tests/portal-revenue.spec.ts:592:3 › the migration › the aggregates are SECURITY INVOKER (0ms)
  ✓   464 [desktop-1440] › tests/portal-revenue.spec.ts:603:3 › the migration › the audit triggers are definer with a pinned search_path (1ms)
  ✓   465 [desktop-1440] › tests/portal-revenue.spec.ts:614:3 › the migration › the database enforces the numbers, not only the dropdowns (0ms)
  ✓   466 [desktop-1440] › tests/portal-revenue.spec.ts:624:3 › the migration › an opportunity must belong to somebody (0ms)
  ✓   467 [desktop-1440] › tests/portal-revenue.spec.ts:628:3 › the migration › a lost reason can only exist on a lost deal (0ms)
  ✓   468 [desktop-1440] › tests/portal-revenue.spec.ts:632:3 › the migration › a project link can only ever be http or https (0ms)
  ✓   469 [desktop-1440] › tests/portal-revenue.spec.ts:637:3 › the migration › a lead is never deleted when it is converted (0ms)
  ✓   470 [desktop-1440] › tests/portal-revenue.spec.ts:644:3 › the migration › nothing in the schema converts between currencies (0ms)
  ✓   471 [desktop-1440] › tests/portal-revenue.spec.ts:649:3 › the migration › the enum extension is used nowhere in the same transaction (1ms)
  ✓   472 [desktop-1440] › tests/portal-revenue.spec.ts:663:3 › the P2 modules › the navigation gains Sales, Clients and Projects as products (0ms)
  ✓   473 [desktop-1440] › tests/portal-revenue.spec.ts:677:3 › the P2 modules › every P2 route is behind a capability guard (1ms)
  ✓   474 [desktop-1440] › tests/portal-revenue.spec.ts:693:3 › the P2 modules › a client cannot reach the commercial book (0ms)
  ✓   475 [desktop-1440] › tests/portal-revenue.spec.ts:705:3 › the P2 modules › the pipeline stage can be changed without a mouse (1ms)
  ✓   476 [desktop-1440] › tests/portal-revenue.spec.ts:720:3 › the P2 modules › the dialog does everything a modal owes a keyboard (1ms)
  ✓   478 [desktop-1440] › tests/portal-revenue.spec.ts:749:3 › the P2 modules › a stored URL only becomes an href through safeUrl (1ms)
  ✓   477 [desktop-1440] › tests/portal-revenue.spec.ts:734:3 › the P2 modules › nothing in the P2 screens renders stored markup (2ms)
  ✓   479 [desktop-1440] › tests/portal-revenue.spec.ts:764:3 › the P2 modules › the Dashboard never loads the business to summarise it (0ms)
  ✓   480 [desktop-1440] › tests/portal-revenue.spec.ts:776:3 › the P2 modules › the entry bundle does not import the lazy modules (2ms)
  ✓   481 [desktop-1440] › tests/portal-revenue.spec.ts:789:3 › the P2 modules › the pure modules stay pure (0ms)
  ✓   482 [desktop-1440] › tests/portal-revenue.spec.ts:797:3 › the P2 modules › the P2 modules handle an empty account without inventing anything (0ms)
  ✓   483 [desktop-1440] › tests/portal-revenue.spec.ts:806:3 › the P2 modules › a missing figure reads as Not recorded, never as a zero (0ms)
  ✓   484 [desktop-1440] › tests/portal-revenue.spec.ts:815:3 › the P2 modules › the attribution screen states its methodology beside the numbers (0ms)
  ✓   485 [desktop-1440] › tests/portal-revenue.spec.ts:826:3 › the P2 modules › GA4 analytics is not regressed (1ms)
  ✓   486 [desktop-1440] › tests/portal.spec.ts:29:3 › portal shell › is marked noindex (99ms)
  ✓   487 [desktop-1440] › tests/portal.spec.ts:18:3 › portal shell › serves and boots without crashing (115ms)
  ✓   488 [desktop-1440] › tests/portal.spec.ts:34:3 › portal shell › an unauthenticated visitor is sent to sign in (111ms)
  ✓   490 [desktop-1440] › tests/portal.spec.ts:55:3 › portal shell › the bundle contains no service role key (3ms)
  ✓   489 [desktop-1440] › tests/portal.spec.ts:41:3 › portal shell › protected routes redirect rather than render (112ms)
  ✓   369 [desktop-1440] › tests/not-found.spec.ts:58:5 › 404 (de) › sends nobody anywhere on its own (1.6s)
  ✓   491 [desktop-1440] › tests/portal.spec.ts:75:3 › sign-in form › validates before it submits anything (163ms)
  ✓   492 [desktop-1440] › tests/portal.spec.ts:81:3 › sign-in form › rejects a malformed address (196ms)
  ✓   493 [desktop-1440] › tests/portal.spec.ts:88:3 › sign-in form › offers no route to create an account (138ms)
  ✓   494 [desktop-1440] › tests/portal.spec.ts:94:3 › sign-in form › every field has a real label (118ms)
  ✓   495 [desktop-1440] › tests/portal.spec.ts:99:3 › sign-in form › the form is reachable and operable by keyboard (172ms)
  ✓   498 [desktop-1440] › tests/portal.spec.ts:183:3 › the portal renders stored values as text, never as markup › nothing anywhere writes HTML from a value (4ms)
  ✓   499 [desktop-1440] › tests/portal.spec.ts:206:3 › the portal renders stored values as text, never as markup › no link is built from a stored value without a fixed scheme (2ms)
  ✓   500 [desktop-1440] › tests/portal.spec.ts:236:3 › the portal renders stored values as text, never as markup › long unbroken content cannot destroy the layout (4ms)
  ✓   501 [desktop-1440] › tests/portal.spec.ts:265:3 › the portal renders stored values as text, never as markup › an unrecognised meta key still renders rather than vanishing (1ms)
  ✓   502 [desktop-1440] › tests/portal.spec.ts:334:3 › responsive › only the table scrolls sideways, and nothing states a pixel width (2ms)
  ✓   497 [desktop-1440] › tests/portal.spec.ts:141:3 › responsive › no horizontal overflow at any tested width (126ms)
  ✓   503 [desktop-1440] › tests/portal.spec.ts:357:3 › responsive › the table wrapper is the only horizontal scroller (1ms)
  ✓   504 [desktop-1440] › tests/portal.spec.ts:369:3 › responsive › every long stored string is allowed to break (1ms)
  ✓   496 [desktop-1440] › tests/portal.spec.ts:109:3 › password reset › does not reveal whether an address has an account (184ms)
  ✓   506 [desktop-1440] › tests/portal.spec.ts:428:3 › safeUrl — the scheme a stored address is allowed to have › keeps real addresses working, with or without a scheme (112ms)
  ✓   505 [desktop-1440] › tests/portal.spec.ts:408:3 › safeUrl — the scheme a stored address is allowed to have › refuses every scheme that is not http or https (113ms)
  ✓   507 [desktop-1440] › tests/public-site.spec.ts:79:3 › homepage › loads with the hero, the altimeter and no console errors (329ms)
  ✓   510 [desktop-1440] › tests/public-site.spec.ts:146:3 › homepage › has one h1 and a skip link (349ms)
  ✓   509 [desktop-1440] › tests/public-site.spec.ts:137:3 › homepage › the page never scrolls sideways (623ms)
  ✓   512 [desktop-1440] › tests/public-site.spec.ts:170:3 › homepage › the journey initialises: track, stages and the closing call to action (339ms)
  ✓   511 [desktop-1440] › tests/public-site.spec.ts:152:3 › homepage › the hero call to action reaches the questionnaire (417ms)
  ✓   514 [desktop-1440] › tests/public-site.spec.ts:240:5 › homepage › the hu homepage is its own entry point with its own links (319ms)
  ✓   515 [desktop-1440] › tests/public-site.spec.ts:240:5 › homepage › the en homepage is its own entry point with its own links (292ms)
  ✓   516 [desktop-1440] › tests/public-site.spec.ts:240:5 › homepage › the de homepage is its own entry point with its own links (297ms)
  ✓   508 [desktop-1440] › tests/public-site.spec.ts:112:3 › homepage › altitude climbs as the visitor scrolls (2.2s)
  ✓   517 [desktop-1440] › tests/public-site.spec.ts:264:5 › structure and content › /index.html responds and has a title and description (213ms)
  ✓   519 [desktop-1440] › tests/public-site.spec.ts:264:5 › structure and content › /kkv.html responds and has a title and description (199ms)
  ✓   518 [desktop-1440] › tests/public-site.spec.ts:264:5 › structure and content › /rolunk.html responds and has a title and description (236ms)
  ✓   521 [desktop-1440] › tests/public-site.spec.ts:264:5 › structure and content › /branding.html responds and has a title and description (190ms)
  ✓   520 [desktop-1440] › tests/public-site.spec.ts:264:5 › structure and content › /nagyvallalat.html responds and has a title and description (315ms)
  ✓   522 [desktop-1440] › tests/public-site.spec.ts:264:5 › structure and content › /hirdeteskezeles.html responds and has a title and description (251ms)
  ✓   523 [desktop-1440] › tests/public-site.spec.ts:264:5 › structure and content › /impact-program.html responds and has a title and description (204ms)
  ✓   524 [desktop-1440] › tests/public-site.spec.ts:264:5 › structure and content › /blog.html responds and has a title and description (194ms)
  ✓   525 [desktop-1440] › tests/public-site.spec.ts:264:5 › structure and content › /ugyfelszolgalat.html responds and has a title and description (214ms)
  ✓   526 [desktop-1440] › tests/public-site.spec.ts:264:5 › structure and content › /arajanlat.html responds and has a title and description (165ms)
  ✓   527 [desktop-1440] › tests/public-site.spec.ts:273:3 › structure and content › every image declares alt text (316ms)
  ✓   528 [desktop-1440] › tests/public-site.spec.ts:281:3 › structure and content › the three languages are cross-linked with hreflang (332ms)
  -   530 [desktop-1440] › tests/public-site.spec.ts:298:3 › reduced motion › the ascent degrades to a readable document
  ✓   513 [desktop-1440] › tests/public-site.spec.ts:191:3 › homepage › the stage the visitor is in is exposed to assistive technology (2.7s)
  ✓   532 [desktop-1440] › tests/public-site.spec.ts:358:3 › deploy artefacts › robots.txt keeps the portal out of the index (5ms)
  ✓   533 [desktop-1440] › tests/public-site.spec.ts:366:3 › deploy artefacts › sitemap.xml lists all three languages (3ms)
  -   531 [desktop-1440] › tests/public-site.spec.ts:327:3 › reduced motion › the reduced-motion test environment is genuinely active
  ✓   535 [desktop-1440] › tests/public-site.spec.ts:429:3 › deploy artefacts › no built page carries an executable inline script (9ms)
  ✓   534 [desktop-1440] › tests/public-site.spec.ts:396:3 › deploy artefacts › every sitemap URL is the canonical of the page it points at (140ms)
  ✓   529 [desktop-1440] › tests/public-site.spec.ts:288:3 › structure and content › English and German homepages render (382ms)
  ✓   537 [desktop-1920] › tests/harness.spec.ts:73:3 › the test environment itself › the rasteriser is either hardware, or declared (289ms)
  ✓   536 [desktop-1920] › tests/harness.spec.ts:64:3 › the test environment itself › WebGL is available to this project at all (383ms)
  ✓   539 [desktop-1920] › tests/homepage-chrome.spec.ts:295:3 › the homepage flight deck › the opening state is the full wordmark over a transparent header (381ms)
  ✓   540 [desktop-1920] › tests/homepage-chrome.spec.ts:315:3 › the homepage flight deck › desktop navigation is visible at the top and collapses into the trigger (995ms)
  ✓   542 [desktop-1920] › tests/homepage-chrome.spec.ts:378:3 › the homepage flight deck › the destination state resolves near the end and reveals the CTA (707ms)
  ✓   541 [desktop-1920] › tests/homepage-chrome.spec.ts:337:3 › the homepage flight deck › the journey state compacts the wordmark and keeps the header short (1.6s)
  ✓   538 [desktop-1920] › tests/harness.spec.ts:106:3 › the test environment itself › the page is getting a usable frame rate (3.7s)
  ✓   544 [desktop-1920] › tests/homepage-chrome.spec.ts:415:3 › the homepage flight deck › a single jump lands on the right state, not one short of it (1.6s)
  ✓   543 [desktop-1920] › tests/homepage-chrome.spec.ts:398:3 › the homepage flight deck › the states are reversible and the top of the page is always the opening state (2.0s)
  ✓   547 [desktop-1920] › tests/homepage-chrome.spec.ts:482:3 › the homepage flight deck › the readout names the stage the journey reports (2.0s)
  ✓   548 [desktop-1920] › tests/homepage-chrome.spec.ts:499:3 › the homepage flight deck › the altitude readout is hidden from assistive technology (246ms)
  ✓   546 [desktop-1920] › tests/homepage-chrome.spec.ts:459:3 › the homepage flight deck › the header prints the journey altitude, not an altitude of its own (2.4s)
  ✓   545 [desktop-1920] › tests/homepage-chrome.spec.ts:437:3 › the homepage flight deck › the header does not chatter when the visitor hovers on a boundary (2.8s)
  ✓   550 [desktop-1920] › tests/homepage-chrome.spec.ts:528:3 › the full-screen menu on the homepage › the trigger names itself and points at the layer it controls (597ms)
  ✓   551 [desktop-1920] › tests/homepage-chrome.spec.ts:543:3 › the full-screen menu on the homepage › ESC closes it and focus goes back to the trigger (494ms)
  ✓   552 [desktop-1920] › tests/homepage-chrome.spec.ts:559:3 › the full-screen menu on the homepage › focus is trapped inside the layer while it is open (548ms)
  ✓   553 [desktop-1920] › tests/homepage-chrome.spec.ts:609:3 › the full-screen menu on the homepage › the close control closes it (1.2s)
  ✓   549 [desktop-1920] › tests/homepage-chrome.spec.ts:511:3 › the full-screen menu on the homepage › opens from every header state (2.3s)
  ✓   556 [desktop-1920] › tests/homepage-chrome.spec.ts:683:3 › the full-screen menu on the homepage › the destinations are ordinary links and they navigate (760ms)
  ✓   554 [desktop-1920] › tests/homepage-chrome.spec.ts:620:3 › the full-screen menu on the homepage › body scroll is locked while open and fully released after (2.0s)
  ✓   558 [desktop-1920] › tests/homepage-chrome.spec.ts:729:3 › return to 0 m › focus is not lost on the way up (1.2s)
  ✓   557 [desktop-1920] › tests/homepage-chrome.spec.ts:704:3 › return to 0 m › is a real control with an accessible name, and it returns the page (1.6s)
  ✓   560 [desktop-1920] › tests/homepage-chrome.spec.ts:762:3 › the Arrival sequence and the ground-control footer › Arrival closes the journey with the real ceiling and both actions (229ms)
  ✓   561 [desktop-1920] › tests/homepage-chrome.spec.ts:790:3 › the Arrival sequence and the ground-control footer › the footer is a landmark with headed groups, contact and legal links (239ms)
  ✓   559 [desktop-1920] › tests/homepage-chrome.spec.ts:745:3 › return to 0 m › under reduced motion it arrives immediately (797ms)
  ✓   562 [desktop-1920] › tests/homepage-chrome.spec.ts:862:3 › the Arrival sequence and the ground-control footer › it is the same footer the subpages carry, not a homepage copy (432ms)
  ✓   555 [desktop-1920] › tests/homepage-chrome.spec.ts:647:3 › the full-screen menu on the homepage › opening the menu does not walk the journey back down the mountain (3.5s)
  ✓   563 [desktop-1920] › tests/homepage-chrome.spec.ts:875:3 › the Arrival sequence and the ground-control footer › the homepage menu leads where the subpage menu leads (493ms)
  ✓   565 [desktop-1920] › tests/homepage-chrome.spec.ts:895:3 › the Arrival sequence and the ground-control footer › the homepage introduces no duplicate ids (276ms)
  ✓   564 [desktop-1920] › tests/homepage-chrome.spec.ts:885:3 › the Arrival sequence and the ground-control footer › the homepage header row leads where the subpage header row leads (475ms)
  ✓   566 [desktop-1920] › tests/homepage-chrome.spec.ts:910:3 › the Arrival sequence and the ground-control footer › every chrome link on the homepage resolves (403ms)
  ✓   567 [desktop-1920] › tests/homepage-chrome.spec.ts:935:5 › the chrome speaks the page’s language › hu: header, menu, Arrival and footer are all in hu (389ms)
  ✓   568 [desktop-1920] › tests/homepage-chrome.spec.ts:935:5 › the chrome speaks the page’s language › en: header, menu, Arrival and footer are all in en (394ms)
  ✓   569 [desktop-1920] › tests/homepage-chrome.spec.ts:935:5 › the chrome speaks the page’s language › de: header, menu, Arrival and footer are all in de (388ms)
  ✓   570 [desktop-1920] › tests/homepage-chrome.spec.ts:963:3 › reduced motion › the chrome is complete and immediately usable without animation (269ms)
  ✓   571 [desktop-1920] › tests/homepage-chrome.spec.ts:978:3 › reduced motion › the menu opens directly, with no spatial delay (548ms)
  ✓   573 [desktop-1920] › tests/homepage-chrome.spec.ts:1034:3 › lifecycle › a subpage reached from the homepage carries the same working header (1.1s)
  -   575 [desktop-1920] › tests/homepage-chrome.spec.ts:1090:5 › responsive smoke › the chrome fits and never scrolls sideways at 1024x768
  ✓   572 [desktop-1920] › tests/homepage-chrome.spec.ts:995:3 › lifecycle › navigating away and back leaves nothing behind (1.4s)
  -   576 [desktop-1920] › tests/homepage-chrome.spec.ts:1090:5 › responsive smoke › the chrome fits and never scrolls sideways at 375x812
  -   578 [desktop-1920] › tests/homepage-chrome.spec.ts:1090:5 › responsive smoke › the chrome fits and never scrolls sideways at 844x390 landscape
  -   577 [desktop-1920] › tests/homepage-chrome.spec.ts:1090:5 › responsive smoke › the chrome fits and never scrolls sideways at 360x800
  -   579 [desktop-1920] › tests/homepage-chrome.spec.ts:1116:3 › responsive smoke › the chrome survives 200% zoom and increased text spacing
  ✓   574 [desktop-1920] › tests/homepage-chrome.spec.ts:1054:3 › lifecycle › the header binds exactly one scroll listener and no permanent loop (1.1s)
  ✓   582 [desktop-1920] › tests/homepage-modality.spec.ts:332:3 › the full-screen navigation is a modal layer › keyboard focus stays in the layer, Escape closes it, and the page comes back (945ms)
  ✓   581 [desktop-1920] › tests/homepage-modality.spec.ts:169:3 › the full-screen navigation is a modal layer › while it is open the page behind it cannot be reached, and afterwards it can (1.5s)
  ✓   317 [desktop-1440] › tests/lead-forms.spec.ts:527:3 › questionnaire › the wizard submits to /api/lead and shows the success screen (29.4s)
  ✓   583 [desktop-1920] › tests/homepage-modality.spec.ts:452:3 › the full-screen navigation is a modal layer › reopening within the close transition does not hide the layer (1.2s)
  ✓   318 [desktop-1440] › tests/lead-forms.spec.ts:558:3 › questionnaire › shows the rate-limited screen when the endpoint says 429 (29.4s)
  ✓   580 [desktop-1920] › tests/homepage-history.spec.ts:223:3 › the homepage keeps the visitor’s place across history navigation › back and forward restore the position, the chapter and the chrome (4.5s)
  ✓   584 [desktop-1920] › tests/lead-forms.spec.ts:100:3 › contact form › a valid submission reaches /api/lead with every field mapped (3.8s)
  ✓   586 [desktop-1920] › tests/lead-forms.spec.ts:129:3 › contact form › shows the success state and clears the form (3.7s)
  ✓   587 [desktop-1920] › tests/lead-forms.spec.ts:150:3 › contact form › shows the rate-limited state on 429 and lets the visitor retry (3.6s)
  ✓   585 [desktop-1920] › tests/lead-forms.spec.ts:141:3 › contact form › shows a submitting state while the request is in flight (5.0s)
  ✓   588 [desktop-1920] › tests/lead-forms.spec.ts:163:3 › contact form › shows a generic server-error state on 500 (3.6s)
  ✓   589 [desktop-1920] › tests/lead-forms.spec.ts:177:3 › contact form › surfaces the server's own validation message on 422 (3.5s)
  ✓   591 [desktop-1920] › tests/lead-forms.spec.ts:211:3 › contact form › rejects a submission with no name at all (4.3s)
  ✓   592 [desktop-1920] › tests/lead-forms.spec.ts:227:3 › contact form › an empty form never reaches the network (4.2s)
  ✓   593 [desktop-1920] › tests/lead-forms.spec.ts:234:3 › contact form › carries a filled honeypot through untouched, for the server to drop (3.5s)
  ✓   590 [desktop-1920] › tests/lead-forms.spec.ts:194:3 › contact form › rejects a malformed address in the page, before the network (5.7s)
  ✓   596 [desktop-1920] › tests/lead-forms.spec.ts:277:3 › contact form › a network failure shows the failure state and keeps everything typed (3.5s)
  ✓   594 [desktop-1920] › tests/lead-forms.spec.ts:247:3 › contact form › a double click produces exactly one request (6.1s)
  ✓   599 [desktop-1920] › tests/lead-forms.spec.ts:337:3 › contact form › the honeypot is hidden from sight and from the tab order (235ms)
  ✓   597 [desktop-1920] › tests/lead-forms.spec.ts:289:3 › contact form › a retry after a failure re-sends the same submission id (3.7s)
  ✓   595 [desktop-1920] › tests/lead-forms.spec.ts:261:3 › contact form › Enter in a text field cannot slip a second request past the disabled button (6.2s)
  ✓   600 [desktop-1920] › tests/lead-forms.spec.ts:365:3 › the minimum fill wait › a backward wall-clock step during the wait cannot under-report the fill time (3.6s)
  ✓   601 [desktop-1920] › tests/lead-forms.spec.ts:412:3 › the minimum fill wait › the wait clears the drop threshold with headroom rather than landing on it (3.6s)
  ✓   602 [desktop-1920] › tests/lead-forms.spec.ts:434:3 › newsletter › subscribes with only an address, as its own source (3.7s)
  ✓   598 [desktop-1920] › tests/lead-forms.spec.ts:318:3 › contact form › a fresh enquiry after a success gets a new submission id (7.6s)
  ✓   607 [desktop-1920] › tests/lead-forms.spec.ts:587:3 › the deployed bundle › contains no Web3Forms endpoint, and no access key (36ms)
  ✓   608 [desktop-1920] › tests/lead-forms.spec.ts:616:3 › the deployed bundle › the shipped controller measures the fill window on a clock that cannot move (1ms)
  ✓   609 [desktop-1920] › tests/lead-forms.spec.ts:632:3 › the deployed bundle › every public form posts to the internal endpoint (7ms)
  ✓   610 [desktop-1920] › tests/lead-forms.spec.ts:679:5 › the newsletter does not claim to send anything › /rolunk.html offers the form without promising delivery (291ms)
  ✓   611 [desktop-1920] › tests/lead-forms.spec.ts:679:5 › the newsletter does not claim to send anything › /en/about.html offers the form without promising delivery (300ms)
  ✓   612 [desktop-1920] › tests/lead-forms.spec.ts:679:5 › the newsletter does not claim to send anything › /de/ueber-uns.html offers the form without promising delivery (281ms)
  ✓   603 [desktop-1920] › tests/lead-forms.spec.ts:457:3 › newsletter › the blog signup posts to the same endpoint (3.6s)
  ✓   613 [desktop-1920] › tests/lead-forms.spec.ts:679:5 › the newsletter does not claim to send anything › /blog.html offers the form without promising delivery (228ms)
  ✓   614 [desktop-1920] › tests/lead-forms.spec.ts:679:5 › the newsletter does not claim to send anything › /en/blog.html offers the form without promising delivery (213ms)
  ✓   615 [desktop-1920] › tests/lead-forms.spec.ts:679:5 › the newsletter does not claim to send anything › /de/blog.html offers the form without promising delivery (214ms)
  -   616 [desktop-1920] › tests/mobile-homepage-simple.spec.ts:190:3 › portrait mobile — the composition that runs › a phone gets the simple composition and exactly one canvas
  -   617 [desktop-1920] › tests/mobile-homepage-simple.spec.ts:211:3 › portrait mobile — the composition that runs › the Altimeter GLB is loaded and nothing else from the old scene is
  -   618 [desktop-1920] › tests/mobile-homepage-simple.spec.ts:236:3 › portrait mobile — the composition that runs › the renderer is not requested at all when there is no WebGL
  -   619 [desktop-1920] › tests/mobile-homepage-simple.spec.ts:315:3 › portrait mobile — the composition that runs › the document scrolls itself
  -   620 [desktop-1920] › tests/mobile-homepage-simple.spec.ts:347:3 › portrait mobile — the composition that runs › nothing moves the scroll position on the page's behalf
  -   621 [desktop-1920] › tests/mobile-homepage-simple.spec.ts:406:3 › portrait mobile — the composition that runs › the page stops when the scroll stops
  -   622 [desktop-1920] › tests/mobile-homepage-simple.spec.ts:435:3 › portrait mobile — the composition itself › every section starts near its own top
  -   623 [desktop-1920] › tests/mobile-homepage-simple.spec.ts:462:3 › portrait mobile — the composition itself › no section is a tall empty spacer
  -   624 [desktop-1920] › tests/mobile-homepage-simple.spec.ts:503:3 › portrait mobile — the composition itself › nothing paints an opaque plate across the altimeter
  -   625 [desktop-1920] › tests/mobile-homepage-simple.spec.ts:540:3 › portrait mobile — the composition itself › there is one altitude readout, not two
  -   626 [desktop-1920] › tests/mobile-homepage-simple.spec.ts:553:3 › portrait mobile — the composition itself › the telemetry stays visible and above the copy
  -   627 [desktop-1920] › tests/mobile-homepage-simple.spec.ts:591:3 › portrait mobile — the composition itself › the altitude advances with the document and settles at the ceiling
  -   628 [desktop-1920] › tests/mobile-homepage-simple.spec.ts:608:3 › portrait mobile — the composition itself › every reveal completes
  -   629 [desktop-1920] › tests/mobile-homepage-simple.spec.ts:623:3 › portrait mobile — the composition itself › the closing action is reachable at the bottom of the page
  -   631 [desktop-1920] › tests/mobile-homepage-simple.spec.ts:755:3 › portrait mobile — lifecycle › the menu closes on the burger too, and traps Tab while it is open
  -   630 [desktop-1920] › tests/mobile-homepage-simple.spec.ts:638:3 › portrait mobile — lifecycle › the menu opens, locks only while it is open, and leaves the ascent where it was
  -   632 [desktop-1920] › tests/mobile-homepage-simple.spec.ts:818:3 › portrait mobile — lifecycle › a back navigation comes back with a live, agreeing readout
  -   633 [desktop-1920] › tests/mobile-homepage-simple.spec.ts:884:3 › portrait mobile — lifecycle › browser chrome collapsing does not move the composition
  -   635 [desktop-1920] › tests/mobile-homepage-simple.spec.ts:936:3 › portrait mobile — reduced motion › everything is present and nothing travels
  -   634 [desktop-1920] › tests/mobile-homepage-simple.spec.ts:913:3 › portrait mobile — lifecycle › a rotation keeps the mobile composition
  -   636 [desktop-1920] › tests/mobile-homepage-simple.spec.ts:968:3 › portrait mobile — reduced motion › the real instrument stays, and stops moving
  ✓   604 [desktop-1920] › tests/lead-forms.spec.ts:472:3 › Impact Program application › maps the application into the lead schema (5.4s)
  -   637 [desktop-1920] › tests/mobile-homepage-simple.spec.ts:1034:3 › portrait mobile — the 3D instrument › nothing renders while the page is idle
  -   638 [desktop-1920] › tests/mobile-homepage-simple.spec.ts:1070:3 › portrait mobile — the 3D instrument › nothing renders while the instrument is deliberately hidden
  -   640 [desktop-1920] › tests/mobile-homepage-simple.spec.ts:1204:3 › portrait mobile — the 3D instrument › the instrument adds no scroll listener of its own
  -   639 [desktop-1920] › tests/mobile-homepage-simple.spec.ts:1089:3 › portrait mobile — the 3D instrument › the instrument is still there, still reading, and never on the readout
  -   641 [desktop-1920] › tests/mobile-homepage-simple.spec.ts:1246:3 › portrait mobile — the 3D instrument › the slot has a fixed box that the instrument cannot change
  ✓   643 [desktop-1920] › tests/portal.spec.ts:18:3 › portal shell › serves and boots without crashing (138ms)
  ✓   644 [desktop-1920] › tests/portal.spec.ts:29:3 › portal shell › is marked noindex (159ms)
  ✓   645 [desktop-1920] › tests/portal.spec.ts:34:3 › portal shell › an unauthenticated visitor is sent to sign in (141ms)
  ✓   647 [desktop-1920] › tests/portal.spec.ts:55:3 › portal shell › the bundle contains no service role key (12ms)
  ✓   646 [desktop-1920] › tests/portal.spec.ts:41:3 › portal shell › protected routes redirect rather than render (157ms)
  ✓   648 [desktop-1920] › tests/portal.spec.ts:75:3 › sign-in form › validates before it submits anything (333ms)
  ✓   649 [desktop-1920] › tests/portal.spec.ts:81:3 › sign-in form › rejects a malformed address (343ms)
  ✓   650 [desktop-1920] › tests/portal.spec.ts:88:3 › sign-in form › offers no route to create an account (149ms)
  ✓   642 [desktop-1920] › tests/mobile-homepage-simple.spec.ts:1294:3 › desktop — the composition that must not have changed › a desktop viewport still gets the cinematic journey and its terrain (919ms)
  ✓   651 [desktop-1920] › tests/portal.spec.ts:94:3 › sign-in form › every field has a real label (187ms)
  ✓   652 [desktop-1920] › tests/portal.spec.ts:99:3 › sign-in form › the form is reachable and operable by keyboard (198ms)
  ✓   655 [desktop-1920] › tests/portal.spec.ts:183:3 › the portal renders stored values as text, never as markup › nothing anywhere writes HTML from a value (14ms)
  ✓   656 [desktop-1920] › tests/portal.spec.ts:206:3 › the portal renders stored values as text, never as markup › no link is built from a stored value without a fixed scheme (3ms)
  ✓   657 [desktop-1920] › tests/portal.spec.ts:236:3 › the portal renders stored values as text, never as markup › long unbroken content cannot destroy the layout (1ms)
  ✓   658 [desktop-1920] › tests/portal.spec.ts:265:3 › the portal renders stored values as text, never as markup › an unrecognised meta key still renders rather than vanishing (1ms)
  ✓   659 [desktop-1920] › tests/portal.spec.ts:334:3 › responsive › only the table scrolls sideways, and nothing states a pixel width (2ms)
  ✓   660 [desktop-1920] › tests/portal.spec.ts:357:3 › responsive › the table wrapper is the only horizontal scroller (1ms)
  ✓   661 [desktop-1920] › tests/portal.spec.ts:369:3 › responsive › every long stored string is allowed to break (1ms)
  ✓   654 [desktop-1920] › tests/portal.spec.ts:141:3 › responsive › no horizontal overflow at any tested width (137ms)
  ✓   653 [desktop-1920] › tests/portal.spec.ts:109:3 › password reset › does not reveal whether an address has an account (204ms)
  ✓   662 [desktop-1920] › tests/portal.spec.ts:408:3 › safeUrl — the scheme a stored address is allowed to have › refuses every scheme that is not http or https (137ms)
  ✓   663 [desktop-1920] › tests/portal.spec.ts:428:3 › safeUrl — the scheme a stored address is allowed to have › keeps real addresses working, with or without a scheme (139ms)
  ✓   664 [desktop-1920] › tests/public-site.spec.ts:79:3 › homepage › loads with the hero, the altimeter and no console errors (356ms)
  ✓   667 [desktop-1920] › tests/public-site.spec.ts:146:3 › homepage › has one h1 and a skip link (342ms)
  ✓   666 [desktop-1920] › tests/public-site.spec.ts:137:3 › homepage › the page never scrolls sideways (851ms)
  ✓   668 [desktop-1920] › tests/public-site.spec.ts:152:3 › homepage › the hero call to action reaches the questionnaire (440ms)
  ✓   669 [desktop-1920] › tests/public-site.spec.ts:170:3 › homepage › the journey initialises: track, stages and the closing call to action (257ms)
  ✓   671 [desktop-1920] › tests/public-site.spec.ts:240:5 › homepage › the hu homepage is its own entry point with its own links (338ms)
  ✓   672 [desktop-1920] › tests/public-site.spec.ts:240:5 › homepage › the en homepage is its own entry point with its own links (298ms)
  ✓   673 [desktop-1920] › tests/public-site.spec.ts:240:5 › homepage › the de homepage is its own entry point with its own links (335ms)
  ✓   665 [desktop-1920] › tests/public-site.spec.ts:112:3 › homepage › altitude climbs as the visitor scrolls (2.4s)
  ✓   674 [desktop-1920] › tests/public-site.spec.ts:264:5 › structure and content › /index.html responds and has a title and description (263ms)
  ✓   676 [desktop-1920] › tests/public-site.spec.ts:264:5 › structure and content › /kkv.html responds and has a title and description (229ms)
  ✓   675 [desktop-1920] › tests/public-site.spec.ts:264:5 › structure and content › /rolunk.html responds and has a title and description (319ms)
  ✓   678 [desktop-1920] › tests/public-site.spec.ts:264:5 › structure and content › /branding.html responds and has a title and description (242ms)
  ✓   677 [desktop-1920] › tests/public-site.spec.ts:264:5 › structure and content › /nagyvallalat.html responds and has a title and description (407ms)
  ✓   680 [desktop-1920] › tests/public-site.spec.ts:264:5 › structure and content › /impact-program.html responds and has a title and description (238ms)
  ✓   679 [desktop-1920] › tests/public-site.spec.ts:264:5 › structure and content › /hirdeteskezeles.html responds and has a title and description (341ms)
  ✓   681 [desktop-1920] › tests/public-site.spec.ts:264:5 › structure and content › /blog.html responds and has a title and description (249ms)
  ✓   682 [desktop-1920] › tests/public-site.spec.ts:264:5 › structure and content › /ugyfelszolgalat.html responds and has a title and description (239ms)
  ✓   683 [desktop-1920] › tests/public-site.spec.ts:264:5 › structure and content › /arajanlat.html responds and has a title and description (233ms)
  ✓   684 [desktop-1920] › tests/public-site.spec.ts:273:3 › structure and content › every image declares alt text (371ms)
  ✓   670 [desktop-1920] › tests/public-site.spec.ts:191:3 › homepage › the stage the visitor is in is exposed to assistive technology (2.9s)
  -   687 [desktop-1920] › tests/public-site.spec.ts:298:3 › reduced motion › the ascent degrades to a readable document
  ✓   685 [desktop-1920] › tests/public-site.spec.ts:281:3 › structure and content › the three languages are cross-linked with hreflang (261ms)
  ✓   689 [desktop-1920] › tests/public-site.spec.ts:358:3 › deploy artefacts › robots.txt keeps the portal out of the index (11ms)
  ✓   690 [desktop-1920] › tests/public-site.spec.ts:366:3 › deploy artefacts › sitemap.xml lists all three languages (8ms)
  -   688 [desktop-1920] › tests/public-site.spec.ts:327:3 › reduced motion › the reduced-motion test environment is genuinely active
  ✓   692 [desktop-1920] › tests/public-site.spec.ts:429:3 › deploy artefacts › no built page carries an executable inline script (5ms)
  ✓   691 [desktop-1920] › tests/public-site.spec.ts:396:3 › deploy artefacts › every sitemap URL is the canonical of the page it points at (146ms)
  ✓   686 [desktop-1920] › tests/public-site.spec.ts:288:3 › structure and content › English and German homepages render (427ms)
  ✓   693 [mobile-390] › tests/analytics.spec.ts:166:3 › what the shipped build actually configures › every committed page carries the GA4 config, and it requires consent (8ms)
  ✓   695 [mobile-390] › tests/analytics.spec.ts:186:3 › what the shipped build actually configures › the host allowlist excludes local, preview and the known-bad domain (4ms)
  ✓   697 [mobile-390] › tests/analytics.spec.ts:203:3 › what the shipped build actually configures › the CSP permits gtag and nothing from the advertising side (3ms)
  ✓   698 [mobile-390] › tests/analytics.spec.ts:265:3 › no personal data leaves the page › every field the lead schema declares is refused as a parameter key (1.1s)
  ✓   696 [mobile-390] › tests/analytics.spec.ts:239:3 › what the shipped build actually configures › the adapter stays inert without a valid config (1.2s)
  ✓   694 [mobile-390] › tests/analytics.spec.ts:222:3 › what the shipped build actually configures › the adapter refuses to run on a host that is not allowlisted (1.3s)
  ✓   699 [mobile-390] › tests/analytics.spec.ts:284:3 › no personal data leaves the page › an event carrying a prohibited parameter is dropped whole (851ms)
  ✓   700 [mobile-390] › tests/analytics.spec.ts:303:3 › no personal data leaves the page › field_name is permitted, because a name is not a value (843ms)
  ✓   701 [mobile-390] › tests/analytics.spec.ts:318:3 › no personal data leaves the page › no payload ever contains an @ or a phone-shaped string (946ms)
  ✓   703 [mobile-390] › tests/analytics.spec.ts:353:3 › the taxonomy is actually emitted › a service page reports its identity, not its slug (585ms)
  ✓   704 [mobile-390] › tests/analytics.spec.ts:367:3 › the taxonomy is actually emitted › mid-page and closing CTAs are distinguishable (566ms)
  ✓   702 [mobile-390] › tests/analytics.spec.ts:332:1 › measurement sets no cookie and writes no storage (1.0s)
  ✓   707 [mobile-390] › tests/analytics.spec.ts:435:1 › the page-type table matches the one the reports use (554ms)
  ✓   705 [mobile-390] › tests/analytics.spec.ts:388:3 › the taxonomy is actually emitted › article progress fires at most four times, once per threshold (1.9s)
  ✓   706 [mobile-390] › tests/analytics.spec.ts:409:3 › the taxonomy is actually emitted › the questionnaire funnel is measured without a <form> (1.8s)
  ✓   708 [mobile-390] › tests/analytics.spec.ts:478:3 › GA4 loads only after consent › nothing is contacted, stored or sent before an answer is given (6.1s)
  ✓   709 [mobile-390] › tests/analytics.spec.ts:491:3 › GA4 loads only after consent › refusing loads nothing, and is remembered (6.0s)
  ✓   710 [mobile-390] › tests/analytics.spec.ts:504:3 › GA4 loads only after consent › accepting loads gtag, and only then (6.2s)
  ✓   605 [desktop-1920] › tests/lead-forms.spec.ts:527:3 › questionnaire › the wizard submits to /api/lead and shows the success screen (26.2s)
  ✓   606 [desktop-1920] › tests/lead-forms.spec.ts:558:3 › questionnaire › shows the rate-limited screen when the endpoint says 429 (27.0s)
  ✓   711 [mobile-390] › tests/analytics.spec.ts:516:3 › GA4 loads only after consent › advertising storage is refused even when analytics is accepted (6.0s)
  ✓   716 [mobile-390] › tests/analytics.spec.ts:644:3 › the consent interface › cannot be dismissed into implied consent (879ms)
  ✓   715 [mobile-390] › tests/analytics.spec.ts:606:3 › the consent interface › offers accept and refuse with equal weight (859ms)
  ✓   712 [mobile-390] › tests/analytics.spec.ts:536:3 › GA4 loads only after consent › withdrawal stops sending and clears the cookies (6.2s)
  ✓   713 [mobile-390] › tests/analytics.spec.ts:555:3 › GA4 loads only after consent › staging traffic is distinguishable from production (6.0s)
  ✓   720 [mobile-390] › tests/analytics.spec.ts:715:3 › the privacy policy describes the system that exists › declares no processor or tracker that is not implemented (5ms)
  ✓   721 [mobile-390] › tests/analytics.spec.ts:735:3 › the privacy policy describes the system that exists › describes GA4 as consent-gated, and says consent can be withdrawn (2ms)
  ✓   722 [mobile-390] › tests/analytics.spec.ts:750:3 › the privacy policy describes the system that exists › the cookie names it lists are the ones that can actually be set (1ms)
  ✓   723 [mobile-390] › tests/analytics.spec.ts:763:3 › the privacy policy describes the system that exists › is flagged for legal review before launch (0ms)
  ✓   724 [mobile-390] › tests/attribution.spec.ts:41:3 › attribution — the client allow-list › captures the five UTM parameters and the landing route (325ms)
  ✓   717 [mobile-390] › tests/analytics.spec.ts:658:3 › the consent interface › does not block the page, and is reachable from the keyboard (671ms)
  ✓   718 [mobile-390] › tests/analytics.spec.ts:671:3 › the consent interface › the choice can be reopened and reversed from the footer (837ms)
  ✓   725 [mobile-390] › tests/attribution.spec.ts:57:3 › attribution — the client allow-list › reads nothing else in the query string (398ms)
  ✓   726 [mobile-390] › tests/attribution.spec.ts:76:3 › attribution — the client allow-list › reads no advertising click identifier (400ms)
  ✓   727 [mobile-390] › tests/attribution.spec.ts:88:3 › attribution — the client allow-list › writes nothing for a visitor with no campaign and no referrer (388ms)
  ✓   719 [mobile-390] › tests/analytics.spec.ts:686:3 › the consent interface › a remembered answer is not asked again (1.2s)
  ✓   728 [mobile-390] › tests/attribution.spec.ts:94:3 › attribution — the client allow-list › strips characters a campaign label cannot contain, and caps length (520ms)
  ✓   729 [mobile-390] › tests/attribution.spec.ts:106:3 › attribution — the client allow-list › the campaign survives an internal navigation, and is not overwritten by it (595ms)
  ✓   730 [mobile-390] › tests/attribution.spec.ts:119:3 › attribution — the client allow-list › the landing route is a path, never a URL with a query string (447ms)
  ✓   734 [mobile-390] › tests/attribution.spec.ts:189:3 › attribution — the server allow-list › declares the five UTM parameters and no click identifier (13ms)
  ✓   735 [mobile-390] › tests/attribution.spec.ts:200:3 › attribution — the server allow-list › drops every key it does not declare (2ms)
  ✓   736 [mobile-390] › tests/attribution.spec.ts:216:3 › attribution — the server allow-list › caps every attribution value at its declared length (2ms)
  ✓   737 [mobile-390] › tests/attribution.spec.ts:225:3 › attribution — the server allow-list › refuses a host that is not a bare hostname (5ms)
  ✓   738 [mobile-390] › tests/attribution.spec.ts:239:3 › attribution — the server allow-list › refuses a landing route that is not a same-site path (6ms)
  ✓   739 [mobile-390] › tests/attribution.spec.ts:250:3 › attribution — the server allow-list › a malformed attribution value never fails the submission (1ms)
  ✓   732 [mobile-390] › tests/attribution.spec.ts:139:3 › attribution — the client allow-list › no cookie is set, and localStorage is untouched (446ms)
  ✓   731 [mobile-390] › tests/attribution.spec.ts:127:3 › attribution — the client allow-list › nothing survives the session (824ms)
  ✓   740 [mobile-390] › tests/harness.spec.ts:64:3 › the test environment itself › WebGL is available to this project at all (508ms)
  ✓   741 [mobile-390] › tests/harness.spec.ts:73:3 › the test environment itself › the rasteriser is either hardware, or declared (455ms)
  -   744 [mobile-390] › tests/homepage-chrome.spec.ts:315:3 › the homepage flight deck › desktop navigation is visible at the top and collapses into the trigger
  ✓   743 [mobile-390] › tests/homepage-chrome.spec.ts:295:3 › the homepage flight deck › the opening state is the full wordmark over a transparent header (469ms)
  ✓   746 [mobile-390] › tests/homepage-chrome.spec.ts:378:3 › the homepage flight deck › the destination state resolves near the end and reveals the CTA (818ms)
  ✓   745 [mobile-390] › tests/homepage-chrome.spec.ts:337:3 › the homepage flight deck › the journey state compacts the wordmark and keeps the header short (1.3s)
  ✓   714 [mobile-390] › tests/analytics.spec.ts:571:3 › GA4 loads only after consent › the queue is discarded on refusal, not replayed later (6.3s)
  ✓   748 [mobile-390] › tests/homepage-chrome.spec.ts:415:3 › the homepage flight deck › a single jump lands on the right state, not one short of it (795ms)
  ✓   747 [mobile-390] › tests/homepage-chrome.spec.ts:398:3 › the homepage flight deck › the states are reversible and the top of the page is always the opening state (1.5s)
  ✓   742 [mobile-390] › tests/harness.spec.ts:106:3 › the test environment itself › the page is getting a usable frame rate (3.5s)
  ✓   750 [mobile-390] › tests/homepage-chrome.spec.ts:459:3 › the homepage flight deck › the header prints the journey altitude, not an altitude of its own (1.0s)
  ✓   733 [mobile-390] › tests/attribution.spec.ts:150:3 › attribution — what reaches the envelope › the submitted envelope carries the campaign and the host, and no query string (4.4s)
  ✓   752 [mobile-390] › tests/homepage-chrome.spec.ts:499:3 › the homepage flight deck › the altitude readout is hidden from assistive technology (465ms)
  ✓   751 [mobile-390] › tests/homepage-chrome.spec.ts:482:3 › the homepage flight deck › the readout names the stage the journey reports (1.0s)
  -   756 [mobile-390] › tests/homepage-chrome.spec.ts:559:3 › the full-screen menu on the homepage › focus is trapped inside the layer while it is open
  ✓   754 [mobile-390] › tests/homepage-chrome.spec.ts:528:3 › the full-screen menu on the homepage › the trigger names itself and points at the layer it controls (584ms)
  ✓   749 [mobile-390] › tests/homepage-chrome.spec.ts:437:3 › the homepage flight deck › the header does not chatter when the visitor hovers on a boundary (2.2s)
  ✓   755 [mobile-390] › tests/homepage-chrome.spec.ts:543:3 › the full-screen menu on the homepage › ESC closes it and focus goes back to the trigger (601ms)
  ✓   760 [mobile-390] › tests/homepage-chrome.spec.ts:683:3 › the full-screen menu on the homepage › the destinations are ordinary links and they navigate (733ms)
  ✓   757 [mobile-390] › tests/homepage-chrome.spec.ts:609:3 › the full-screen menu on the homepage › the close control closes it (1.6s)
  ✓   753 [mobile-390] › tests/homepage-chrome.spec.ts:511:3 › the full-screen menu on the homepage › opens from every header state (2.4s)
  ✓   758 [mobile-390] › tests/homepage-chrome.spec.ts:620:3 › the full-screen menu on the homepage › body scroll is locked while open and fully released after (1.8s)
  ✓   761 [mobile-390] › tests/homepage-chrome.spec.ts:704:3 › return to 0 m › is a real control with an accessible name, and it returns the page (964ms)
  ✓   762 [mobile-390] › tests/homepage-chrome.spec.ts:729:3 › return to 0 m › focus is not lost on the way up (918ms)
  ✓   764 [mobile-390] › tests/homepage-chrome.spec.ts:762:3 › the Arrival sequence and the ground-control footer › Arrival closes the journey with the real ceiling and both actions (479ms)
  ✓   765 [mobile-390] › tests/homepage-chrome.spec.ts:790:3 › the Arrival sequence and the ground-control footer › the footer is a landmark with headed groups, contact and legal links (568ms)
  ✓   763 [mobile-390] › tests/homepage-chrome.spec.ts:745:3 › return to 0 m › under reduced motion it arrives immediately (985ms)
  ✓   759 [mobile-390] › tests/homepage-chrome.spec.ts:647:3 › the full-screen menu on the homepage › opening the menu does not walk the journey back down the mountain (2.8s)
  ✓   766 [mobile-390] › tests/homepage-chrome.spec.ts:862:3 › the Arrival sequence and the ground-control footer › it is the same footer the subpages carry, not a homepage copy (625ms)
  ✓   767 [mobile-390] › tests/homepage-chrome.spec.ts:875:3 › the Arrival sequence and the ground-control footer › the homepage menu leads where the subpage menu leads (657ms)
  ✓   769 [mobile-390] › tests/homepage-chrome.spec.ts:895:3 › the Arrival sequence and the ground-control footer › the homepage introduces no duplicate ids (556ms)
  ✓   768 [mobile-390] › tests/homepage-chrome.spec.ts:885:3 › the Arrival sequence and the ground-control footer › the homepage header row leads where the subpage header row leads (671ms)
  ✓   770 [mobile-390] › tests/homepage-chrome.spec.ts:910:3 › the Arrival sequence and the ground-control footer › every chrome link on the homepage resolves (675ms)
  ✓   771 [mobile-390] › tests/homepage-chrome.spec.ts:935:5 › the chrome speaks the page’s language › hu: header, menu, Arrival and footer are all in hu (624ms)
  ✓   772 [mobile-390] › tests/homepage-chrome.spec.ts:935:5 › the chrome speaks the page’s language › en: header, menu, Arrival and footer are all in en (652ms)
  ✓   773 [mobile-390] › tests/homepage-chrome.spec.ts:935:5 › the chrome speaks the page’s language › de: header, menu, Arrival and footer are all in de (629ms)
  ✓   774 [mobile-390] › tests/homepage-chrome.spec.ts:963:3 › reduced motion › the chrome is complete and immediately usable without animation (602ms)
  -   779 [mobile-390] › tests/homepage-chrome.spec.ts:1090:5 › responsive smoke › the chrome fits and never scrolls sideways at 1024x768
  -   780 [mobile-390] › tests/homepage-chrome.spec.ts:1090:5 › responsive smoke › the chrome fits and never scrolls sideways at 375x812
  -   781 [mobile-390] › tests/homepage-chrome.spec.ts:1090:5 › responsive smoke › the chrome fits and never scrolls sideways at 360x800
  ✓   775 [mobile-390] › tests/homepage-chrome.spec.ts:978:3 › reduced motion › the menu opens directly, with no spatial delay (869ms)
  -   782 [mobile-390] › tests/homepage-chrome.spec.ts:1090:5 › responsive smoke › the chrome fits and never scrolls sideways at 844x390 landscape
  -   783 [mobile-390] › tests/homepage-chrome.spec.ts:1116:3 › responsive smoke › the chrome survives 200% zoom and increased text spacing
  ✓   778 [mobile-390] › tests/homepage-chrome.spec.ts:1054:3 › lifecycle › the header binds exactly one scroll listener and no permanent loop (990ms)
  ✓   777 [mobile-390] › tests/homepage-chrome.spec.ts:1034:3 › lifecycle › a subpage reached from the homepage carries the same working header (1.1s)
  ✓   776 [mobile-390] › tests/homepage-chrome.spec.ts:995:3 › lifecycle › navigating away and back leaves nothing behind (1.8s)
  ✓   786 [mobile-390] › tests/homepage-modality.spec.ts:332:3 › the full-screen navigation is a modal layer › keyboard focus stays in the layer, Escape closes it, and the page comes back (946ms)
  ✓   785 [mobile-390] › tests/homepage-modality.spec.ts:169:3 › the full-screen navigation is a modal layer › while it is open the page behind it cannot be reached, and afterwards it can (1.6s)
  ✓   787 [mobile-390] › tests/homepage-modality.spec.ts:452:3 › the full-screen navigation is a modal layer › reopening within the close transition does not hide the layer (1.5s)
  ✓   784 [mobile-390] › tests/homepage-history.spec.ts:223:3 › the homepage keeps the visitor’s place across history navigation › back and forward restore the position, the chapter and the chrome (2.4s)
  ✓   788 [mobile-390] › tests/lead-forms.spec.ts:100:3 › contact form › a valid submission reaches /api/lead with every field mapped (3.9s)
  ✓   789 [mobile-390] › tests/lead-forms.spec.ts:129:3 › contact form › shows the success state and clears the form (3.8s)
  ✓   791 [mobile-390] › tests/lead-forms.spec.ts:150:3 › contact form › shows the rate-limited state on 429 and lets the visitor retry (3.8s)
  ✓   792 [mobile-390] › tests/lead-forms.spec.ts:163:3 › contact form › shows a generic server-error state on 500 (3.7s)
  ✓   790 [mobile-390] › tests/lead-forms.spec.ts:141:3 › contact form › shows a submitting state while the request is in flight (5.3s)
  ✓   793 [mobile-390] › tests/lead-forms.spec.ts:177:3 › contact form › surfaces the server's own validation message on 422 (3.7s)
  ✓   794 [mobile-390] › tests/lead-forms.spec.ts:194:3 › contact form › rejects a malformed address in the page, before the network (4.4s)
  ✓   795 [mobile-390] › tests/lead-forms.spec.ts:211:3 › contact form › rejects a submission with no name at all (4.4s)
  ✓   796 [mobile-390] › tests/lead-forms.spec.ts:227:3 › contact form › an empty form never reaches the network (4.3s)
  ✓   797 [mobile-390] › tests/lead-forms.spec.ts:234:3 › contact form › carries a filled honeypot through untouched, for the server to drop (3.7s)
  ✓   800 [mobile-390] › tests/lead-forms.spec.ts:277:3 › contact form › a network failure shows the failure state and keeps everything typed (3.7s)
  ✓   803 [mobile-390] › tests/lead-forms.spec.ts:337:3 › contact form › the honeypot is hidden from sight and from the tab order (322ms)
  ✓   801 [mobile-390] › tests/lead-forms.spec.ts:289:3 › contact form › a retry after a failure re-sends the same submission id (3.8s)
  ✓   798 [mobile-390] › tests/lead-forms.spec.ts:247:3 › contact form › a double click produces exactly one request (6.2s)
  ✓   799 [mobile-390] › tests/lead-forms.spec.ts:261:3 › contact form › Enter in a text field cannot slip a second request past the disabled button (6.2s)
  ✓   804 [mobile-390] › tests/lead-forms.spec.ts:365:3 › the minimum fill wait › a backward wall-clock step during the wait cannot under-report the fill time (3.7s)
  ✓   805 [mobile-390] › tests/lead-forms.spec.ts:412:3 › the minimum fill wait › the wait clears the drop threshold with headroom rather than landing on it (3.7s)
  ✓   802 [mobile-390] › tests/lead-forms.spec.ts:318:3 › contact form › a fresh enquiry after a success gets a new submission id (7.7s)
  ✓   806 [mobile-390] › tests/lead-forms.spec.ts:434:3 › newsletter › subscribes with only an address, as its own source (3.7s)
  ✓   811 [mobile-390] › tests/lead-forms.spec.ts:587:3 › the deployed bundle › contains no Web3Forms endpoint, and no access key (40ms)
  ✓   812 [mobile-390] › tests/lead-forms.spec.ts:616:3 › the deployed bundle › the shipped controller measures the fill window on a clock that cannot move (0ms)
  ✓   813 [mobile-390] › tests/lead-forms.spec.ts:632:3 › the deployed bundle › every public form posts to the internal endpoint (7ms)
  ✓   814 [mobile-390] › tests/lead-forms.spec.ts:679:5 › the newsletter does not claim to send anything › /rolunk.html offers the form without promising delivery (351ms)
  ✓   815 [mobile-390] › tests/lead-forms.spec.ts:679:5 › the newsletter does not claim to send anything › /en/about.html offers the form without promising delivery (341ms)
  ✓   807 [mobile-390] › tests/lead-forms.spec.ts:457:3 › newsletter › the blog signup posts to the same endpoint (3.7s)
  ✓   816 [mobile-390] › tests/lead-forms.spec.ts:679:5 › the newsletter does not claim to send anything › /de/ueber-uns.html offers the form without promising delivery (376ms)
  ✓   817 [mobile-390] › tests/lead-forms.spec.ts:679:5 › the newsletter does not claim to send anything › /blog.html offers the form without promising delivery (341ms)
  ✓   818 [mobile-390] › tests/lead-forms.spec.ts:679:5 › the newsletter does not claim to send anything › /en/blog.html offers the form without promising delivery (343ms)
  ✓   819 [mobile-390] › tests/lead-forms.spec.ts:679:5 › the newsletter does not claim to send anything › /de/blog.html offers the form without promising delivery (339ms)
  ✓   820 [mobile-390] › tests/mobile-homepage-simple.spec.ts:190:3 › portrait mobile — the composition that runs › a phone gets the simple composition and exactly one canvas (543ms)
  ✓   821 [mobile-390] › tests/mobile-homepage-simple.spec.ts:211:3 › portrait mobile — the composition that runs › the Altimeter GLB is loaded and nothing else from the old scene is (1.3s)
  ✓   808 [mobile-390] › tests/lead-forms.spec.ts:472:3 › Impact Program application › maps the application into the lead schema (3.7s)
  ✓   823 [mobile-390] › tests/mobile-homepage-simple.spec.ts:315:3 › portrait mobile — the composition that runs › the document scrolls itself (454ms)
  ✓   825 [mobile-390] › tests/mobile-homepage-simple.spec.ts:406:3 › portrait mobile — the composition that runs › the page stops when the scroll stops (1.7s)
  ✓   822 [mobile-390] › tests/mobile-homepage-simple.spec.ts:236:3 › portrait mobile — the composition that runs › the renderer is not requested at all when there is no WebGL (3.6s)
  ✓   826 [mobile-390] › tests/mobile-homepage-simple.spec.ts:435:3 › portrait mobile — the composition itself › every section starts near its own top (1.1s)
  ✓   827 [mobile-390] › tests/mobile-homepage-simple.spec.ts:462:3 › portrait mobile — the composition itself › no section is a tall empty spacer (426ms)
  ✓   824 [mobile-390] › tests/mobile-homepage-simple.spec.ts:347:3 › portrait mobile — the composition that runs › nothing moves the scroll position on the page's behalf (3.1s)
  ✓   828 [mobile-390] › tests/mobile-homepage-simple.spec.ts:503:3 › portrait mobile — the composition itself › nothing paints an opaque plate across the altimeter (447ms)
  ✓   829 [mobile-390] › tests/mobile-homepage-simple.spec.ts:540:3 › portrait mobile — the composition itself › there is one altitude readout, not two (452ms)
  ✓   831 [mobile-390] › tests/mobile-homepage-simple.spec.ts:591:3 › portrait mobile — the composition itself › the altitude advances with the document and settles at the ceiling (662ms)
  ✓   832 [mobile-390] › tests/mobile-homepage-simple.spec.ts:608:3 › portrait mobile — the composition itself › every reveal completes (1.2s)
  ✓   830 [mobile-390] › tests/mobile-homepage-simple.spec.ts:553:3 › portrait mobile — the composition itself › the telemetry stays visible and above the copy (1.7s)
  ✓   833 [mobile-390] › tests/mobile-homepage-simple.spec.ts:623:3 › portrait mobile — the composition itself › the closing action is reachable at the bottom of the page (1.3s)
  ✓   835 [mobile-390] › tests/mobile-homepage-simple.spec.ts:755:3 › portrait mobile — lifecycle › the menu closes on the burger too, and traps Tab while it is open (607ms)
  ✓   834 [mobile-390] › tests/mobile-homepage-simple.spec.ts:638:3 › portrait mobile — lifecycle › the menu opens, locks only while it is open, and leaves the ascent where it was (1.2s)
  ✓   838 [mobile-390] › tests/mobile-homepage-simple.spec.ts:913:3 › portrait mobile — lifecycle › a rotation keeps the mobile composition (1.0s)
  ✓   836 [mobile-390] › tests/mobile-homepage-simple.spec.ts:818:3 › portrait mobile — lifecycle › a back navigation comes back with a live, agreeing readout (1.7s)
  ✓   837 [mobile-390] › tests/mobile-homepage-simple.spec.ts:884:3 › portrait mobile — lifecycle › browser chrome collapsing does not move the composition (1.8s)
  ✓   839 [mobile-390] › tests/mobile-homepage-simple.spec.ts:936:3 › portrait mobile — reduced motion › everything is present and nothing travels (502ms)
  ✓   840 [mobile-390] › tests/mobile-homepage-simple.spec.ts:968:3 › portrait mobile — reduced motion › the real instrument stays, and stops moving (1.8s)
  ✓   841 [mobile-390] › tests/mobile-homepage-simple.spec.ts:1034:3 › portrait mobile — the 3D instrument › nothing renders while the page is idle (4.4s)
  ✓   842 [mobile-390] › tests/mobile-homepage-simple.spec.ts:1070:3 › portrait mobile — the 3D instrument › nothing renders while the instrument is deliberately hidden (4.1s)
  ✓   844 [mobile-390] › tests/mobile-homepage-simple.spec.ts:1204:3 › portrait mobile — the 3D instrument › the instrument adds no scroll listener of its own (1.4s)
  ✓   845 [mobile-390] › tests/mobile-homepage-simple.spec.ts:1246:3 › portrait mobile — the 3D instrument › the slot has a fixed box that the instrument cannot change (1.4s)
  ✓   847 [mobile-390] › tests/not-found.spec.ts:35:5 › 404 (hu) › is in the right language and says what happened (304ms)
  -   846 [mobile-390] › tests/mobile-homepage-simple.spec.ts:1294:3 › desktop — the composition that must not have changed › a desktop viewport still gets the cinematic journey and its terrain
  ✓   848 [mobile-390] › tests/not-found.spec.ts:42:5 › 404 (hu) › offers Home, Services, Work and Contact, and they resolve (329ms)
  ✓   850 [mobile-390] › tests/not-found.spec.ts:67:5 › 404 (hu) › offers no search field it cannot honour (293ms)
  ✓   851 [mobile-390] › tests/not-found.spec.ts:74:5 › 404 (hu) › is noindex, and claims nothing about a page that does not exist (291ms)
  ✓   852 [mobile-390] › tests/not-found.spec.ts:82:5 › 404 (hu) › loads no homepage WebGL and stays inside the viewport (827ms)
  ✓   849 [mobile-390] › tests/not-found.spec.ts:58:5 › 404 (hu) › sends nobody anywhere on its own (1.8s)
  ✓   853 [mobile-390] › tests/not-found.spec.ts:35:5 › 404 (en) › is in the right language and says what happened (319ms)
  ✓   854 [mobile-390] › tests/not-found.spec.ts:42:5 › 404 (en) › offers Home, Services, Work and Contact, and they resolve (328ms)
  ✓   856 [mobile-390] › tests/not-found.spec.ts:67:5 › 404 (en) › offers no search field it cannot honour (293ms)
  ✓   857 [mobile-390] › tests/not-found.spec.ts:74:5 › 404 (en) › is noindex, and claims nothing about a page that does not exist (290ms)
  ✓   858 [mobile-390] › tests/not-found.spec.ts:82:5 › 404 (en) › loads no homepage WebGL and stays inside the viewport (822ms)
  ✓   855 [mobile-390] › tests/not-found.spec.ts:58:5 › 404 (en) › sends nobody anywhere on its own (1.8s)
  ✓   859 [mobile-390] › tests/not-found.spec.ts:35:5 › 404 (de) › is in the right language and says what happened (299ms)
  ✓   860 [mobile-390] › tests/not-found.spec.ts:42:5 › 404 (de) › offers Home, Services, Work and Contact, and they resolve (318ms)
  ✓   862 [mobile-390] › tests/not-found.spec.ts:67:5 › 404 (de) › offers no search field it cannot honour (301ms)
  ✓   863 [mobile-390] › tests/not-found.spec.ts:74:5 › 404 (de) › is noindex, and claims nothing about a page that does not exist (295ms)
  ✓   864 [mobile-390] › tests/not-found.spec.ts:82:5 › 404 (de) › loads no homepage WebGL and stays inside the viewport (837ms)
  ✓   865 [mobile-390] › tests/portal-control-room.spec.ts:39:3 › the shell › the primary navigation is the products, in order (1ms)
  ✓   866 [mobile-390] › tests/portal-control-room.spec.ts:60:3 › the shell › records are a separate, subordinate group (1ms)
  ✓   867 [mobile-390] › tests/portal-control-room.spec.ts:85:3 › the shell › every navigation item is capability-guarded (0ms)
  ✓   868 [mobile-390] › tests/portal-control-room.spec.ts:93:3 › the shell › the active route is marked by state, not only by colour (0ms)
  ✓   869 [mobile-390] › tests/portal-control-room.spec.ts:102:3 › the shell › the sidebar footer shows the environment, the identity and sign out (0ms)
  ✓   870 [mobile-390] › tests/portal-control-room.spec.ts:110:3 › the shell › the command bar carries the page heading and the global scope only (0ms)
  ✓   871 [mobile-390] › tests/portal-control-room.spec.ts:123:3 › the shell › the mobile drawer is still a focus-trapped dialog (0ms)
  ✓   872 [mobile-390] › tests/portal-control-room.spec.ts:138:3 › routes › the four products and the lead detail all have routes (0ms)
  ✓   873 [mobile-390] › tests/portal-control-room.spec.ts:145:3 › routes › every route behind the shell is capability-guarded (0ms)
  ✓   874 [mobile-390] › tests/portal-control-room.spec.ts:155:3 › routes › the whole shell is behind the session guard (0ms)
  ✓   875 [mobile-390] › tests/portal-control-room.spec.ts:159:3 › routes › System is a distinct capability from Analytics (1ms)
  ✓   876 [mobile-390] › tests/portal-control-room.spec.ts:175:3 › the Dashboard hierarchy › the six sections appear in the prescribed order (1ms)
  ✓   877 [mobile-390] › tests/portal-control-room.spec.ts:192:3 › the Dashboard hierarchy › the executive summary is one surface, not five cards (0ms)
  ✓   878 [mobile-390] › tests/portal-control-room.spec.ts:204:3 › the Dashboard hierarchy › Traffic takes eight columns and Live takes four (0ms)
  ✓   879 [mobile-390] › tests/portal-control-room.spec.ts:209:3 › the Dashboard hierarchy › yellow is scarce: it marks live, the last funnel stage and nothing else (0ms)
  ✓   880 [mobile-390] › tests/portal-control-room.spec.ts:231:3 › the Dashboard hierarchy › the system status on the Dashboard is one line, not the full readout (0ms)
  ✓   881 [mobile-390] › tests/portal-control-room.spec.ts:238:3 › the Dashboard hierarchy › attention items are derived from data, never invented (2ms)
  ✓   861 [mobile-390] › tests/not-found.spec.ts:58:5 › 404 (de) › sends nobody anywhere on its own (1.8s)
  ✓   882 [mobile-390] › tests/portal-control-room.spec.ts:260:3 › zero, empty, unavailable and not configured are four things › the primitive names all four and refuses to conflate them (0ms)
  ✓   883 [mobile-390] › tests/portal-control-room.spec.ts:283:3 › zero, empty, unavailable and not configured are four things › every screen distinguishes not-connected from empty (1ms)
  ✓   884 [mobile-390] › tests/portal-control-room.spec.ts:268:3 › zero, empty, unavailable and not configured are four things › an unconfigured analytics property never renders as a zero (1ms)
  ✓   885 [mobile-390] › tests/portal-control-room.spec.ts:290:3 › zero, empty, unavailable and not configured are four things › no screen ships a plausible hard-coded figure (1ms)
  ✓   886 [mobile-390] › tests/portal-control-room.spec.ts:312:3 › Leads is one table, and the detail is a route › the status summary is one strip of real counts (0ms)
  ✓   887 [mobile-390] › tests/portal-control-room.spec.ts:319:3 › Leads is one table, and the detail is a route › the control row offers the filters the brief asks for (0ms)
  ✓   888 [mobile-390] › tests/portal-control-room.spec.ts:327:3 › Leads is one table, and the detail is a route › filter options are built from the rows, not hard-coded (0ms)
  ✓   889 [mobile-390] › tests/portal-control-room.spec.ts:335:3 › Leads is one table, and the detail is a route › a row is clickable AND carries a real link (0ms)
  ✓   890 [mobile-390] › tests/portal-control-room.spec.ts:341:3 › Leads is one table, and the detail is a route › the leads list carries no analytics dashboard (0ms)
  ✓   891 [mobile-390] › tests/portal-control-room.spec.ts:346:3 › Leads is one table, and the detail is a route › the detail is an 8/4 split with the metadata on the right (0ms)
  ✓   892 [mobile-390] › tests/portal-control-room.spec.ts:355:3 › Leads is one table, and the detail is a route › the detail no longer fights a table for its width (0ms)
  ✓   893 [mobile-390] › tests/portal-control-room.spec.ts:370:3 › System is diagnostics and nothing else › it reports states, and states are all it can hold (0ms)
  ✓   894 [mobile-390] › tests/portal-control-room.spec.ts:377:3 › System is diagnostics and nothing else › it never renders a secret, and has no field that could hold one (1ms)
  ✓   895 [mobile-390] › tests/portal-control-room.spec.ts:403:3 › System is diagnostics and nothing else › it is not a second business dashboard (0ms)
  ✓   896 [mobile-390] › tests/portal-control-room.spec.ts:413:3 › one design system › there are three surfaces and the tokens name them (1ms)
  ✓   897 [mobile-390] › tests/portal-control-room.spec.ts:420:3 › one design system › the fonts are the self-hosted three, and no Google Fonts link returns (1ms)
  ✓   899 [mobile-390] › tests/portal-control-room.spec.ts:453:3 › one design system › charts share one system and no chart library was added (1ms)
  ✓   898 [mobile-390] › tests/portal-control-room.spec.ts:432:3 › one design system › the mark is the only Aboreto in the product (3ms)
  ✓   900 [mobile-390] › tests/portal-control-room.spec.ts:465:3 › one design system › the typographic ladder is six levels and they are defined once (0ms)
  ✓   902 [mobile-390] › tests/portal-control-room.spec.ts:489:3 › what the built artefact does › the lead detail route is guarded like the list (220ms)
  ✓   901 [mobile-390] › tests/portal-control-room.spec.ts:476:3 › what the built artefact does › the shell boots and the sign-in page is what an anonymous visitor gets (221ms)
  ✓   903 [mobile-390] › tests/portal-control-room.spec.ts:513:3 › what the built artefact does › no bundle carries a Google identifier or a service role key (4ms)
  ✓   905 [mobile-390] › tests/portal-control-room.spec.ts:526:3 › what the built artefact does › nothing scrolls sideways at any tested width (208ms)
  ✓   904 [mobile-390] › tests/portal-control-room.spec.ts:499:3 › what the built artefact does › the System route is guarded (216ms)
  ✓   906 [mobile-390] › tests/portal-revenue.spec.ts:68:3 › money › grouping is not locale-dependent (0ms)
  ✓   907 [mobile-390] › tests/portal-revenue.spec.ts:61:3 › money › an exact figure is grouped with spaces and carries its unit (0ms)
  ✓   908 [mobile-390] › tests/portal-revenue.spec.ts:87:3 › money › a compact figure trims decimals that are always zero (0ms)
  ✓   909 [mobile-390] › tests/portal-revenue.spec.ts:78:3 › money › a missing figure is null, and is never zero (0ms)
  ✓   911 [mobile-390] › tests/portal-revenue.spec.ts:94:3 › money › a negative figure uses a minus sign, not a hyphen (0ms)
  ✓   910 [mobile-390] › tests/portal-revenue.spec.ts:102:3 › money › two currencies are never added together (1ms)
  ✓   912 [mobile-390] › tests/portal-revenue.spec.ts:127:3 › money › an empty book has no primary total at all (0ms)
  ✓   913 [mobile-390] › tests/portal-revenue.spec.ts:133:3 › money › percent is a percent (0ms)
  ✓   914 [mobile-390] › tests/portal-revenue.spec.ts:139:3 › money › nothing in the money module converts between currencies (0ms)
  ✓   915 [mobile-390] › tests/portal-revenue.spec.ts:153:3 › the pipeline › there are six stages and they are not twenty (1ms)
  ✓   917 [mobile-390] › tests/portal-revenue.spec.ts:173:3 › the pipeline › the defaults are documented as defaults, in the code and in the schema (0ms)
  ✓   916 [mobile-390] › tests/portal-revenue.spec.ts:162:3 › the pipeline › the stage probabilities are the documented operational defaults (0ms)
  ✓   918 [mobile-390] › tests/portal-revenue.spec.ts:180:3 › the pipeline › weighted value is value times probability, and null when there is no value (0ms)
  ✓   919 [mobile-390] › tests/portal-revenue.spec.ts:204:3 › the pipeline › the stage distribution is the open stages, in pipeline order (0ms)
  ✓   920 [mobile-390] › tests/portal-revenue.spec.ts:215:3 › the pipeline › a stage holding two currencies withholds its total rather than adding them (0ms)
  ✓   921 [mobile-390] › tests/portal-revenue.spec.ts:227:3 › the pipeline › the pipeline and the forecast are the database aggregate, unchanged (0ms)
  ✓   922 [mobile-390] › tests/portal-revenue.spec.ts:241:3 › the pipeline › the win rate is won over closed — and is unknown, not zero, before anything closes (0ms)
  ✓   923 [mobile-390] › tests/portal-revenue.spec.ts:253:3 › the pipeline › the average won deal is per currency and never across (0ms)
  ✓   925 [mobile-390] › tests/portal-revenue.spec.ts:263:3 › the pipeline › counts come out of the aggregate rather than out of a loaded table (0ms)
  ✓   924 [mobile-390] › tests/portal-revenue.spec.ts:274:3 › project contribution › contribution is value minus direct costs, and margin is its share (1ms)
  ✓   926 [mobile-390] › tests/portal-revenue.spec.ts:287:3 › project contribution › a project with no recorded costs has NO contribution, not a full one (0ms)
  ✓   927 [mobile-390] › tests/portal-revenue.spec.ts:301:3 › project contribution › an hourly figure needs hours above zero, not merely hours (0ms)
  ✓   928 [mobile-390] › tests/portal-revenue.spec.ts:315:3 › project contribution › a project worth nothing has no margin to compute (0ms)
  ✓   929 [mobile-390] › tests/portal-revenue.spec.ts:324:3 › project contribution › the labels never claim profit (1ms)
  ✓   930 [mobile-390] › tests/portal-revenue.spec.ts:347:3 › dates and delivery › a due date reads as overdue, today, soon or later (0ms)
  ✓   931 [mobile-390] › tests/portal-revenue.spec.ts:357:3 › dates and delivery › a date due today does not become overdue at midnight UTC (0ms)
  ✓   932 [mobile-390] › tests/portal-revenue.spec.ts:365:3 › dates and delivery › progress is a fraction of the milestones, and is unknown without any (0ms)
  ✓   933 [mobile-390] › tests/portal-revenue.spec.ts:373:3 › dates and delivery › a legacy project status still renders under its own name (0ms)
  ✓   934 [mobile-390] › tests/portal-revenue.spec.ts:383:3 › dates and delivery › a live project is one that is neither finished nor put away (0ms)
  ✓   935 [mobile-390] › tests/portal-revenue.spec.ts:390:3 › dates and delivery › milestone templates are per service, and website steps are not on everything (1ms)
  ✓   937 [mobile-390] › tests/portal-revenue.spec.ts:429:3 › the attention rules › a healthy open deal produces nothing at all (0ms)
  ✓   938 [mobile-390] › tests/portal-revenue.spec.ts:433:3 › the attention rules › an open deal with no next action is flagged, and explains itself (0ms)
  ✓   939 [mobile-390] › tests/portal-revenue.spec.ts:443:3 › the attention rules › an overdue next action is urgent (0ms)
  ✓   940 [mobile-390] › tests/portal-revenue.spec.ts:448:3 › the attention rules › a passed close date is urgent, and only while the deal is still open (0ms)
  ✓   936 [mobile-390] › tests/portal-revenue.spec.ts:402:3 › dates and delivery › a short date is a short date (9ms)
  ✓   941 [mobile-390] › tests/portal-revenue.spec.ts:456:3 › the attention rules › a won deal with no client is flagged — the chain to revenue is broken (0ms)
  ✓   942 [mobile-390] › tests/portal-revenue.spec.ts:462:3 › the attention rules › every item disappears the moment the data resolves it (0ms)
  ✓   943 [mobile-390] › tests/portal-revenue.spec.ts:473:3 › the attention rules › an archived deal is not on anybody’s list (0ms)
  ✓   944 [mobile-390] › tests/portal-revenue.spec.ts:477:3 › the attention rules › a lost deal is not on anybody’s list either (0ms)
  ✓   945 [mobile-390] › tests/portal-revenue.spec.ts:481:3 › the attention rules › the project rules fire only on things the schema stores (0ms)
  ✓   946 [mobile-390] › tests/portal-revenue.spec.ts:494:3 › the attention rules › the "no milestone left" rule does not fire when the count is unknown (0ms)
  ✓   947 [mobile-390] › tests/portal-revenue.spec.ts:504:3 › the attention rules › urgent items sort first (0ms)
  ✓   948 [mobile-390] › tests/portal-revenue.spec.ts:512:3 › the attention rules › a lost reason vocabulary exists and is controlled (0ms)
  ✓   949 [mobile-390] › tests/portal-revenue.spec.ts:531:3 › the migration › it is additive — nothing is dropped, renamed or rewritten (1ms)
  ✓   950 [mobile-390] › tests/portal-revenue.spec.ts:543:3 › the migration › every new column is nullable or defaulted (0ms)
  ✓   952 [mobile-390] › tests/portal-revenue.spec.ts:567:3 › the migration › there is no delete policy on the business records (0ms)
  ✓   951 [mobile-390] › tests/portal-revenue.spec.ts:557:3 › the migration › every new table has RLS enabled and forced (1ms)
  ✓   953 [mobile-390] › tests/portal-revenue.spec.ts:577:3 › the migration › a note cannot be written in somebody else’s name (0ms)
  ✓   954 [mobile-390] › tests/portal-revenue.spec.ts:584:3 › the migration › anon holds nothing on any new table (1ms)
  ✓   955 [mobile-390] › tests/portal-revenue.spec.ts:592:3 › the migration › the aggregates are SECURITY INVOKER (0ms)
  ✓   956 [mobile-390] › tests/portal-revenue.spec.ts:603:3 › the migration › the audit triggers are definer with a pinned search_path (1ms)
  ✓   957 [mobile-390] › tests/portal-revenue.spec.ts:614:3 › the migration › the database enforces the numbers, not only the dropdowns (1ms)
  ✓   958 [mobile-390] › tests/portal-revenue.spec.ts:624:3 › the migration › an opportunity must belong to somebody (0ms)
  ✓   959 [mobile-390] › tests/portal-revenue.spec.ts:628:3 › the migration › a lost reason can only exist on a lost deal (0ms)
  ✓   960 [mobile-390] › tests/portal-revenue.spec.ts:632:3 › the migration › a project link can only ever be http or https (0ms)
  ✓   961 [mobile-390] › tests/portal-revenue.spec.ts:637:3 › the migration › a lead is never deleted when it is converted (0ms)
  ✓   962 [mobile-390] › tests/portal-revenue.spec.ts:644:3 › the migration › nothing in the schema converts between currencies (0ms)
  ✓   963 [mobile-390] › tests/portal-revenue.spec.ts:649:3 › the migration › the enum extension is used nowhere in the same transaction (0ms)
  ✓   964 [mobile-390] › tests/portal-revenue.spec.ts:663:3 › the P2 modules › the navigation gains Sales, Clients and Projects as products (0ms)
  ✓   965 [mobile-390] › tests/portal-revenue.spec.ts:677:3 › the P2 modules › every P2 route is behind a capability guard (1ms)
  ✓   966 [mobile-390] › tests/portal-revenue.spec.ts:693:3 › the P2 modules › a client cannot reach the commercial book (0ms)
  ✓   967 [mobile-390] › tests/portal-revenue.spec.ts:705:3 › the P2 modules › the pipeline stage can be changed without a mouse (1ms)
  ✓   968 [mobile-390] › tests/portal-revenue.spec.ts:720:3 › the P2 modules › the dialog does everything a modal owes a keyboard (1ms)
  ✓   969 [mobile-390] › tests/portal-revenue.spec.ts:734:3 › the P2 modules › nothing in the P2 screens renders stored markup (2ms)
  ✓   970 [mobile-390] › tests/portal-revenue.spec.ts:749:3 › the P2 modules › a stored URL only becomes an href through safeUrl (0ms)
  ✓   971 [mobile-390] › tests/portal-revenue.spec.ts:764:3 › the P2 modules › the Dashboard never loads the business to summarise it (0ms)
  ✓   972 [mobile-390] › tests/portal-revenue.spec.ts:776:3 › the P2 modules › the entry bundle does not import the lazy modules (1ms)
  ✓   973 [mobile-390] › tests/portal-revenue.spec.ts:789:3 › the P2 modules › the pure modules stay pure (0ms)
  ✓   974 [mobile-390] › tests/portal-revenue.spec.ts:797:3 › the P2 modules › the P2 modules handle an empty account without inventing anything (1ms)
  ✓   975 [mobile-390] › tests/portal-revenue.spec.ts:806:3 › the P2 modules › a missing figure reads as Not recorded, never as a zero (1ms)
  ✓   976 [mobile-390] › tests/portal-revenue.spec.ts:815:3 › the P2 modules › the attribution screen states its methodology beside the numbers (0ms)
  ✓   977 [mobile-390] › tests/portal-revenue.spec.ts:826:3 › the P2 modules › GA4 analytics is not regressed (1ms)
  ✓   979 [mobile-390] › tests/portal.spec.ts:29:3 › portal shell › is marked noindex (213ms)
  ✓   978 [mobile-390] › tests/portal.spec.ts:18:3 › portal shell › serves and boots without crashing (214ms)
  ✓   980 [mobile-390] › tests/portal.spec.ts:34:3 › portal shell › an unauthenticated visitor is sent to sign in (211ms)
  ✓   981 [mobile-390] › tests/portal.spec.ts:41:3 › portal shell › protected routes redirect rather than render (218ms)
  ✓   982 [mobile-390] › tests/portal.spec.ts:55:3 › portal shell › the bundle contains no service role key (6ms)
  ✓   983 [mobile-390] › tests/portal.spec.ts:75:3 › sign-in form › validates before it submits anything (251ms)
  ✓   984 [mobile-390] › tests/portal.spec.ts:81:3 › sign-in form › rejects a malformed address (268ms)
  ✓   985 [mobile-390] › tests/portal.spec.ts:88:3 › sign-in form › offers no route to create an account (208ms)
  ✓   986 [mobile-390] › tests/portal.spec.ts:94:3 › sign-in form › every field has a real label (211ms)
  ✓   987 [mobile-390] › tests/portal.spec.ts:99:3 › sign-in form › the form is reachable and operable by keyboard (240ms)
  ✓   988 [mobile-390] › tests/portal.spec.ts:109:3 › password reset › does not reveal whether an address has an account (259ms)
  ✓   990 [mobile-390] › tests/portal.spec.ts:183:3 › the portal renders stored values as text, never as markup › nothing anywhere writes HTML from a value (3ms)
  ✓   991 [mobile-390] › tests/portal.spec.ts:206:3 › the portal renders stored values as text, never as markup › no link is built from a stored value without a fixed scheme (3ms)
  ✓   992 [mobile-390] › tests/portal.spec.ts:236:3 › the portal renders stored values as text, never as markup › long unbroken content cannot destroy the layout (2ms)
  ✓   993 [mobile-390] › tests/portal.spec.ts:265:3 › the portal renders stored values as text, never as markup › an unrecognised meta key still renders rather than vanishing (1ms)
  ✓   994 [mobile-390] › tests/portal.spec.ts:334:3 › responsive › only the table scrolls sideways, and nothing states a pixel width (1ms)
  ✓   995 [mobile-390] › tests/portal.spec.ts:357:3 › responsive › the table wrapper is the only horizontal scroller (1ms)
  ✓   996 [mobile-390] › tests/portal.spec.ts:369:3 › responsive › every long stored string is allowed to break (1ms)
  ✓   989 [mobile-390] › tests/portal.spec.ts:141:3 › responsive › no horizontal overflow at any tested width (213ms)
  ✓   997 [mobile-390] › tests/portal.spec.ts:408:3 › safeUrl — the scheme a stored address is allowed to have › refuses every scheme that is not http or https (208ms)
  ✓   998 [mobile-390] › tests/portal.spec.ts:428:3 › safeUrl — the scheme a stored address is allowed to have › keeps real addresses working, with or without a scheme (203ms)
  ✓   999 [mobile-390] › tests/public-site.spec.ts:79:3 › homepage › loads with the hero, the altimeter and no console errors (444ms)
  ✓  1001 [mobile-390] › tests/public-site.spec.ts:137:3 › homepage › the page never scrolls sideways (575ms)
  ✓  1002 [mobile-390] › tests/public-site.spec.ts:146:3 › homepage › has one h1 and a skip link (404ms)
  ✓  1003 [mobile-390] › tests/public-site.spec.ts:152:3 › homepage › the hero call to action reaches the questionnaire (482ms)
  ✓  1000 [mobile-390] › tests/public-site.spec.ts:112:3 › homepage › altitude climbs as the visitor scrolls (2.1s)
  ✓  1004 [mobile-390] › tests/public-site.spec.ts:170:3 › homepage › the journey initialises: track, stages and the closing call to action (406ms)
  ✓  1006 [mobile-390] › tests/public-site.spec.ts:240:5 › homepage › the hu homepage is its own entry point with its own links (436ms)
  ✓  1007 [mobile-390] › tests/public-site.spec.ts:240:5 › homepage › the en homepage is its own entry point with its own links (453ms)
  ✓  1008 [mobile-390] › tests/public-site.spec.ts:240:5 › homepage › the de homepage is its own entry point with its own links (442ms)
  ✓  1009 [mobile-390] › tests/public-site.spec.ts:264:5 › structure and content › /index.html responds and has a title and description (401ms)
  ✓  1010 [mobile-390] › tests/public-site.spec.ts:264:5 › structure and content › /rolunk.html responds and has a title and description (372ms)
  ✓  1011 [mobile-390] › tests/public-site.spec.ts:264:5 › structure and content › /kkv.html responds and has a title and description (334ms)
  ✓  1005 [mobile-390] › tests/public-site.spec.ts:191:3 › homepage › the stage the visitor is in is exposed to assistive technology (2.7s)
  ✓  1013 [mobile-390] › tests/public-site.spec.ts:264:5 › structure and content › /branding.html responds and has a title and description (310ms)
  ✓  1014 [mobile-390] › tests/public-site.spec.ts:264:5 › structure and content › /hirdeteskezeles.html responds and has a title and description (347ms)
  ✓  1015 [mobile-390] › tests/public-site.spec.ts:264:5 › structure and content › /impact-program.html responds and has a title and description (331ms)
  ✓  1016 [mobile-390] › tests/public-site.spec.ts:264:5 › structure and content › /blog.html responds and has a title and description (322ms)
  ✓  1017 [mobile-390] › tests/public-site.spec.ts:264:5 › structure and content › /ugyfelszolgalat.html responds and has a title and description (320ms)
  ✓  1018 [mobile-390] › tests/public-site.spec.ts:264:5 › structure and content › /arajanlat.html responds and has a title and description (281ms)
  ✓  1019 [mobile-390] › tests/public-site.spec.ts:273:3 › structure and content › every image declares alt text (372ms)
  ✓  1020 [mobile-390] › tests/public-site.spec.ts:281:3 › structure and content › the three languages are cross-linked with hreflang (379ms)
  ✓  1021 [mobile-390] › tests/public-site.spec.ts:288:3 › structure and content › English and German homepages render (476ms)
  -  1022 [mobile-390] › tests/public-site.spec.ts:298:3 › reduced motion › the ascent degrades to a readable document
  -  1023 [mobile-390] › tests/public-site.spec.ts:327:3 › reduced motion › the reduced-motion test environment is genuinely active
  ✓  1024 [mobile-390] › tests/public-site.spec.ts:358:3 › deploy artefacts › robots.txt keeps the portal out of the index (4ms)
  ✓  1025 [mobile-390] › tests/public-site.spec.ts:366:3 › deploy artefacts › sitemap.xml lists all three languages (3ms)
  ✓   843 [mobile-390] › tests/mobile-homepage-simple.spec.ts:1089:3 › portrait mobile — the 3D instrument › the instrument is still there, still reading, and never on the readout (20.8s)
  ✓  1027 [mobile-390] › tests/public-site.spec.ts:429:3 › deploy artefacts › no built page carries an executable inline script (4ms)
  ✓  1026 [mobile-390] › tests/public-site.spec.ts:396:3 › deploy artefacts › every sitemap URL is the canonical of the page it points at (102ms)
  ✓   809 [mobile-390] › tests/lead-forms.spec.ts:527:3 › questionnaire › the wizard submits to /api/lead and shows the success screen (33.2s)
  ✓   810 [mobile-390] › tests/lead-forms.spec.ts:558:3 › questionnaire › shows the rate-limited screen when the endpoint says 429 (33.2s)
  ✓  1029 [mobile-430] › tests/harness.spec.ts:73:3 › the test environment itself › the rasteriser is either hardware, or declared (825ms)
  ✓  1028 [mobile-430] › tests/harness.spec.ts:64:3 › the test environment itself › WebGL is available to this project at all (824ms)
  -  1032 [mobile-430] › tests/homepage-chrome.spec.ts:315:3 › the homepage flight deck › desktop navigation is visible at the top and collapses into the trigger
  ✓  1031 [mobile-430] › tests/homepage-chrome.spec.ts:295:3 › the homepage flight deck › the opening state is the full wordmark over a transparent header (750ms)
  ✓  1034 [mobile-430] › tests/homepage-chrome.spec.ts:378:3 › the homepage flight deck › the destination state resolves near the end and reveals the CTA (880ms)
  ✓  1033 [mobile-430] › tests/homepage-chrome.spec.ts:337:3 › the homepage flight deck › the journey state compacts the wordmark and keeps the header short (1.4s)
  ✓  1035 [mobile-430] › tests/homepage-chrome.spec.ts:398:3 › the homepage flight deck › the states are reversible and the top of the page is always the opening state (1.5s)
  ✓  1036 [mobile-430] › tests/homepage-chrome.spec.ts:415:3 › the homepage flight deck › a single jump lands on the right state, not one short of it (836ms)
  ✓  1038 [mobile-430] › tests/homepage-chrome.spec.ts:459:3 › the homepage flight deck › the header prints the journey altitude, not an altitude of its own (1.0s)
  ✓  1039 [mobile-430] › tests/homepage-chrome.spec.ts:482:3 › the homepage flight deck › the readout names the stage the journey reports (1.0s)
  ✓  1030 [mobile-430] › tests/harness.spec.ts:106:3 › the test environment itself › the page is getting a usable frame rate (3.8s)
  ✓  1040 [mobile-430] › tests/homepage-chrome.spec.ts:499:3 › the homepage flight deck › the altitude readout is hidden from assistive technology (485ms)
  ✓  1037 [mobile-430] › tests/homepage-chrome.spec.ts:437:3 › the homepage flight deck › the header does not chatter when the visitor hovers on a boundary (2.1s)
  ✓  1042 [mobile-430] › tests/homepage-chrome.spec.ts:528:3 › the full-screen menu on the homepage › the trigger names itself and points at the layer it controls (569ms)
  -  1044 [mobile-430] › tests/homepage-chrome.spec.ts:559:3 › the full-screen menu on the homepage › focus is trapped inside the layer while it is open
  ✓  1043 [mobile-430] › tests/homepage-chrome.spec.ts:543:3 › the full-screen menu on the homepage › ESC closes it and focus goes back to the trigger (608ms)
  ✓  1045 [mobile-430] › tests/homepage-chrome.spec.ts:609:3 › the full-screen menu on the homepage › the close control closes it (1.5s)
  ✓  1041 [mobile-430] › tests/homepage-chrome.spec.ts:511:3 › the full-screen menu on the homepage › opens from every header state (2.5s)
  ✓  1046 [mobile-430] › tests/homepage-chrome.spec.ts:620:3 › the full-screen menu on the homepage › body scroll is locked while open and fully released after (1.8s)
  ✓  1048 [mobile-430] › tests/homepage-chrome.spec.ts:683:3 › the full-screen menu on the homepage › the destinations are ordinary links and they navigate (711ms)
  ✓  1049 [mobile-430] › tests/homepage-chrome.spec.ts:704:3 › return to 0 m › is a real control with an accessible name, and it returns the page (987ms)
  ✓  1050 [mobile-430] › tests/homepage-chrome.spec.ts:729:3 › return to 0 m › focus is not lost on the way up (900ms)
  ✓  1047 [mobile-430] › tests/homepage-chrome.spec.ts:647:3 › the full-screen menu on the homepage › opening the menu does not walk the journey back down the mountain (2.6s)
  ✓  1051 [mobile-430] › tests/homepage-chrome.spec.ts:745:3 › return to 0 m › under reduced motion it arrives immediately (915ms)
  ✓  1052 [mobile-430] › tests/homepage-chrome.spec.ts:762:3 › the Arrival sequence and the ground-control footer › Arrival closes the journey with the real ceiling and both actions (476ms)
  ✓  1053 [mobile-430] › tests/homepage-chrome.spec.ts:790:3 › the Arrival sequence and the ground-control footer › the footer is a landmark with headed groups, contact and legal links (611ms)
  ✓  1054 [mobile-430] › tests/homepage-chrome.spec.ts:862:3 › the Arrival sequence and the ground-control footer › it is the same footer the subpages carry, not a homepage copy (626ms)
  ✓  1055 [mobile-430] › tests/homepage-chrome.spec.ts:875:3 › the Arrival sequence and the ground-control footer › the homepage menu leads where the subpage menu leads (643ms)
  ✓  1056 [mobile-430] › tests/homepage-chrome.spec.ts:885:3 › the Arrival sequence and the ground-control footer › the homepage header row leads where the subpage header row leads (636ms)
  ✓  1057 [mobile-430] › tests/homepage-chrome.spec.ts:895:3 › the Arrival sequence and the ground-control footer › the homepage introduces no duplicate ids (536ms)
  ✓  1058 [mobile-430] › tests/homepage-chrome.spec.ts:910:3 › the Arrival sequence and the ground-control footer › every chrome link on the homepage resolves (585ms)
  ✓  1059 [mobile-430] › tests/homepage-chrome.spec.ts:935:5 › the chrome speaks the page’s language › hu: header, menu, Arrival and footer are all in hu (611ms)
  ✓  1060 [mobile-430] › tests/homepage-chrome.spec.ts:935:5 › the chrome speaks the page’s language › en: header, menu, Arrival and footer are all in en (545ms)
  ✓  1061 [mobile-430] › tests/homepage-chrome.spec.ts:935:5 › the chrome speaks the page’s language › de: header, menu, Arrival and footer are all in de (584ms)
  ✓  1062 [mobile-430] › tests/homepage-chrome.spec.ts:963:3 › reduced motion › the chrome is complete and immediately usable without animation (517ms)
  ✓  1063 [mobile-430] › tests/homepage-chrome.spec.ts:978:3 › reduced motion › the menu opens directly, with no spatial delay (804ms)
  -  1067 [mobile-430] › tests/homepage-chrome.spec.ts:1090:5 › responsive smoke › the chrome fits and never scrolls sideways at 1024x768
  -  1068 [mobile-430] › tests/homepage-chrome.spec.ts:1090:5 › responsive smoke › the chrome fits and never scrolls sideways at 375x812
  ✓  1065 [mobile-430] › tests/homepage-chrome.spec.ts:1034:3 › lifecycle › a subpage reached from the homepage carries the same working header (984ms)
  -  1069 [mobile-430] › tests/homepage-chrome.spec.ts:1090:5 › responsive smoke › the chrome fits and never scrolls sideways at 360x800
  ✓  1066 [mobile-430] › tests/homepage-chrome.spec.ts:1054:3 › lifecycle › the header binds exactly one scroll listener and no permanent loop (927ms)
  -  1070 [mobile-430] › tests/homepage-chrome.spec.ts:1090:5 › responsive smoke › the chrome fits and never scrolls sideways at 844x390 landscape
  -  1071 [mobile-430] › tests/homepage-chrome.spec.ts:1116:3 › responsive smoke › the chrome survives 200% zoom and increased text spacing
  ✓  1064 [mobile-430] › tests/homepage-chrome.spec.ts:995:3 › lifecycle › navigating away and back leaves nothing behind (1.7s)
  ✓  1072 [mobile-430] › tests/lead-forms.spec.ts:100:3 › contact form › a valid submission reaches /api/lead with every field mapped (3.9s)
  ✓  1073 [mobile-430] › tests/lead-forms.spec.ts:129:3 › contact form › shows the success state and clears the form (3.9s)
  ✓  1075 [mobile-430] › tests/lead-forms.spec.ts:150:3 › contact form › shows the rate-limited state on 429 and lets the visitor retry (3.8s)
  ✓  1074 [mobile-430] › tests/lead-forms.spec.ts:141:3 › contact form › shows a submitting state while the request is in flight (5.4s)
  ✓  1076 [mobile-430] › tests/lead-forms.spec.ts:163:3 › contact form › shows a generic server-error state on 500 (3.8s)
  ✓  1077 [mobile-430] › tests/lead-forms.spec.ts:177:3 › contact form › surfaces the server's own validation message on 422 (3.8s)
  ✓  1078 [mobile-430] › tests/lead-forms.spec.ts:194:3 › contact form › rejects a malformed address in the page, before the network (4.4s)
  ✓  1079 [mobile-430] › tests/lead-forms.spec.ts:211:3 › contact form › rejects a submission with no name at all (4.4s)
  ✓  1081 [mobile-430] › tests/lead-forms.spec.ts:234:3 › contact form › carries a filled honeypot through untouched, for the server to drop (3.8s)
  ✓  1080 [mobile-430] › tests/lead-forms.spec.ts:227:3 › contact form › an empty form never reaches the network (4.4s)
  ✓  1082 [mobile-430] › tests/lead-forms.spec.ts:247:3 › contact form › a double click produces exactly one request (6.3s)
  ✓  1084 [mobile-430] › tests/lead-forms.spec.ts:277:3 › contact form › a network failure shows the failure state and keeps everything typed (3.7s)
  ✓  1087 [mobile-430] › tests/lead-forms.spec.ts:337:3 › contact form › the honeypot is hidden from sight and from the tab order (339ms)

[nav-boundary] lastConfirmedState=GOTO_CALLED  bundle=/Users/arturlukacs/stratos-hermetic/subject/_build/reports/final-navigation-boundary/failures/g6-01/mobile-390--nagyvallalat.html-responds-and-has-a-title-and-description

  ✘  1012 [mobile-390] › tests/public-site.spec.ts:264:5 › structure and content › /nagyvallalat.html responds and has a title and description (30.1s)
  ✓  1085 [mobile-430] › tests/lead-forms.spec.ts:289:3 › contact form › a retry after a failure re-sends the same submission id (3.8s)
  ✓  1083 [mobile-430] › tests/lead-forms.spec.ts:261:3 › contact form › Enter in a text field cannot slip a second request past the disabled button (6.2s)
  ✓  1088 [mobile-430] › tests/lead-forms.spec.ts:365:3 › the minimum fill wait › a backward wall-clock step during the wait cannot under-report the fill time (3.7s)
  ✓  1089 [mobile-430] › tests/lead-forms.spec.ts:434:3 › newsletter › subscribes with only an address, as its own source (3.8s)
  ✓  1091 [mobile-430] › tests/lead-forms.spec.ts:457:3 › newsletter › the blog signup posts to the same endpoint (3.7s)
  ✓  1090 [mobile-430] › tests/lead-forms.spec.ts:412:3 › the minimum fill wait › the wait clears the drop threshold with headroom rather than landing on it (3.9s)
  ✓  1095 [mobile-430] › tests/lead-forms.spec.ts:587:3 › the deployed bundle › contains no Web3Forms endpoint, and no access key (38ms)
  ✓  1096 [mobile-430] › tests/lead-forms.spec.ts:616:3 › the deployed bundle › the shipped controller measures the fill window on a clock that cannot move (0ms)
  ✓  1097 [mobile-430] › tests/lead-forms.spec.ts:632:3 › the deployed bundle › every public form posts to the internal endpoint (8ms)
  ✓  1098 [mobile-430] › tests/lead-forms.spec.ts:679:5 › the newsletter does not claim to send anything › /rolunk.html offers the form without promising delivery (385ms)
  ✓  1099 [mobile-430] › tests/lead-forms.spec.ts:679:5 › the newsletter does not claim to send anything › /en/about.html offers the form without promising delivery (370ms)
  ✓  1100 [mobile-430] › tests/lead-forms.spec.ts:679:5 › the newsletter does not claim to send anything › /de/ueber-uns.html offers the form without promising delivery (362ms)
  ✓  1101 [mobile-430] › tests/lead-forms.spec.ts:679:5 › the newsletter does not claim to send anything › /blog.html offers the form without promising delivery (343ms)
  ✓  1102 [mobile-430] › tests/lead-forms.spec.ts:679:5 › the newsletter does not claim to send anything › /en/blog.html offers the form without promising delivery (347ms)
  ✓  1103 [mobile-430] › tests/lead-forms.spec.ts:679:5 › the newsletter does not claim to send anything › /de/blog.html offers the form without promising delivery (343ms)
  ✓  1086 [mobile-430] › tests/lead-forms.spec.ts:318:3 › contact form › a fresh enquiry after a success gets a new submission id (7.7s)
  ✓  1104 [mobile-430] › tests/mobile-homepage-simple.spec.ts:190:3 › portrait mobile — the composition that runs › a phone gets the simple composition and exactly one canvas (561ms)
  ✓  1092 [mobile-430] › tests/lead-forms.spec.ts:472:3 › Impact Program application › maps the application into the lead schema (3.7s)
  ✓  1107 [mobile-430] › tests/mobile-homepage-simple.spec.ts:315:3 › portrait mobile — the composition that runs › the document scrolls itself (523ms)
  ✓  1105 [mobile-430] › tests/mobile-homepage-simple.spec.ts:211:3 › portrait mobile — the composition that runs › the Altimeter GLB is loaded and nothing else from the old scene is (1.3s)
  ✓  1109 [mobile-430] › tests/mobile-homepage-simple.spec.ts:406:3 › portrait mobile — the composition that runs › the page stops when the scroll stops (1.6s)
  ✓  1110 [mobile-430] › tests/mobile-homepage-simple.spec.ts:435:3 › portrait mobile — the composition itself › every section starts near its own top (986ms)
  ✓  1106 [mobile-430] › tests/mobile-homepage-simple.spec.ts:236:3 › portrait mobile — the composition that runs › the renderer is not requested at all when there is no WebGL (3.7s)
  ✓  1108 [mobile-430] › tests/mobile-homepage-simple.spec.ts:347:3 › portrait mobile — the composition that runs › nothing moves the scroll position on the page's behalf (3.2s)
  ✓  1111 [mobile-430] › tests/mobile-homepage-simple.spec.ts:462:3 › portrait mobile — the composition itself › no section is a tall empty spacer (469ms)
  ✓  1112 [mobile-430] › tests/mobile-homepage-simple.spec.ts:503:3 › portrait mobile — the composition itself › nothing paints an opaque plate across the altimeter (461ms)
  ✓  1113 [mobile-430] › tests/mobile-homepage-simple.spec.ts:540:3 › portrait mobile — the composition itself › there is one altitude readout, not two (475ms)
  ✓  1115 [mobile-430] › tests/mobile-homepage-simple.spec.ts:591:3 › portrait mobile — the composition itself › the altitude advances with the document and settles at the ceiling (672ms)
  ✓  1116 [mobile-430] › tests/mobile-homepage-simple.spec.ts:608:3 › portrait mobile — the composition itself › every reveal completes (1.1s)
  ✓  1114 [mobile-430] › tests/mobile-homepage-simple.spec.ts:553:3 › portrait mobile — the composition itself › the telemetry stays visible and above the copy (1.6s)
  ✓  1117 [mobile-430] › tests/mobile-homepage-simple.spec.ts:623:3 › portrait mobile — the composition itself › the closing action is reachable at the bottom of the page (1.2s)
  ✓  1119 [mobile-430] › tests/mobile-homepage-simple.spec.ts:755:3 › portrait mobile — lifecycle › the menu closes on the burger too, and traps Tab while it is open (619ms)
  ✓  1118 [mobile-430] › tests/mobile-homepage-simple.spec.ts:638:3 › portrait mobile — lifecycle › the menu opens, locks only while it is open, and leaves the ascent where it was (1.2s)
  ✓  1120 [mobile-430] › tests/mobile-homepage-simple.spec.ts:818:3 › portrait mobile — lifecycle › a back navigation comes back with a live, agreeing readout (1.6s)
  ✓  1122 [mobile-430] › tests/mobile-homepage-simple.spec.ts:913:3 › portrait mobile — lifecycle › a rotation keeps the mobile composition (1.1s)
  ✓  1121 [mobile-430] › tests/mobile-homepage-simple.spec.ts:884:3 › portrait mobile — lifecycle › browser chrome collapsing does not move the composition (1.7s)
  ✓  1123 [mobile-430] › tests/mobile-homepage-simple.spec.ts:936:3 › portrait mobile — reduced motion › everything is present and nothing travels (517ms)
  ✓  1124 [mobile-430] › tests/mobile-homepage-simple.spec.ts:968:3 › portrait mobile — reduced motion › the real instrument stays, and stops moving (1.9s)
  ✓  1126 [mobile-430] › tests/mobile-homepage-simple.spec.ts:1070:3 › portrait mobile — the 3D instrument › nothing renders while the instrument is deliberately hidden (4.1s)
  ✓  1125 [mobile-430] › tests/mobile-homepage-simple.spec.ts:1034:3 › portrait mobile — the 3D instrument › nothing renders while the page is idle (4.4s)
  ✓  1128 [mobile-430] › tests/mobile-homepage-simple.spec.ts:1204:3 › portrait mobile — the 3D instrument › the instrument adds no scroll listener of its own (1.4s)
  ✓  1129 [mobile-430] › tests/mobile-homepage-simple.spec.ts:1246:3 › portrait mobile — the 3D instrument › the slot has a fixed box that the instrument cannot change (1.4s)
  ✓  1131 [mobile-430] › tests/portal.spec.ts:18:3 › portal shell › serves and boots without crashing (213ms)
  -  1130 [mobile-430] › tests/mobile-homepage-simple.spec.ts:1294:3 › desktop — the composition that must not have changed › a desktop viewport still gets the cinematic journey and its terrain
  ✓  1132 [mobile-430] › tests/portal.spec.ts:29:3 › portal shell › is marked noindex (216ms)
  ✓  1133 [mobile-430] › tests/portal.spec.ts:34:3 › portal shell › an unauthenticated visitor is sent to sign in (221ms)
  ✓  1135 [mobile-430] › tests/portal.spec.ts:55:3 › portal shell › the bundle contains no service role key (11ms)
  ✓  1134 [mobile-430] › tests/portal.spec.ts:41:3 › portal shell › protected routes redirect rather than render (220ms)
  ✓  1136 [mobile-430] › tests/portal.spec.ts:75:3 › sign-in form › validates before it submits anything (253ms)
  ✓  1137 [mobile-430] › tests/portal.spec.ts:81:3 › sign-in form › rejects a malformed address (261ms)
  ✓  1138 [mobile-430] › tests/portal.spec.ts:88:3 › sign-in form › offers no route to create an account (216ms)
  ✓  1139 [mobile-430] › tests/portal.spec.ts:94:3 › sign-in form › every field has a real label (220ms)
  ✓  1140 [mobile-430] › tests/portal.spec.ts:99:3 › sign-in form › the form is reachable and operable by keyboard (254ms)
  ✓  1141 [mobile-430] › tests/portal.spec.ts:109:3 › password reset › does not reveal whether an address has an account (264ms)
  ✓  1143 [mobile-430] › tests/portal.spec.ts:183:3 › the portal renders stored values as text, never as markup › nothing anywhere writes HTML from a value (7ms)
  ✓  1144 [mobile-430] › tests/portal.spec.ts:206:3 › the portal renders stored values as text, never as markup › no link is built from a stored value without a fixed scheme (3ms)
  ✓  1145 [mobile-430] › tests/portal.spec.ts:236:3 › the portal renders stored values as text, never as markup › long unbroken content cannot destroy the layout (1ms)
  ✓  1146 [mobile-430] › tests/portal.spec.ts:265:3 › the portal renders stored values as text, never as markup › an unrecognised meta key still renders rather than vanishing (2ms)
  ✓  1147 [mobile-430] › tests/portal.spec.ts:334:3 › responsive › only the table scrolls sideways, and nothing states a pixel width (2ms)
  ✓  1148 [mobile-430] › tests/portal.spec.ts:357:3 › responsive › the table wrapper is the only horizontal scroller (1ms)
  ✓  1149 [mobile-430] › tests/portal.spec.ts:369:3 › responsive › every long stored string is allowed to break (1ms)
  ✓  1142 [mobile-430] › tests/portal.spec.ts:141:3 › responsive › no horizontal overflow at any tested width (219ms)
  ✓  1150 [mobile-430] › tests/portal.spec.ts:408:3 › safeUrl — the scheme a stored address is allowed to have › refuses every scheme that is not http or https (210ms)
  ✓  1151 [mobile-430] › tests/portal.spec.ts:428:3 › safeUrl — the scheme a stored address is allowed to have › keeps real addresses working, with or without a scheme (211ms)
  ✓  1152 [mobile-430] › tests/public-site.spec.ts:79:3 › homepage › loads with the hero, the altimeter and no console errors (487ms)
  ✓  1154 [mobile-430] › tests/public-site.spec.ts:137:3 › homepage › the page never scrolls sideways (593ms)
  ✓  1155 [mobile-430] › tests/public-site.spec.ts:146:3 › homepage › has one h1 and a skip link (420ms)
  ✓  1156 [mobile-430] › tests/public-site.spec.ts:152:3 › homepage › the hero call to action reaches the questionnaire (525ms)
  ✓  1153 [mobile-430] › tests/public-site.spec.ts:112:3 › homepage › altitude climbs as the visitor scrolls (2.2s)
  ✓  1157 [mobile-430] › tests/public-site.spec.ts:170:3 › homepage › the journey initialises: track, stages and the closing call to action (433ms)
  ✓  1159 [mobile-430] › tests/public-site.spec.ts:240:5 › homepage › the hu homepage is its own entry point with its own links (472ms)
  ✓  1160 [mobile-430] › tests/public-site.spec.ts:240:5 › homepage › the en homepage is its own entry point with its own links (483ms)
  ✓  1161 [mobile-430] › tests/public-site.spec.ts:240:5 › homepage › the de homepage is its own entry point with its own links (452ms)
  ✓  1162 [mobile-430] › tests/public-site.spec.ts:264:5 › structure and content › /index.html responds and has a title and description (423ms)
  ✓  1163 [mobile-430] › tests/public-site.spec.ts:264:5 › structure and content › /rolunk.html responds and has a title and description (370ms)
  ✓  1158 [mobile-430] › tests/public-site.spec.ts:191:3 › homepage › the stage the visitor is in is exposed to assistive technology (2.7s)
  ✓  1164 [mobile-430] › tests/public-site.spec.ts:264:5 › structure and content › /kkv.html responds and has a title and description (354ms)
  ✓  1165 [mobile-430] › tests/public-site.spec.ts:264:5 › structure and content › /nagyvallalat.html responds and has a title and description (405ms)
  ✓  1166 [mobile-430] › tests/public-site.spec.ts:264:5 › structure and content › /branding.html responds and has a title and description (349ms)
  ✓  1167 [mobile-430] › tests/public-site.spec.ts:264:5 › structure and content › /hirdeteskezeles.html responds and has a title and description (365ms)
  ✓  1168 [mobile-430] › tests/public-site.spec.ts:264:5 › structure and content › /impact-program.html responds and has a title and description (373ms)
  ✓  1169 [mobile-430] › tests/public-site.spec.ts:264:5 › structure and content › /blog.html responds and has a title and description (373ms)
  ✓  1170 [mobile-430] › tests/public-site.spec.ts:264:5 › structure and content › /ugyfelszolgalat.html responds and has a title and description (368ms)
  ✓  1171 [mobile-430] › tests/public-site.spec.ts:264:5 › structure and content › /arajanlat.html responds and has a title and description (326ms)
  ✓  1172 [mobile-430] › tests/public-site.spec.ts:273:3 › structure and content › every image declares alt text (445ms)
  ✓  1173 [mobile-430] › tests/public-site.spec.ts:281:3 › structure and content › the three languages are cross-linked with hreflang (451ms)
  -  1175 [mobile-430] › tests/public-site.spec.ts:298:3 › reduced motion › the ascent degrades to a readable document
  -  1176 [mobile-430] › tests/public-site.spec.ts:327:3 › reduced motion › the reduced-motion test environment is genuinely active
  ✓  1174 [mobile-430] › tests/public-site.spec.ts:288:3 › structure and content › English and German homepages render (555ms)
  ✓  1177 [mobile-430] › tests/public-site.spec.ts:358:3 › deploy artefacts › robots.txt keeps the portal out of the index (7ms)
  ✓  1178 [mobile-430] › tests/public-site.spec.ts:366:3 › deploy artefacts › sitemap.xml lists all three languages (10ms)
  ✓  1180 [mobile-430] › tests/public-site.spec.ts:429:3 › deploy artefacts › no built page carries an executable inline script (6ms)
  ✓  1179 [mobile-430] › tests/public-site.spec.ts:396:3 › deploy artefacts › every sitemap URL is the canonical of the page it points at (98ms)
  ✓  1182 [desktop-webkit] › tests/homepage-modality.spec.ts:169:3 › the full-screen navigation is a modal layer › while it is open the page behind it cannot be reached, and afterwards it can (3.0s)
  ✓  1183 [desktop-webkit] › tests/homepage-modality.spec.ts:332:3 › the full-screen navigation is a modal layer › keyboard focus stays in the layer, Escape closes it, and the page comes back (1.1s)
  ✓  1181 [desktop-webkit] › tests/homepage-history.spec.ts:223:3 › the homepage keeps the visitor’s place across history navigation › back and forward restore the position, the chapter and the chrome (4.8s)
  ✓  1184 [desktop-webkit] › tests/homepage-modality.spec.ts:452:3 › the full-screen navigation is a modal layer › reopening within the close transition does not hide the layer (1.4s)
  ✓  1093 [mobile-430] › tests/lead-forms.spec.ts:527:3 › questionnaire › the wizard submits to /api/lead and shows the success screen (33.4s)
  ✓  1094 [mobile-430] › tests/lead-forms.spec.ts:558:3 › questionnaire › shows the rate-limited screen when the endpoint says 429 (33.3s)
  ✓  1185 [portrait-chromium] › tests/homepage-history.spec.ts:223:3 › the homepage keeps the visitor’s place across history navigation › back and forward restore the position, the chapter and the chrome (2.3s)
  ✓  1186 [portrait-chromium] › tests/homepage-modality.spec.ts:169:3 › the full-screen navigation is a modal layer › while it is open the page behind it cannot be reached, and afterwards it can (1.8s)
  ✓  1187 [portrait-chromium] › tests/homepage-modality.spec.ts:332:3 › the full-screen navigation is a modal layer › keyboard focus stays in the layer, Escape closes it, and the page comes back (627ms)
  ✓  1189 [reduced-motion] › tests/homepage-chrome.spec.ts:295:3 › the homepage flight deck › the opening state is the full wordmark over a transparent header (237ms)
  -  1192 [reduced-motion] › tests/homepage-chrome.spec.ts:337:3 › the homepage flight deck › the journey state compacts the wordmark and keeps the header short
  ✓  1190 [reduced-motion] › tests/homepage-chrome.spec.ts:315:3 › the homepage flight deck › desktop navigation is visible at the top and collapses into the trigger (554ms)
  ✓  1188 [portrait-chromium] › tests/homepage-modality.spec.ts:452:3 › the full-screen navigation is a modal layer › reopening within the close transition does not hide the layer (1.1s)
  ✓  1191 [reduced-motion] › tests/homepage-chrome.spec.ts:378:3 › the homepage flight deck › the destination state resolves near the end and reveals the CTA (582ms)
  -  1195 [reduced-motion] › tests/homepage-chrome.spec.ts:459:3 › the homepage flight deck › the header prints the journey altitude, not an altitude of its own
  ✓  1127 [mobile-430] › tests/mobile-homepage-simple.spec.ts:1089:3 › portrait mobile — the 3D instrument › the instrument is still there, still reading, and never on the readout (22.5s)
  -  1197 [reduced-motion] › tests/homepage-chrome.spec.ts:482:3 › the homepage flight deck › the readout names the stage the journey reports
  ✓  1194 [reduced-motion] › tests/homepage-chrome.spec.ts:415:3 › the homepage flight deck › a single jump lands on the right state, not one short of it (505ms)
  -  1196 [reduced-motion] › tests/homepage-chrome.spec.ts:437:3 › the homepage flight deck › the header does not chatter when the visitor hovers on a boundary
  ✓  1199 [reduced-motion] › tests/homepage-chrome.spec.ts:528:3 › the full-screen menu on the homepage › the trigger names itself and points at the layer it controls (359ms)
  ✓  1200 [reduced-motion] › tests/homepage-chrome.spec.ts:543:3 › the full-screen menu on the homepage › ESC closes it and focus goes back to the trigger (349ms)
  ✓  1201 [reduced-motion] › tests/homepage-chrome.spec.ts:499:3 › the homepage flight deck › the altitude readout is hidden from assistive technology (284ms)
  ✓  1193 [reduced-motion] › tests/homepage-chrome.spec.ts:398:3 › the homepage flight deck › the states are reversible and the top of the page is always the opening state (1.3s)
  -  1205 [reduced-motion] › tests/homepage-chrome.spec.ts:647:3 › the full-screen menu on the homepage › opening the menu does not walk the journey back down the mountain
  ✓  1202 [reduced-motion] › tests/homepage-chrome.spec.ts:559:3 › the full-screen menu on the homepage › focus is trapped inside the layer while it is open (687ms)
  ✓  1198 [reduced-motion] › tests/homepage-chrome.spec.ts:511:3 › the full-screen menu on the homepage › opens from every header state (1.7s)
  ✓  1206 [reduced-motion] › tests/homepage-chrome.spec.ts:683:3 › the full-screen menu on the homepage › the destinations are ordinary links and they navigate (880ms)
  ✓  1207 [reduced-motion] › tests/homepage-chrome.spec.ts:704:3 › return to 0 m › is a real control with an accessible name, and it returns the page (736ms)
  ✓  1203 [reduced-motion] › tests/homepage-chrome.spec.ts:609:3 › the full-screen menu on the homepage › the close control closes it (1.6s)
  ✓  1210 [reduced-motion] › tests/homepage-chrome.spec.ts:762:3 › the Arrival sequence and the ground-control footer › Arrival closes the journey with the real ceiling and both actions (324ms)
  ✓  1211 [reduced-motion] › tests/homepage-chrome.spec.ts:790:3 › the Arrival sequence and the ground-control footer › the footer is a landmark with headed groups, contact and legal links (351ms)
  ✓  1209 [reduced-motion] › tests/homepage-chrome.spec.ts:745:3 › return to 0 m › under reduced motion it arrives immediately (850ms)
  ✓  1208 [reduced-motion] › tests/homepage-chrome.spec.ts:729:3 › return to 0 m › focus is not lost on the way up (945ms)
  ✓  1212 [reduced-motion] › tests/homepage-chrome.spec.ts:862:3 › the Arrival sequence and the ground-control footer › it is the same footer the subpages carry, not a homepage copy (398ms)
  ✓  1204 [reduced-motion] › tests/homepage-chrome.spec.ts:620:3 › the full-screen menu on the homepage › body scroll is locked while open and fully released after (2.1s)
  ✓  1213 [reduced-motion] › tests/homepage-chrome.spec.ts:875:3 › the Arrival sequence and the ground-control footer › the homepage menu leads where the subpage menu leads (485ms)
  ✓  1215 [reduced-motion] › tests/homepage-chrome.spec.ts:895:3 › the Arrival sequence and the ground-control footer › the homepage introduces no duplicate ids (321ms)
  ✓  1214 [reduced-motion] › tests/homepage-chrome.spec.ts:885:3 › the Arrival sequence and the ground-control footer › the homepage header row leads where the subpage header row leads (462ms)
  ✓  1216 [reduced-motion] › tests/homepage-chrome.spec.ts:910:3 › the Arrival sequence and the ground-control footer › every chrome link on the homepage resolves (475ms)
  ✓  1217 [reduced-motion] › tests/homepage-chrome.spec.ts:935:5 › the chrome speaks the page’s language › hu: header, menu, Arrival and footer are all in hu (460ms)
  ✓  1218 [reduced-motion] › tests/homepage-chrome.spec.ts:935:5 › the chrome speaks the page’s language › en: header, menu, Arrival and footer are all in en (457ms)
  ✓  1220 [reduced-motion] › tests/homepage-chrome.spec.ts:963:3 › reduced motion › the chrome is complete and immediately usable without animation (314ms)
  ✓  1219 [reduced-motion] › tests/homepage-chrome.spec.ts:935:5 › the chrome speaks the page’s language › de: header, menu, Arrival and footer are all in de (453ms)
  -  1224 [reduced-motion] › tests/homepage-chrome.spec.ts:1054:3 › lifecycle › the header binds exactly one scroll listener and no permanent loop
  -  1225 [reduced-motion] › tests/homepage-chrome.spec.ts:1090:5 › responsive smoke › the chrome fits and never scrolls sideways at 1024x768
  ✓  1221 [reduced-motion] › tests/homepage-chrome.spec.ts:978:3 › reduced motion › the menu opens directly, with no spatial delay (461ms)
  -  1226 [reduced-motion] › tests/homepage-chrome.spec.ts:1090:5 › responsive smoke › the chrome fits and never scrolls sideways at 375x812
  -  1227 [reduced-motion] › tests/homepage-chrome.spec.ts:1090:5 › responsive smoke › the chrome fits and never scrolls sideways at 360x800
  -  1228 [reduced-motion] › tests/homepage-chrome.spec.ts:1090:5 › responsive smoke › the chrome fits and never scrolls sideways at 844x390 landscape
  -  1229 [reduced-motion] › tests/homepage-chrome.spec.ts:1116:3 › responsive smoke › the chrome survives 200% zoom and increased text spacing
  -  1232 [reduced-motion] › tests/mobile-homepage-simple.spec.ts:236:3 › portrait mobile — the composition that runs › the renderer is not requested at all when there is no WebGL
  -  1230 [reduced-motion] › tests/mobile-homepage-simple.spec.ts:190:3 › portrait mobile — the composition that runs › a phone gets the simple composition and exactly one canvas
  -  1231 [reduced-motion] › tests/mobile-homepage-simple.spec.ts:211:3 › portrait mobile — the composition that runs › the Altimeter GLB is loaded and nothing else from the old scene is
  ✓  1223 [reduced-motion] › tests/homepage-chrome.spec.ts:1034:3 › lifecycle › a subpage reached from the homepage carries the same working header (735ms)
  ✓  1222 [reduced-motion] › tests/homepage-chrome.spec.ts:995:3 › lifecycle › navigating away and back leaves nothing behind (959ms)
  -  1233 [reduced-motion] › tests/mobile-homepage-simple.spec.ts:315:3 › portrait mobile — the composition that runs › the document scrolls itself
  -  1234 [reduced-motion] › tests/mobile-homepage-simple.spec.ts:347:3 › portrait mobile — the composition that runs › nothing moves the scroll position on the page's behalf
  -  1235 [reduced-motion] › tests/mobile-homepage-simple.spec.ts:406:3 › portrait mobile — the composition that runs › the page stops when the scroll stops
  -  1236 [reduced-motion] › tests/mobile-homepage-simple.spec.ts:435:3 › portrait mobile — the composition itself › every section starts near its own top
  -  1238 [reduced-motion] › tests/mobile-homepage-simple.spec.ts:503:3 › portrait mobile — the composition itself › nothing paints an opaque plate across the altimeter
  -  1237 [reduced-motion] › tests/mobile-homepage-simple.spec.ts:462:3 › portrait mobile — the composition itself › no section is a tall empty spacer
  -  1240 [reduced-motion] › tests/mobile-homepage-simple.spec.ts:553:3 › portrait mobile — the composition itself › the telemetry stays visible and above the copy
  -  1239 [reduced-motion] › tests/mobile-homepage-simple.spec.ts:540:3 › portrait mobile — the composition itself › there is one altitude readout, not two
  -  1241 [reduced-motion] › tests/mobile-homepage-simple.spec.ts:591:3 › portrait mobile — the composition itself › the altitude advances with the document and settles at the ceiling
  -  1242 [reduced-motion] › tests/mobile-homepage-simple.spec.ts:608:3 › portrait mobile — the composition itself › every reveal completes
  -  1243 [reduced-motion] › tests/mobile-homepage-simple.spec.ts:623:3 › portrait mobile — the composition itself › the closing action is reachable at the bottom of the page
  -  1244 [reduced-motion] › tests/mobile-homepage-simple.spec.ts:638:3 › portrait mobile — lifecycle › the menu opens, locks only while it is open, and leaves the ascent where it was
  -  1245 [reduced-motion] › tests/mobile-homepage-simple.spec.ts:755:3 › portrait mobile — lifecycle › the menu closes on the burger too, and traps Tab while it is open
  -  1247 [reduced-motion] › tests/mobile-homepage-simple.spec.ts:884:3 › portrait mobile — lifecycle › browser chrome collapsing does not move the composition
  -  1246 [reduced-motion] › tests/mobile-homepage-simple.spec.ts:818:3 › portrait mobile — lifecycle › a back navigation comes back with a live, agreeing readout
  -  1248 [reduced-motion] › tests/mobile-homepage-simple.spec.ts:913:3 › portrait mobile — lifecycle › a rotation keeps the mobile composition
  -  1249 [reduced-motion] › tests/mobile-homepage-simple.spec.ts:936:3 › portrait mobile — reduced motion › everything is present and nothing travels
  -  1250 [reduced-motion] › tests/mobile-homepage-simple.spec.ts:968:3 › portrait mobile — reduced motion › the real instrument stays, and stops moving
  -  1251 [reduced-motion] › tests/mobile-homepage-simple.spec.ts:1034:3 › portrait mobile — the 3D instrument › nothing renders while the page is idle
  -  1252 [reduced-motion] › tests/mobile-homepage-simple.spec.ts:1070:3 › portrait mobile — the 3D instrument › nothing renders while the instrument is deliberately hidden
  -  1256 [reduced-motion] › tests/mobile-homepage-simple.spec.ts:1294:3 › desktop — the composition that must not have changed › a desktop viewport still gets the cinematic journey and its terrain
  -  1255 [reduced-motion] › tests/mobile-homepage-simple.spec.ts:1246:3 › portrait mobile — the 3D instrument › the slot has a fixed box that the instrument cannot change
  -  1258 [reduced-motion] › tests/public-site.spec.ts:112:3 › homepage › altitude climbs as the visitor scrolls
  -  1253 [reduced-motion] › tests/mobile-homepage-simple.spec.ts:1089:3 › portrait mobile — the 3D instrument › the instrument is still there, still reading, and never on the readout
  -  1254 [reduced-motion] › tests/mobile-homepage-simple.spec.ts:1204:3 › portrait mobile — the 3D instrument › the instrument adds no scroll listener of its own
  ✓  1257 [reduced-motion] › tests/public-site.spec.ts:79:3 › homepage › loads with the hero, the altimeter and no console errors (273ms)
  -  1263 [reduced-motion] › tests/public-site.spec.ts:191:3 › homepage › the stage the visitor is in is exposed to assistive technology
  ✓  1262 [reduced-motion] › tests/public-site.spec.ts:170:3 › homepage › the journey initialises: track, stages and the closing call to action (283ms)
  ✓  1260 [reduced-motion] › tests/public-site.spec.ts:146:3 › homepage › has one h1 and a skip link (430ms)
  ✓  1261 [reduced-motion] › tests/public-site.spec.ts:152:3 › homepage › the hero call to action reaches the questionnaire (320ms)
  ✓  1259 [reduced-motion] › tests/public-site.spec.ts:137:3 › homepage › the page never scrolls sideways (781ms)
  ✓  1264 [reduced-motion] › tests/public-site.spec.ts:240:5 › homepage › the hu homepage is its own entry point with its own links (1.0s)
  ✓  1267 [reduced-motion] › tests/public-site.spec.ts:264:5 › structure and content › /index.html responds and has a title and description (887ms)
  ✓  1266 [reduced-motion] › tests/public-site.spec.ts:240:5 › homepage › the de homepage is its own entry point with its own links (943ms)
  ✓  1265 [reduced-motion] › tests/public-site.spec.ts:240:5 › homepage › the en homepage is its own entry point with its own links (1.1s)
  ✓  1268 [reduced-motion] › tests/public-site.spec.ts:264:5 › structure and content › /rolunk.html responds and has a title and description (727ms)
  ✓  1269 [reduced-motion] › tests/public-site.spec.ts:264:5 › structure and content › /kkv.html responds and has a title and description (309ms)
  ✓  1271 [reduced-motion] › tests/public-site.spec.ts:264:5 › structure and content › /branding.html responds and has a title and description (345ms)
  ✓  1270 [reduced-motion] › tests/public-site.spec.ts:264:5 › structure and content › /nagyvallalat.html responds and has a title and description (434ms)
  ✓  1273 [reduced-motion] › tests/public-site.spec.ts:264:5 › structure and content › /impact-program.html responds and has a title and description (334ms)
  ✓  1274 [reduced-motion] › tests/public-site.spec.ts:264:5 › structure and content › /blog.html responds and has a title and description (268ms)
  ✓  1272 [reduced-motion] › tests/public-site.spec.ts:264:5 › structure and content › /hirdeteskezeles.html responds and has a title and description (405ms)
  ✓  1275 [reduced-motion] › tests/public-site.spec.ts:264:5 › structure and content › /ugyfelszolgalat.html responds and has a title and description (254ms)
  ✓  1276 [reduced-motion] › tests/public-site.spec.ts:264:5 › structure and content › /arajanlat.html responds and has a title and description (241ms)
  ✓  1280 [reduced-motion] › tests/public-site.spec.ts:298:3 › reduced motion › the ascent degrades to a readable document (298ms)
  ✓  1277 [reduced-motion] › tests/public-site.spec.ts:273:3 › structure and content › every image declares alt text (446ms)
  ✓  1282 [reduced-motion] › tests/public-site.spec.ts:358:3 › deploy artefacts › robots.txt keeps the portal out of the index (14ms)
  ✓  1278 [reduced-motion] › tests/public-site.spec.ts:281:3 › structure and content › the three languages are cross-linked with hreflang (451ms)
  ✓  1283 [reduced-motion] › tests/public-site.spec.ts:366:3 › deploy artefacts › sitemap.xml lists all three languages (18ms)
  ✓  1285 [reduced-motion] › tests/public-site.spec.ts:429:3 › deploy artefacts › no built page carries an executable inline script (8ms)
  ✓  1281 [reduced-motion] › tests/public-site.spec.ts:327:3 › reduced motion › the reduced-motion test environment is genuinely active (406ms)
  ✓  1279 [reduced-motion] › tests/public-site.spec.ts:288:3 › structure and content › English and German homepages render (523ms)
  ✓  1284 [reduced-motion] › tests/public-site.spec.ts:396:3 › deploy artefacts › every sitemap URL is the canonical of the page it points at (158ms)


  1) [mobile-390] › tests/public-site.spec.ts:264:5 › structure and content › /nagyvallalat.html responds and has a title and description 

    Test timeout of 30000ms exceeded.

    Error: page.goto: Test timeout of 30000ms exceeded.
    Call log:
      - navigating to "http://127.0.0.1:4322/nagyvallalat.html", waiting until "load"


       at helpers/navigation-boundary.ts:412

      410 |       page.goto = origGoto;
      411 |       try {
    > 412 |         const res = await page.goto(url, opts);
          |                                ^
      413 |         nb.gotoResolved = true;
      414 |         nb.mark('DESTINATION_READY', { status: res?.status() ?? null });
      415 |         return res;
        at _Page.goto (/Users/arturlukacs/stratos-hermetic/subject/tests/helpers/navigation-boundary.ts:412:32)
        at /Users/arturlukacs/stratos-hermetic/subject/tests/public-site.spec.ts:265:30

    attachment #1: screenshot (image/png) ──────────────────────────────────────────────────────────
    test-results/public-site-structure-and--4e547-has-a-title-and-description-mobile-390/test-failed-1.png
    ────────────────────────────────────────────────────────────────────────────────────────────────

    attachment #2: nav-boundary (application/json) ─────────────────────────────────────────────────
    test-results/public-site-structure-and--4e547-has-a-title-and-description-mobile-390/attachments/nav-boundary-739501754dbda205945e9b3f1b2226e6b5d90a1a.json
    ────────────────────────────────────────────────────────────────────────────────────────────────

    Error Context: test-results/public-site-structure-and--4e547-has-a-title-and-description-mobile-390/error-context.md

  1 failed
    [mobile-390] › tests/public-site.spec.ts:264:5 › structure and content › /nagyvallalat.html responds and has a title and description 
  121 skipped
  1163 passed (4.2m)

[exit 1] 252.8s
