=================== STAGE A / arm routes / repeat 500 ===================
[nav-stress stress-A-routes-20260819105653] subject dist 2cce7616f7f96a0d  tests cf44d1061ebb87fa
[nav-stress stress-A-routes-20260819105653] server pid 82158 ready on 4322
[nav-stress stress-A-routes-20260819105653] arm=routes repeat=500 workers=5

Running 5000 tests using 5 workers

  ✓     4 [mobile-390] › tests/public-site.spec.ts:264:5 › structure and content › /branding.html responds and has a title and description (1.2s)
  ✓     5 [mobile-390] › tests/public-site.spec.ts:264:5 › structure and content › /kkv.html responds and has a title and description (1.3s)
  ✓     1 [mobile-390] › tests/public-site.spec.ts:264:5 › structure and content › /rolunk.html responds and has a title and description (1.3s)
  ✓     3 [mobile-390] › tests/public-site.spec.ts:264:5 › structure and content › /index.html responds and has a title and description (1.3s)
  ✓     2 [mobile-390] › tests/public-site.spec.ts:264:5 › structure and content › /nagyvallalat.html responds and has a title and description (1.3s)
  ✓    10 [mobile-390] › tests/public-site.spec.ts:264:5 › structure and content › /arajanlat.html responds and has a title and description (508ms)
  ✓     6 [mobile-390] › tests/public-site.spec.ts:264:5 › structure and content › /hirdeteskezeles.html responds and has a title and description (719ms)
  ✓     8 [mobile-390] › tests/public-site.spec.ts:264:5 › structure and content › /blog.html responds and has a title and description (593ms)
  ✓     7 [mobile-390] › tests/public-site.spec.ts:264:5 › structure and content › /impact-program.html responds and has a title and description (632ms)
  ✓     9 [mobile-390] › tests/public-site.spec.ts:264:5 › structure and content › /ugyfelszolgalat.html responds and has a title and description (601ms)
  ✓    14 [mobile-390] › tests/public-site.spec.ts:264:5 › structure and content › /branding.html responds and has a title and description (1.2s)
  ✓    13 [mobile-390] › tests/public-site.spec.ts:264:5 › structure and content › /kkv.html responds and has a title and description (1.2s)
  ✓    12 [mobile-390] › tests/public-site.spec.ts:264:5 › structure and content › /nagyvallalat.html responds and has a title and description (1.3s)
  ✓    11 [mobile-390] › tests/public-site.spec.ts:264:5 › structure and content › /rolunk.html responds and has a title and description (1.3s)
  ✓    15 [mobile-390] › tests/public-site.spec.ts:264:5 › structure and content › /index.html responds and has a title and description (1.5s)
  ✓    16 [mobile-390] › tests/public-site.spec.ts:264:5 › structure and content › /impact-program.html responds and has a title and description (940ms)
  ✓    18 [mobile-390] › tests/public-site.spec.ts:264:5 › structure and content › /blog.html responds and has a title and description (871ms)
  ✓    17 [mobile-390] › tests/public-site.spec.ts:264:5 › structure and content › /hirdeteskezeles.html responds and has a title and description (965ms)
  ✓    19 [mobile-390] › tests/public-site.spec.ts:264:5 › structure and content › /ugyfelszolgalat.html responds and has a title and description (868ms)
  ✓    20 [mobile-390] › tests/public-site.spec.ts:264:5 › structure and content › /arajanlat.html responds and has a title and description (747ms)
  ✓    25 [mobile-390] › tests/public-site.spec.ts:264:5 › structure and content › /branding.html responds and has a title and description (1.2s)
  ✓    22 [mobile-390] › tests/public-site.spec.ts:264:5 › structure and content › /kkv.html responds and has a title and description (1.2s)
  ✓    23 [mobile-390] › tests/public-site.spec.ts:264:5 › structure and content › /rolunk.html responds and has a title and description (1.3s)
  ✓    24 [mobile-390] › tests/public-site.spec.ts:264:5 › structure and content › /nagyvallalat.html responds and has a title and description (1.4s)
  ✓    21 [mobile-390] › tests/public-site.spec.ts:264:5 › structure and content › /index.html responds and has a title and description (1.4s)
  ✓    27 [mobile-390] › tests/public-site.spec.ts:264:5 › structure and content › /impact-program.html responds and has a title and description (803ms)
  ✓    26 [mobile-390] › tests/public-site.spec.ts:264:5 › structure and content › /hirdeteskezeles.html responds and has a title and description (841ms)
  ✓    28 [mobile-390] › tests/public-site.spec.ts:264:5 › structure and content › /blog.html responds and has a title and description (762ms)
  ✓    30 [mobile-390] › tests/public-site.spec.ts:264:5 › structure and content › /arajanlat.html responds and has a title and description (702ms)
  ✓    29 [mobile-390] › tests/public-site.spec.ts:264:5 › structure and content › /ugyfelszolgalat.html responds and has a title and description (762ms)
  ✓    34 [mobile-390] › tests/public-site.spec.ts:264:5 › structure and content › /branding.html responds and has a title and description (1.3s)
  ✓    32 [mobile-390] › tests/public-site.spec.ts:264:5 › structure and content › /kkv.html responds and has a title and description (1.3s)
  ✓    33 [mobile-390] › tests/public-site.spec.ts:264:5 › structure and content › /rolunk.html responds and has a title and description (1.3s)
  ✓    31 [mobile-390] › tests/public-site.spec.ts:264:5 › structure and content › /index.html responds and has a title and description (1.3s)
  ✓    35 [mobile-390] › tests/public-site.spec.ts:264:5 › structure and content › /nagyvallalat.html responds and has a title and description (1.4s)
  ✓    37 [mobile-390] › tests/public-site.spec.ts:264:5 › structure and content › /impact-program.html responds and has a title and description (702ms)
  ✓    39 [mobile-390] › tests/public-site.spec.ts:264:5 › structure and content › /ugyfelszolgalat.html responds and has a title and description (647ms)
  ✓    36 [mobile-390] › tests/public-site.spec.ts:264:5 › structure and content › /hirdeteskezeles.html responds and has a title and description (728ms)
  ✓    38 [mobile-390] › tests/public-site.spec.ts:264:5 › structure and content › /blog.html responds and has a title and description (683ms)
  ✓    40 [mobile-390] › tests/public-site.spec.ts:264:5 › structure and content › /arajanlat.html responds and has a title and description (611ms)
  ✓    43 [mobile-390] › tests/public-site.spec.ts:264:5 › structure and content › /kkv.html responds and has a title and description (1.1s)
  ✓    44 [mobile-390] › tests/public-site.spec.ts:264:5 › structure and content › /branding.html responds and has a title and description (1.2s)
  ✓    42 [mobile-390] › tests/public-site.spec.ts:264:5 › structure and content › /rolunk.html responds and has a title and description (1.2s)
  ✓    45 [mobile-390] › tests/public-site.spec.ts:264:5 › structure and content › /nagyvallalat.html responds and has a title and description (1.2s)
  ✓    41 [mobile-390] › tests/public-site.spec.ts:264:5 › structure and content › /index.html responds and has a title and description (1.3s)
  ✓    47 [mobile-390] › tests/public-site.spec.ts:264:5 › structure and content › /impact-program.html responds and has a title and description (669ms)
  ✓    46 [mobile-390] › tests/public-site.spec.ts:264:5 › structure and content › /hirdeteskezeles.html responds and has a title and description (697ms)
  ✓    48 [mobile-390] › tests/public-site.spec.ts:264:5 › structure and content › /blog.html responds and has a title and description (688ms)
  ✓    50 [mobile-390] › tests/public-site.spec.ts:264:5 › structure and content › /arajanlat.html responds and has a title and description (593ms)
  ✓    49 [mobile-390] › tests/public-site.spec.ts:264:5 › structure and content › /ugyfelszolgalat.html responds and has a title and description (724ms)
  ✓    53 [mobile-390] › tests/public-site.spec.ts:264:5 › structure and content › /kkv.html responds and has a title and description (1.2s)
  ✓    55 [mobile-390] › tests/public-site.spec.ts:264:5 › structure and content › /branding.html responds and has a title and description (1.2s)
  ✓    51 [mobile-390] › tests/public-site.spec.ts:264:5 › structure and content › /rolunk.html responds and has a title and description (1.3s)
  ✓    52 [mobile-390] › tests/public-site.spec.ts:264:5 › structure and content › /index.html responds and has a title and description (1.4s)
  ✓    54 [mobile-390] › tests/public-site.spec.ts:264:5 › structure and content › /nagyvallalat.html responds and has a title and description (1.4s)
  ✓    57 [mobile-390] › tests/public-site.spec.ts:264:5 › structure and content › /impact-program.html responds and has a title and description (741ms)
  ✓    56 [mobile-390] › tests/public-site.spec.ts:264:5 › structure and content › /hirdeteskezeles.html responds and has a title and description (791ms)
  ✓    58 [mobile-390] › tests/public-site.spec.ts:264:5 › structure and content › /blog.html responds and has a title and description (769ms)
  ✓    59 [mobile-390] › tests/public-site.spec.ts:264:5 › structure and content › /ugyfelszolgalat.html responds and has a title and description (714ms)
  ✓    60 [mobile-390] › tests/public-site.spec.ts:264:5 › structure and content › /arajanlat.html responds and has a title and description (673ms)
  ✓    63 [mobile-390] › tests/public-site.spec.ts:264:5 › structure and content › /branding.html responds and has a title and description (1.3s)
  ✓    64 [mobile-390] › tests/public-site.spec.ts:264:5 › structure and content › /kkv.html responds and has a title and description (1.3s)
  ✓    61 [mobile-390] › tests/public-site.spec.ts:264:5 › structure and content › /rolunk.html responds and has a title and description (1.4s)
  ✓    62 [mobile-390] › tests/public-site.spec.ts:264:5 › structure and content › /index.html responds and has a title and description (1.4s)
  ✓    65 [mobile-390] › tests/public-site.spec.ts:264:5 › structure and content › /nagyvallalat.html responds and has a title and description (1.4s)
  ✓    67 [mobile-390] › tests/public-site.spec.ts:264:5 › structure and content › /impact-program.html responds and has a title and description (691ms)
  ✓    70 [mobile-390] › tests/public-site.spec.ts:264:5 › structure and content › /arajanlat.html responds and has a title and description (554ms)
  ✓    69 [mobile-390] › tests/public-site.spec.ts:264:5 › structure and content › /ugyfelszolgalat.html responds and has a title and description (630ms)
  ✓    66 [mobile-390] › tests/public-site.spec.ts:264:5 › structure and content › /hirdeteskezeles.html responds and has a title and description (789ms)
  ✓    68 [mobile-390] › tests/public-site.spec.ts:264:5 › structure and content › /blog.html responds and has a title and description (691ms)
  ✓    75 [mobile-390] › tests/public-site.spec.ts:264:5 › structure and content › /branding.html responds and has a title and description (1.2s)
  ✓    73 [mobile-390] › tests/public-site.spec.ts:264:5 › structure and content › /kkv.html responds and has a title and description (1.2s)
  ✓    71 [mobile-390] › tests/public-site.spec.ts:264:5 › structure and content › /rolunk.html responds and has a title and description (1.3s)
  ✓    74 [mobile-390] › tests/public-site.spec.ts:264:5 › structure and content › /nagyvallalat.html responds and has a title and description (1.5s)
  ✓    72 [mobile-390] › tests/public-site.spec.ts:264:5 › structure and content › /index.html responds and has a title and description (1.5s)
  ✓    76 [mobile-390] › tests/public-site.spec.ts:264:5 › structure and content › /impact-program.html responds and has a title and description (840ms)
  ✓    77 [mobile-390] › tests/public-site.spec.ts:264:5 › structure and content › /hirdeteskezeles.html responds and has a title and description (896ms)
  ✓    78 [mobile-390] › tests/public-site.spec.ts:264:5 › structure and content › /blog.html responds and has a title and description (856ms)
  ✓    80 [mobile-390] › tests/public-site.spec.ts:264:5 › structure and content › /arajanlat.html responds and has a title and description (687ms)
  ✓    79 [mobile-390] › tests/public-site.spec.ts:264:5 › structure and content › /ugyfelszolgalat.html responds and has a title and description (762ms)
  ✓    85 [mobile-390] › tests/public-site.spec.ts:264:5 › structure and content › /branding.html responds and has a title and description (1.4s)
  ✓    83 [mobile-390] › tests/public-site.spec.ts:264:5 › structure and content › /kkv.html responds and has a title and description (1.4s)
  ✓    82 [mobile-390] › tests/public-site.spec.ts:264:5 › structure and content › /rolunk.html responds and has a title and description (1.4s)
  ✓    84 [mobile-390] › tests/public-site.spec.ts:264:5 › structure and content › /nagyvallalat.html responds and has a title and description (1.5s)
  ✓    81 [mobile-390] › tests/public-site.spec.ts:264:5 › structure and content › /index.html responds and has a title and description (1.7s)
  ✓    89 [mobile-390] › tests/public-site.spec.ts:264:5 › structure and content › /blog.html responds and has a title and description (862ms)
  ✓    88 [mobile-390] › tests/public-site.spec.ts:264:5 › structure and content › /ugyfelszolgalat.html responds and has a title and description (872ms)
  ✓    87 [mobile-390] › tests/public-site.spec.ts:264:5 › structure and content › /impact-program.html responds and has a title and description (942ms)
  ✓    86 [mobile-390] › tests/public-site.spec.ts:264:5 › structure and content › /hirdeteskezeles.html responds and has a title and description (1.0s)
  ✓    90 [mobile-390] › tests/public-site.spec.ts:264:5 › structure and content › /arajanlat.html responds and has a title and description (773ms)
  ✓    91 [mobile-390] › tests/public-site.spec.ts:264:5 › structure and content › /kkv.html responds and has a title and description (1.3s)
  ✓    95 [mobile-390] › tests/public-site.spec.ts:264:5 › structure and content › /branding.html responds and has a title and description (1.4s)
  ✓    93 [mobile-390] › tests/public-site.spec.ts:264:5 › structure and content › /rolunk.html responds and has a title and description (1.5s)
  ✓    94 [mobile-390] › tests/public-site.spec.ts:264:5 › structure and content › /nagyvallalat.html responds and has a title and description (1.6s)
  ✓    92 [mobile-390] › tests/public-site.spec.ts:264:5 › structure and content › /index.html responds and has a title and description (1.6s)
  ✓    97 [mobile-390] › tests/public-site.spec.ts:264:5 › structure and content › /impact-program.html responds and has a title and description (918ms)
  ✓    98 [mobile-390] › tests/public-site.spec.ts:264:5 › structure and content › /blog.html responds and has a title and description (812ms)
  ✓    96 [mobile-390] › tests/public-site.spec.ts:264:5 › structure and content › /hirdeteskezeles.html responds and has a title and description (1.0s)
  ✓   100 [mobile-390] › tests/public-site.spec.ts:264:5 › structure and content › /arajanlat.html responds and has a title and description (732ms)
  ✓    99 [mobile-390] › tests/public-site.spec.ts:264:5 › structure and content › /ugyfelszolgalat.html responds and has a title and description (804ms)
  ✓   105 [mobile-390] › tests/public-site.spec.ts:264:5 › structure and content › /branding.html responds and has a title and description (1.4s)
  ✓   103 [mobile-390] › tests/public-site.spec.ts:264:5 › structure and content › /kkv.html responds and has a title and description (1.4s)
  ✓   102 [mobile-390] › tests/public-site.spec.ts:264:5 › structure and content › /rolunk.html responds and has a title and description (1.5s)
  ✓   104 [mobile-390] › tests/public-site.spec.ts:264:5 › structure and content › /nagyvallalat.html responds and has a title and description (1.5s)
  ✓   101 [mobile-390] › tests/public-site.spec.ts:264:5 › structure and content › /index.html responds and has a title and description (1.7s)
  ✓   107 [mobile-390] › tests/public-site.spec.ts:264:5 › structure and content › /impact-program.html responds and has a title and description (878ms)
  ✓   106 [mobile-390] › tests/public-site.spec.ts:264:5 › structure and content › /hirdeteskezeles.html responds and has a title and description (941ms)
  ✓   108 [mobile-390] › tests/public-site.spec.ts:264:5 › structure and content › /blog.html responds and has a title and description (875ms)
  ✓   109 [mobile-390] › tests/public-site.spec.ts:264:5 › structure and content › /ugyfelszolgalat.html responds and has a title and description (840ms)
  ✓   110 [mobile-390] › tests/public-site.spec.ts:264:5 › structure and content › /arajanlat.html responds and has a title and description (696ms)
  ✓   113 [mobile-390] › tests/public-site.spec.ts:264:5 › structure and content › /kkv.html responds and has a title and description (1.3s)
  ✓   115 [mobile-390] › tests/public-site.spec.ts:264:5 › structure and content › /branding.html responds and has a title and description (1.3s)
  ✓   112 [mobile-390] › tests/public-site.spec.ts:264:5 › structure and content › /rolunk.html responds and has a title and description (1.4s)
  ✓   114 [mobile-390] › tests/public-site.spec.ts:264:5 › structure and content › /nagyvallalat.html responds and has a title and description (1.5s)
  ✓   111 [mobile-390] › tests/public-site.spec.ts:264:5 › structure and content › /index.html responds and has a title and description (1.6s)
  ✓   117 [mobile-390] › tests/public-site.spec.ts:264:5 › structure and content › /impact-program.html responds and has a title and description (772ms)
  ✓   116 [mobile-390] › tests/public-site.spec.ts:264:5 › structure and content › /hirdeteskezeles.html responds and has a title and description (839ms)
  ✓   120 [mobile-390] › tests/public-site.spec.ts:264:5 › structure and content › /arajanlat.html responds and has a title and description (650ms)
  ✓   118 [mobile-390] › tests/public-site.spec.ts:264:5 › structure and content › /blog.html responds and has a title and description (727ms)
  ✓   119 [mobile-390] › tests/public-site.spec.ts:264:5 › structure and content › /ugyfelszolgalat.html responds and has a title and description (754ms)
  ✓   122 [mobile-390] › tests/public-site.spec.ts:264:5 › structure and content › /kkv.html responds and has a title and description (1.3s)
  ✓   125 [mobile-390] › tests/public-site.spec.ts:264:5 › structure and content › /branding.html responds and has a title and description (1.3s)
  ✓   124 [mobile-390] › tests/public-site.spec.ts:264:5 › structure and content › /rolunk.html responds and has a title and description (1.4s)
  ✓   123 [mobile-390] › tests/public-site.spec.ts:264:5 › structure and content › /nagyvallalat.html responds and has a title and description (1.5s)
  ✓   121 [mobile-390] › tests/public-site.spec.ts:264:5 › structure and content › /index.html responds and has a title and description (1.6s)
  ✓   127 [mobile-390] › tests/public-site.spec.ts:264:5 › structure and content › /impact-program.html responds and has a title and description (757ms)
  ✓   128 [mobile-390] › tests/public-site.spec.ts:264:5 › structure and content › /blog.html responds and has a title and description (715ms)
  ✓   130 [mobile-390] › tests/public-site.spec.ts:264:5 › structure and content › /arajanlat.html responds and has a title and description (628ms)
  ✓   126 [mobile-390] › tests/public-site.spec.ts:264:5 › structure and content › /hirdeteskezeles.html responds and has a title and description (863ms)
  ✓   129 [mobile-390] › tests/public-site.spec.ts:264:5 › structure and content › /ugyfelszolgalat.html responds and has a title and description (749ms)
  ✓   135 [mobile-390] › tests/public-site.spec.ts:264:5 › structure and content › /branding.html responds and has a title and description (1.3s)
  ✓   131 [mobile-390] › tests/public-site.spec.ts:264:5 › structure and content › /rolunk.html responds and has a title and description (1.3s)
  ✓   133 [mobile-390] › tests/public-site.spec.ts:264:5 › structure and content › /nagyvallalat.html responds and has a title and description (1.4s)
  ✓   132 [mobile-390] › tests/public-site.spec.ts:264:5 › structure and content › /index.html responds and has a title and description (1.5s)
  ✓   134 [mobile-390] › tests/public-site.spec.ts:264:5 › structure and content › /kkv.html responds and has a title and description (1.7s)
  ✓   136 [mobile-390] › tests/public-site.spec.ts:264:5 › structure and content › /hirdeteskezeles.html responds and has a title and description (896ms)
  ✓   137 [mobile-390] › tests/public-site.spec.ts:264:5 › structure and content › /impact-program.html responds and has a title and description (825ms)
  ✓   138 [mobile-390] › tests/public-site.spec.ts:264:5 › structure and content › /blog.html responds and has a title and description (828ms)
  ✓   139 [mobile-390] › tests/public-site.spec.ts:264:5 › structure and content › /ugyfelszolgalat.html responds and has a title and description (770ms)
  ✓   140 [mobile-390] › tests/public-site.spec.ts:264:5 › structure and content › /arajanlat.html responds and has a title and description (612ms)
  ✓   143 [mobile-390] › tests/public-site.spec.ts:264:5 › structure and content › /kkv.html responds and has a title and description (1.5s)
  ✓   144 [mobile-390] › tests/public-site.spec.ts:264:5 › structure and content › /branding.html responds and has a title and description (1.5s)
  ✓   145 [mobile-390] › tests/public-site.spec.ts:264:5 › structure and content › /nagyvallalat.html responds and has a title and description (1.6s)
  ✓   142 [mobile-390] › tests/public-site.spec.ts:264:5 › structure and content › /rolunk.html responds and has a title and description (1.6s)
  ✓   141 [mobile-390] › tests/public-site.spec.ts:264:5 › structure and content › /index.html responds and has a title and description (1.8s)
  ✓   147 [mobile-390] › tests/public-site.spec.ts:264:5 › structure and content › /impact-program.html responds and has a title and description (784ms)
  ✓   146 [mobile-390] › tests/public-site.spec.ts:264:5 › structure and content › /hirdeteskezeles.html responds and has a title and description (902ms)
  ✓   149 [mobile-390] › tests/public-site.spec.ts:264:5 › structure and content › /ugyfelszolgalat.html responds and has a title and description (808ms)
  ✓   148 [mobile-390] › tests/public-site.spec.ts:264:5 › structure and content › /blog.html responds and has a title and description (820ms)
  ✓   150 [mobile-390] › tests/public-site.spec.ts:264:5 › structure and content › /arajanlat.html responds and has a title and description (666ms)
  ✓   155 [mobile-390] › tests/public-site.spec.ts:264:5 › structure and content › /branding.html responds and has a title and description (1.4s)
  ✓   154 [mobile-390] › tests/public-site.spec.ts:264:5 › structure and content › /kkv.html responds and has a title and description (1.4s)
  ✓   152 [mobile-390] › tests/public-site.spec.ts:264:5 › structure and content › /nagyvallalat.html responds and has a title and description (1.5s)
  ✓   153 [mobile-390] › tests/public-site.spec.ts:264:5 › structure and content › /rolunk.html responds and has a title and description (1.5s)
  ✓   151 [mobile-390] › tests/public-site.spec.ts:264:5 › structure and content › /index.html responds and has a title and description (1.8s)
  ✓   157 [mobile-390] › tests/public-site.spec.ts:264:5 › structure and content › /impact-program.html responds and has a title and description (1.0s)
  ✓   159 [mobile-390] › tests/public-site.spec.ts:264:5 › structure and content › /ugyfelszolgalat.html responds and has a title and description (1.0s)
  ✓   156 [mobile-390] › tests/public-site.spec.ts:264:5 › structure and content › /hirdeteskezeles.html responds and has a title and description (1.2s)
  ✓   160 [mobile-390] › tests/public-site.spec.ts:264:5 › structure and content › /arajanlat.html responds and has a title and description (877ms)
  ✓   158 [mobile-390] › tests/public-site.spec.ts:264:5 › structure and content › /blog.html responds and has a title and description (1.2s)
  ✓   164 [mobile-390] › tests/public-site.spec.ts:264:5 › structure and content › /branding.html responds and has a title and description (1.5s)
  ✓   163 [mobile-390] › tests/public-site.spec.ts:264:5 › structure and content › /kkv.html responds and has a title and description (1.5s)
  ✓   161 [mobile-390] › tests/public-site.spec.ts:264:5 › structure and content › /rolunk.html responds and has a title and description (1.6s)
  ✓   162 [mobile-390] › tests/public-site.spec.ts:264:5 › structure and content › /index.html responds and has a title and description (1.7s)
  ✓   165 [mobile-390] › tests/public-site.spec.ts:264:5 › structure and content › /nagyvallalat.html responds and has a title and description (1.7s)
  ✓   167 [mobile-390] › tests/public-site.spec.ts:264:5 › structure and content › /impact-program.html responds and has a title and description (837ms)
  ✓   170 [mobile-390] › tests/public-site.spec.ts:264:5 › structure and content › /arajanlat.html responds and has a title and description (687ms)
  ✓   166 [mobile-390] › tests/public-site.spec.ts:264:5 › structure and content › /hirdeteskezeles.html responds and has a title and description (915ms)
  ✓   169 [mobile-390] › tests/public-site.spec.ts:264:5 › structure and content › /ugyfelszolgalat.html responds and has a title and description (778ms)
  ✓   168 [mobile-390] › tests/public-site.spec.ts:264:5 › structure and content › /blog.html responds and has a title and description (845ms)
  ✓   175 [mobile-390] › tests/public-site.spec.ts:264:5 › structure and content › /branding.html responds and has a title and description (1.3s)
  ✓   172 [mobile-390] › tests/public-site.spec.ts:264:5 › structure and content › /kkv.html responds and has a title and description (1.4s)
  ✓   173 [mobile-390] › tests/public-site.spec.ts:264:5 › structure and content › /rolunk.html responds and has a title and description (1.4s)
  ✓   174 [mobile-390] › tests/public-site.spec.ts:264:5 › structure and content › /nagyvallalat.html responds and has a title and description (1.5s)
  ✓   171 [mobile-390] › tests/public-site.spec.ts:264:5 › structure and content › /index.html responds and has a title and description (1.5s)
  ✓   177 [mobile-390] › tests/public-site.spec.ts:264:5 › structure and content › /impact-program.html responds and has a title and description (845ms)
  ✓   176 [mobile-390] › tests/public-site.spec.ts:264:5 › structure and content › /hirdeteskezeles.html responds and has a title and description (885ms)
  ✓   180 [mobile-390] › tests/public-site.spec.ts:264:5 › structure and content › /arajanlat.html responds and has a title and description (672ms)
  ✓   178 [mobile-390] › tests/public-site.spec.ts:264:5 › structure and content › /blog.html responds and has a title and description (829ms)
  ✓   179 [mobile-390] › tests/public-site.spec.ts:264:5 › structure and content › /ugyfelszolgalat.html responds and has a title and description (823ms)
  ✓   182 [mobile-390] › tests/public-site.spec.ts:264:5 › structure and content › /kkv.html responds and has a title and description (1.4s)
  ✓   185 [mobile-390] › tests/public-site.spec.ts:264:5 › structure and content › /branding.html responds and has a title and description (1.4s)
  ✓   183 [mobile-390] › tests/public-site.spec.ts:264:5 › structure and content › /rolunk.html responds and has a title and description (1.5s)
  ✓   184 [mobile-390] › tests/public-site.spec.ts:264:5 › structure and content › /nagyvallalat.html responds and has a title and description (1.5s)
  ✓   181 [mobile-390] › tests/public-site.spec.ts:264:5 › structure and content › /index.html responds and has a title and description (1.7s)
  ✓   187 [mobile-390] › tests/public-site.spec.ts:264:5 › structure and content › /impact-program.html responds and has a title and description (890ms)
  ✓   188 [mobile-390] › tests/public-site.spec.ts:264:5 › structure and content › /blog.html responds and has a title and description (840ms)
  ✓   186 [mobile-390] › tests/public-site.spec.ts:264:5 › structure and content › /hirdeteskezeles.html responds and has a title and description (990ms)
  ✓   189 [mobile-390] › tests/public-site.spec.ts:264:5 › structure and content › /ugyfelszolgalat.html responds and has a title and description (856ms)
  ✓   190 [mobile-390] › tests/public-site.spec.ts:264:5 › structure and content › /arajanlat.html responds and has a title and description (734ms)
  ✓   194 [mobile-390] › tests/public-site.spec.ts:264:5 › structure and content › /branding.html responds and has a title and description (1.4s)
  ✓   193 [mobile-390] › tests/public-site.spec.ts:264:5 › structure and content › /kkv.html responds and has a title and description (1.4s)
  ✓   192 [mobile-390] › tests/public-site.spec.ts:264:5 › structure and content › /rolunk.html responds and has a title and description (1.5s)
  ✓   195 [mobile-390] › tests/public-site.spec.ts:264:5 › structure and content › /nagyvallalat.html responds and has a title and description (1.6s)
  ✓   191 [mobile-390] › tests/public-site.spec.ts:264:5 › structure and content › /index.html responds and has a title and description (1.6s)
  ✓   197 [mobile-390] › tests/public-site.spec.ts:264:5 › structure and content › /impact-program.html responds and has a title and description (880ms)
  ✓   200 [mobile-390] › tests/public-site.spec.ts:264:5 › structure and content › /arajanlat.html responds and has a title and description (716ms)
  ✓   196 [mobile-390] › tests/public-site.spec.ts:264:5 › structure and content › /hirdeteskezeles.html responds and has a title and description (948ms)
  ✓   198 [mobile-390] › tests/public-site.spec.ts:264:5 › structure and content › /blog.html responds and has a title and description (897ms)
  ✓   199 [mobile-390] › tests/public-site.spec.ts:264:5 › structure and content › /ugyfelszolgalat.html responds and has a title and description (839ms)
  ✓   205 [mobile-390] › tests/public-site.spec.ts:264:5 › structure and content › /branding.html responds and has a title and description (1.4s)
  ✓   203 [mobile-390] › tests/public-site.spec.ts:264:5 › structure and content › /kkv.html responds and has a title and description (1.4s)
  ✓   202 [mobile-390] › tests/public-site.spec.ts:264:5 › structure and content › /rolunk.html responds and has a title and description (1.5s)
  ✓   204 [mobile-390] › tests/public-site.spec.ts:264:5 › structure and content › /nagyvallalat.html responds and has a title and description (1.5s)
  ✓   201 [mobile-390] › tests/public-site.spec.ts:264:5 › structure and content › /index.html responds and has a title and description (1.6s)
  ✓   207 [mobile-390] › tests/public-site.spec.ts:264:5 › structure and content › /impact-program.html responds and has a title and description (860ms)
  ✓   206 [mobile-390] › tests/public-site.spec.ts:264:5 › structure and content › /hirdeteskezeles.html responds and has a title and description (929ms)
  ✓   208 [mobile-390] › tests/public-site.spec.ts:264:5 › structure and content › /blog.html responds and has a title and description (889ms)
  ✓   210 [mobile-390] › tests/public-site.spec.ts:264:5 › structure and content › /arajanlat.html responds and has a title and description (793ms)
  ✓   209 [mobile-390] › tests/public-site.spec.ts:264:5 › structure and content › /ugyfelszolgalat.html responds and has a title and description (870ms)
  ✓   215 [mobile-390] › tests/public-site.spec.ts:264:5 › structure and content › /branding.html responds and has a title and description (1.6s)
  ✓   213 [mobile-390] › tests/public-site.spec.ts:264:5 › structure and content › /kkv.html responds and has a title and description (1.6s)
  ✓   212 [mobile-390] › tests/public-site.spec.ts:264:5 › structure and content › /rolunk.html responds and has a title and description (1.6s)
  ✓   214 [mobile-390] › tests/public-site.spec.ts:264:5 › structure and content › /nagyvallalat.html responds and has a title and description (1.7s)
  ✓   211 [mobile-390] › tests/public-site.spec.ts:264:5 › structure and content › /index.html responds and has a title and description (2.0s)
  ✓   217 [mobile-390] › tests/public-site.spec.ts:264:5 › structure and content › /impact-program.html responds and has a title and description (975ms)
  ✓   218 [mobile-390] › tests/public-site.spec.ts:264:5 › structure and content › /blog.html responds and has a title and description (938ms)
  ✓   216 [mobile-390] › tests/public-site.spec.ts:264:5 › structure and content › /hirdeteskezeles.html responds and has a title and description (1.0s)
  ✓   219 [mobile-390] › tests/public-site.spec.ts:264:5 › structure and content › /ugyfelszolgalat.html responds and has a title and description (961ms)
  ✓   220 [mobile-390] › tests/public-site.spec.ts:264:5 › structure and content › /arajanlat.html responds and has a title and description (777ms)
  ✓   225 [mobile-390] › tests/public-site.spec.ts:264:5 › structure and content › /branding.html responds and has a title and description (1.5s)
  ✓   223 [mobile-390] › tests/public-site.spec.ts:264:5 › structure and content › /kkv.html responds and has a title and description (1.6s)
  ✓   222 [mobile-390] › tests/public-site.spec.ts:264:5 › structure and content › /rolunk.html responds and has a title and description (1.7s)
  ✓   221 [mobile-390] › tests/public-site.spec.ts:264:5 › structure and content › /index.html responds and has a title and description (1.8s)
  ✓   224 [mobile-390] › tests/public-site.spec.ts:264:5 › structure and content › /nagyvallalat.html responds and has a title and description (1.8s)
  ✓   227 [mobile-390] › tests/public-site.spec.ts:264:5 › structure and content › /impact-program.html responds and has a title and description (1.0s)
  ✓   230 [mobile-390] › tests/public-site.spec.ts:264:5 › structure and content › /arajanlat.html responds and has a title and description (808ms)
  ✓   226 [mobile-390] › tests/public-site.spec.ts:264:5 › structure and content › /hirdeteskezeles.html responds and has a title and description (1.1s)
  ✓   228 [mobile-390] › tests/public-site.spec.ts:264:5 › structure and content › /blog.html responds and has a title and description (996ms)
  ✓   229 [mobile-390] › tests/public-site.spec.ts:264:5 › structure and content › /ugyfelszolgalat.html responds and has a title and description (944ms)
  ✓   233 [mobile-390] › tests/public-site.spec.ts:264:5 › structure and content › /branding.html responds and has a title and description (1.5s)
  ✓   235 [mobile-390] › tests/public-site.spec.ts:264:5 › structure and content › /kkv.html responds and has a title and description (1.6s)
  ✓   232 [mobile-390] › tests/public-site.spec.ts:264:5 › structure and content › /rolunk.html responds and has a title and description (1.8s)
  ✓   234 [mobile-390] › tests/public-site.spec.ts:264:5 › structure and content › /nagyvallalat.html responds and has a title and description (1.7s)
  ✓   231 [mobile-390] › tests/public-site.spec.ts:264:5 › structure and content › /index.html responds and has a title and description (1.8s)
  ✓   237 [mobile-390] › tests/public-site.spec.ts:264:5 › structure and content › /impact-program.html responds and has a title and description (957ms)
  ✓   236 [mobile-390] › tests/public-site.spec.ts:264:5 › structure and content › /hirdeteskezeles.html responds and has a title and description (1.1s)
  ✓   240 [mobile-390] › tests/public-site.spec.ts:264:5 › structure and content › /arajanlat.html responds and has a title and description (856ms)
  ✓   238 [mobile-390] › tests/public-site.spec.ts:264:5 › structure and content › /blog.html responds and has a title and description (909ms)
  ✓   239 [mobile-390] › tests/public-site.spec.ts:264:5 › structure and content › /ugyfelszolgalat.html responds and has a title and description (964ms)
  ✓   245 [mobile-390] › tests/public-site.spec.ts:264:5 › structure and content › /branding.html responds and has a title and description (1.6s)
  ✓   243 [mobile-390] › tests/public-site.spec.ts:264:5 › structure and content › /kkv.html responds and has a title and description (1.6s)
  ✓   244 [mobile-390] › tests/public-site.spec.ts:264:5 › structure and content › /nagyvallalat.html responds and has a title and description (1.7s)
  ✓   242 [mobile-390] › tests/public-site.spec.ts:264:5 › structure and content › /rolunk.html responds and has a title and description (1.8s)
  ✓   241 [mobile-390] › tests/public-site.spec.ts:264:5 › structure and content › /index.html responds and has a title and description (1.8s)
  ✓   247 [mobile-390] › tests/public-site.spec.ts:264:5 › structure and content › /impact-program.html responds and has a title and description (1.0s)
  ✓   248 [mobile-390] › tests/public-site.spec.ts:264:5 › structure and content › /blog.html responds and has a title and description (952ms)
  ✓   246 [mobile-390] › tests/public-site.spec.ts:264:5 › structure and content › /hirdeteskezeles.html responds and has a title and description (1.2s)
  ✓   250 [mobile-390] › tests/public-site.spec.ts:264:5 › structure and content › /arajanlat.html responds and has a title and description (910ms)
  ✓   249 [mobile-390] › tests/public-site.spec.ts:264:5 › structure and content › /ugyfelszolgalat.html responds and has a title and description (1.0s)
  ✓   255 [mobile-390] › tests/public-site.spec.ts:264:5 › structure and content › /branding.html responds and has a title and description (1.7s)
  ✓   254 [mobile-390] › tests/public-site.spec.ts:264:5 › structure and content › /kkv.html responds and has a title and description (1.7s)
  ✓   252 [mobile-390] › tests/public-site.spec.ts:264:5 › structure and content › /rolunk.html responds and has a title and description (1.8s)
  ✓   253 [mobile-390] › tests/public-site.spec.ts:264:5 › structure and content › /nagyvallalat.html responds and has a title and description (1.8s)
  ✓   251 [mobile-390] › tests/public-site.spec.ts:264:5 › structure and content › /index.html responds and has a title and description (2.0s)
  ✓   257 [mobile-390] › tests/public-site.spec.ts:264:5 › structure and content › /impact-program.html responds and has a title and description (964ms)
  ✓   256 [mobile-390] › tests/public-site.spec.ts:264:5 › structure and content › /hirdeteskezeles.html responds and has a title and description (987ms)
  ✓   258 [mobile-390] › tests/public-site.spec.ts:264:5 › structure and content › /blog.html responds and has a title and description (915ms)
  ✓   259 [mobile-390] › tests/public-site.spec.ts:264:5 › structure and content › /ugyfelszolgalat.html responds and has a title and description (913ms)
  ✓   260 [mobile-390] › tests/public-site.spec.ts:264:5 › structure and content › /arajanlat.html responds and has a title and description (760ms)
  ✓   262 [mobile-390] › tests/public-site.spec.ts:264:5 › structure and content › /branding.html responds and has a title and description (1.6s)
  ✓   264 [mobile-390] › tests/public-site.spec.ts:264:5 › structure and content › /kkv.html responds and has a title and description (1.7s)
  ✓   263 [mobile-390] › tests/public-site.spec.ts:264:5 › structure and content › /rolunk.html responds and has a title and description (1.7s)
  ✓   265 [mobile-390] › tests/public-site.spec.ts:264:5 › structure and content › /nagyvallalat.html responds and has a title and description (1.8s)
  ✓   261 [mobile-390] › tests/public-site.spec.ts:264:5 › structure and content › /index.html responds and has a title and description (1.9s)
  ✓   270 [mobile-390] › tests/public-site.spec.ts:264:5 › structure and content › /arajanlat.html responds and has a title and description (790ms)
  ✓   267 [mobile-390] › tests/public-site.spec.ts:264:5 › structure and content › /impact-program.html responds and has a title and description (1.0s)
  ✓   266 [mobile-390] › tests/public-site.spec.ts:264:5 › structure and content › /hirdeteskezeles.html responds and has a title and description (1.1s)
  ✓   268 [mobile-390] › tests/public-site.spec.ts:264:5 › structure and content › /blog.html responds and has a title and description (985ms)
  ✓   269 [mobile-390] › tests/public-site.spec.ts:264:5 › structure and content › /ugyfelszolgalat.html responds and has a title and description (958ms)
  ✓   275 [mobile-390] › tests/public-site.spec.ts:264:5 › structure and content › /branding.html responds and has a title and description (1.8s)
  ✓   272 [mobile-390] › tests/public-site.spec.ts:264:5 › structure and content › /kkv.html responds and has a title and description (1.8s)
  ✓   274 [mobile-390] › tests/public-site.spec.ts:264:5 › structure and content › /nagyvallalat.html responds and has a title and description (1.9s)
  ✓   273 [mobile-390] › tests/public-site.spec.ts:264:5 › structure and content › /rolunk.html responds and has a title and description (2.0s)
  ✓   271 [mobile-390] › tests/public-site.spec.ts:264:5 › structure and content › /index.html responds and has a title and description (2.1s)
  ✓   277 [mobile-390] › tests/public-site.spec.ts:264:5 › structure and content › /impact-program.html responds and has a title and description (1.2s)
  ✓   276 [mobile-390] › tests/public-site.spec.ts:264:5 › structure and content › /hirdeteskezeles.html responds and has a title and description (1.2s)
  ✓   280 [mobile-390] › tests/public-site.spec.ts:264:5 › structure and content › /arajanlat.html responds and has a title and description (961ms)
  ✓   279 [mobile-390] › tests/public-site.spec.ts:264:5 › structure and content › /ugyfelszolgalat.html responds and has a title and description (1.1s)
  ✓   278 [mobile-390] › tests/public-site.spec.ts:264:5 › structure and content › /blog.html responds and has a title and description (1.2s)
  ✓   285 [mobile-390] › tests/public-site.spec.ts:264:5 › structure and content › /branding.html responds and has a title and description (1.6s)
  ✓   283 [mobile-390] › tests/public-site.spec.ts:264:5 › structure and content › /kkv.html responds and has a title and description (1.6s)
  ✓   284 [mobile-390] › tests/public-site.spec.ts:264:5 › structure and content › /nagyvallalat.html responds and has a title and description (1.7s)
  ✓   281 [mobile-390] › tests/public-site.spec.ts:264:5 › structure and content › /rolunk.html responds and has a title and description (1.7s)
  ✓   282 [mobile-390] › tests/public-site.spec.ts:264:5 › structure and content › /index.html responds and has a title and description (2.0s)
  ✓   286 [mobile-390] › tests/public-site.spec.ts:264:5 › structure and content › /hirdeteskezeles.html responds and has a title and description (1.0s)
  ✓   288 [mobile-390] › tests/public-site.spec.ts:264:5 › structure and content › /blog.html responds and has a title and description (953ms)
  ✓   287 [mobile-390] › tests/public-site.spec.ts:264:5 › structure and content › /impact-program.html responds and has a title and description (1.1s)
  ✓   289 [mobile-390] › tests/public-site.spec.ts:264:5 › structure and content › /ugyfelszolgalat.html responds and has a title and description (967ms)
  ✓   290 [mobile-390] › tests/public-site.spec.ts:264:5 › structure and content › /arajanlat.html responds and has a title and description (863ms)
  ✓   295 [mobile-390] › tests/public-site.spec.ts:264:5 › structure and content › /branding.html responds and has a title and description (1.6s)
  ✓   293 [mobile-390] › tests/public-site.spec.ts:264:5 › structure and content › /kkv.html responds and has a title and description (1.6s)
  ✓   292 [mobile-390] › tests/public-site.spec.ts:264:5 › structure and content › /rolunk.html responds and has a title and description (1.7s)
  ✓   294 [mobile-390] › tests/public-site.spec.ts:264:5 › structure and content › /nagyvallalat.html responds and has a title and description (1.9s)
  ✓   291 [mobile-390] › tests/public-site.spec.ts:264:5 › structure and content › /index.html responds and has a title and description (2.0s)
  ✓   297 [mobile-390] › tests/public-site.spec.ts:264:5 › structure and content › /impact-program.html responds and has a title and description (1.0s)
  ✓   296 [mobile-390] › tests/public-site.spec.ts:264:5 › structure and content › /hirdeteskezeles.html responds and has a title and description (1.1s)
  ✓   298 [mobile-390] › tests/public-site.spec.ts:264:5 › structure and content › /blog.html responds and has a title and description (1.1s)
  ✓   300 [mobile-390] › tests/public-site.spec.ts:264:5 › structure and content › /arajanlat.html responds and has a title and description (861ms)
  ✓   299 [mobile-390] › tests/public-site.spec.ts:264:5 › structure and content › /ugyfelszolgalat.html responds and has a title and description (971ms)
  ✓   304 [mobile-390] › tests/public-site.spec.ts:264:5 › structure and content › /branding.html responds and has a title and description (1.6s)
  ✓   302 [mobile-390] › tests/public-site.spec.ts:264:5 › structure and content › /rolunk.html responds and has a title and description (1.6s)
  ✓   303 [mobile-390] › tests/public-site.spec.ts:264:5 › structure and content › /kkv.html responds and has a title and description (1.7s)
  ✓   305 [mobile-390] › tests/public-site.spec.ts:264:5 › structure and content › /nagyvallalat.html responds and has a title and description (1.9s)
  ✓   301 [mobile-390] › tests/public-site.spec.ts:264:5 › structure and content › /index.html responds and has a title and description (2.0s)
  ✓   306 [mobile-390] › tests/public-site.spec.ts:264:5 › structure and content › /hirdeteskezeles.html responds and has a title and description (1.1s)
  ✓   307 [mobile-390] › tests/public-site.spec.ts:264:5 › structure and content › /impact-program.html responds and has a title and description (1.1s)
  ✓   308 [mobile-390] › tests/public-site.spec.ts:264:5 › structure and content › /blog.html responds and has a title and description (1.0s)
  ✓   310 [mobile-390] › tests/public-site.spec.ts:264:5 › structure and content › /arajanlat.html responds and has a title and description (842ms)
  ✓   309 [mobile-390] › tests/public-site.spec.ts:264:5 › structure and content › /ugyfelszolgalat.html responds and has a title and description (932ms)
  ✓   313 [mobile-390] › tests/public-site.spec.ts:264:5 › structure and content › /kkv.html responds and has a title and description (1.3s)
  ✓   315 [mobile-390] › tests/public-site.spec.ts:264:5 › structure and content › /branding.html responds and has a title and description (1.7s)
  ✓   312 [mobile-390] › tests/public-site.spec.ts:264:5 › structure and content › /rolunk.html responds and has a title and description (1.9s)
  ✓   314 [mobile-390] › tests/public-site.spec.ts:264:5 › structure and content › /nagyvallalat.html responds and has a title and description (1.9s)
  ✓   311 [mobile-390] › tests/public-site.spec.ts:264:5 › structure and content › /index.html responds and has a title and description (2.0s)
  ✓   316 [mobile-390] › tests/public-site.spec.ts:264:5 › structure and content › /hirdeteskezeles.html responds and has a title and description (1.1s)
  ✓   317 [mobile-390] › tests/public-site.spec.ts:264:5 › structure and content › /impact-program.html responds and has a title and description (1.1s)
  ✓   318 [mobile-390] › tests/public-site.spec.ts:264:5 › structure and content › /blog.html responds and has a title and description (936ms)
  ✓   320 [mobile-390] › tests/public-site.spec.ts:264:5 › structure and content › /arajanlat.html responds and has a title and description (840ms)
  ✓   319 [mobile-390] › tests/public-site.spec.ts:264:5 › structure and content › /ugyfelszolgalat.html responds and has a title and description (1.0s)
  ✓   321 [mobile-390] › tests/public-site.spec.ts:264:5 › structure and content › /index.html responds and has a title and description (1.7s)
  ✓   325 [mobile-390] › tests/public-site.spec.ts:264:5 › structure and content › /branding.html responds and has a title and description (1.6s)
  ✓   323 [mobile-390] › tests/public-site.spec.ts:264:5 › structure and content › /kkv.html responds and has a title and description (1.6s)
  ✓   322 [mobile-390] › tests/public-site.spec.ts:264:5 › structure and content › /rolunk.html responds and has a title and description (1.9s)
  ✓   324 [mobile-390] › tests/public-site.spec.ts:264:5 › structure and content › /nagyvallalat.html responds and has a title and description (1.9s)
  ✓   326 [mobile-390] › tests/public-site.spec.ts:264:5 › structure and content › /hirdeteskezeles.html responds and has a title and description (1.3s)
  ✓   327 [mobile-390] › tests/public-site.spec.ts:264:5 › structure and content › /impact-program.html responds and has a title and description (1.1s)
  ✓   328 [mobile-390] › tests/public-site.spec.ts:264:5 › structure and content › /blog.html responds and has a title and description (1.1s)
  ✓   330 [mobile-390] › tests/public-site.spec.ts:264:5 › structure and content › /arajanlat.html responds and has a title and description (979ms)
  ✓   329 [mobile-390] › tests/public-site.spec.ts:264:5 › structure and content › /ugyfelszolgalat.html responds and has a title and description (1.1s)
  ✓   332 [mobile-390] › tests/public-site.spec.ts:264:5 › structure and content › /kkv.html responds and has a title and description (1.7s)
  ✓   335 [mobile-390] › tests/public-site.spec.ts:264:5 › structure and content › /branding.html responds and has a title and description (1.8s)
  ✓   334 [mobile-390] › tests/public-site.spec.ts:264:5 › structure and content › /nagyvallalat.html responds and has a title and description (1.9s)
  ✓   333 [mobile-390] › tests/public-site.spec.ts:264:5 › structure and content › /rolunk.html responds and has a title and description (1.8s)
  ✓   331 [mobile-390] › tests/public-site.spec.ts:264:5 › structure and content › /index.html responds and has a title and description (2.1s)
  ✓   336 [mobile-390] › tests/public-site.spec.ts:264:5 › structure and content › /hirdeteskezeles.html responds and has a title and description (1.3s)
  ✓   338 [mobile-390] › tests/public-site.spec.ts:264:5 › structure and content › /blog.html responds and has a title and description (1.1s)
  ✓   340 [mobile-390] › tests/public-site.spec.ts:264:5 › structure and content › /arajanlat.html responds and has a title and description (995ms)
  ✓   337 [mobile-390] › tests/public-site.spec.ts:264:5 › structure and content › /impact-program.html responds and has a title and description (1.3s)
  ✓   339 [mobile-390] › tests/public-site.spec.ts:264:5 › structure and content › /ugyfelszolgalat.html responds and has a title and description (1.1s)
  ✓   345 [mobile-390] › tests/public-site.spec.ts:264:5 › structure and content › /branding.html responds and has a title and description (1.8s)
  ✓   343 [mobile-390] › tests/public-site.spec.ts:264:5 › structure and content › /kkv.html responds and has a title and description (1.9s)
  ✓   342 [mobile-390] › tests/public-site.spec.ts:264:5 › structure and content › /rolunk.html responds and has a title and description (2.0s)
  ✓   341 [mobile-390] › tests/public-site.spec.ts:264:5 › structure and content › /index.html responds and has a title and description (2.0s)
  ✓   344 [mobile-390] › tests/public-site.spec.ts:264:5 › structure and content › /nagyvallalat.html responds and has a title and description (2.1s)
  ✓   348 [mobile-390] › tests/public-site.spec.ts:264:5 › structure and content › /blog.html responds and has a title and description (1.0s)
  ✓   350 [mobile-390] › tests/public-site.spec.ts:264:5 › structure and content › /arajanlat.html responds and has a title and description (945ms)
  ✓   346 [mobile-390] › tests/public-site.spec.ts:264:5 › structure and content › /hirdeteskezeles.html responds and has a title and description (1.3s)
  ✓   347 [mobile-390] › tests/public-site.spec.ts:264:5 › structure and content › /impact-program.html responds and has a title and description (1.1s)
  ✓   349 [mobile-390] › tests/public-site.spec.ts:264:5 › structure and content › /ugyfelszolgalat.html responds and has a title and description (1.1s)
  ✓   355 [mobile-390] › tests/public-site.spec.ts:264:5 › structure and content › /branding.html responds and has a title and description (1.7s)
  ✓   351 [mobile-390] › tests/public-site.spec.ts:264:5 › structure and content › /kkv.html responds and has a title and description (1.7s)
  ✓   353 [mobile-390] › tests/public-site.spec.ts:264:5 › structure and content › /rolunk.html responds and has a title and description (1.8s)
  ✓   354 [mobile-390] › tests/public-site.spec.ts:264:5 › structure and content › /nagyvallalat.html responds and has a title and description (1.8s)
  ✓   352 [mobile-390] › tests/public-site.spec.ts:264:5 › structure and content › /index.html responds and has a title and description (2.1s)
  ✓   357 [mobile-390] › tests/public-site.spec.ts:264:5 › structure and content › /impact-program.html responds and has a title and description (1.1s)
  ✓   358 [mobile-390] › tests/public-site.spec.ts:264:5 › structure and content › /blog.html responds and has a title and description (1.0s)
  ✓   356 [mobile-390] › tests/public-site.spec.ts:264:5 › structure and content › /hirdeteskezeles.html responds and has a title and description (1.1s)
  ✓   359 [mobile-390] › tests/public-site.spec.ts:264:5 › structure and content › /ugyfelszolgalat.html responds and has a title and description (1.0s)
  ✓   360 [mobile-390] › tests/public-site.spec.ts:264:5 › structure and content › /arajanlat.html responds and has a title and description (809ms)
  ✓   364 [mobile-390] › tests/public-site.spec.ts:264:5 › structure and content › /branding.html responds and has a title and description (1.8s)
  ✓   362 [mobile-390] › tests/public-site.spec.ts:264:5 › structure and content › /kkv.html responds and has a title and description (1.7s)
  ✓   363 [mobile-390] › tests/public-site.spec.ts:264:5 › structure and content › /rolunk.html responds and has a title and description (1.9s)
  ✓   365 [mobile-390] › tests/public-site.spec.ts:264:5 › structure and content › /nagyvallalat.html responds and has a title and description (2.0s)
  ✓   361 [mobile-390] › tests/public-site.spec.ts:264:5 › structure and content › /index.html responds and has a title and description (2.2s)
  ✓   367 [mobile-390] › tests/public-site.spec.ts:264:5 › structure and content › /impact-program.html responds and has a title and description (1.0s)
  ✓   366 [mobile-390] › tests/public-site.spec.ts:264:5 › structure and content › /hirdeteskezeles.html responds and has a title and description (1.1s)
  ✓   368 [mobile-390] › tests/public-site.spec.ts:264:5 › structure and content › /blog.html responds and has a title and description (1.1s)
  ✓   369 [mobile-390] › tests/public-site.spec.ts:264:5 › structure and content › /ugyfelszolgalat.html responds and has a title and description (1.0s)
  ✓   370 [mobile-390] › tests/public-site.spec.ts:264:5 › structure and content › /arajanlat.html responds and has a title and description (889ms)
  ✓   373 [mobile-390] › tests/public-site.spec.ts:264:5 › structure and content › /kkv.html responds and has a title and description (1.7s)
  ✓   375 [mobile-390] › tests/public-site.spec.ts:264:5 › structure and content › /branding.html responds and has a title and description (1.7s)
  ✓   374 [mobile-390] › tests/public-site.spec.ts:264:5 › structure and content › /nagyvallalat.html responds and has a title and description (1.9s)
  ✓   372 [mobile-390] › tests/public-site.spec.ts:264:5 › structure and content › /rolunk.html responds and has a title and description (2.0s)
  ✓   371 [mobile-390] › tests/public-site.spec.ts:264:5 › structure and content › /index.html responds and has a title and description (2.1s)
  ✓   377 [mobile-390] › tests/public-site.spec.ts:264:5 › structure and content › /impact-program.html responds and has a title and description (1.1s)
  ✓   376 [mobile-390] › tests/public-site.spec.ts:264:5 › structure and content › /hirdeteskezeles.html responds and has a title and description (1.2s)
  ✓   380 [mobile-390] › tests/public-site.spec.ts:264:5 › structure and content › /arajanlat.html responds and has a title and description (855ms)
  ✓   378 [mobile-390] › tests/public-site.spec.ts:264:5 › structure and content › /blog.html responds and has a title and description (1.0s)
  ✓   379 [mobile-390] › tests/public-site.spec.ts:264:5 › structure and content › /ugyfelszolgalat.html responds and has a title and description (1.0s)
  ✓   385 [mobile-390] › tests/public-site.spec.ts:264:5 › structure and content › /branding.html responds and has a title and description (1.6s)
  ✓   383 [mobile-390] › tests/public-site.spec.ts:264:5 › structure and content › /kkv.html responds and has a title and description (1.6s)
  ✓   382 [mobile-390] › tests/public-site.spec.ts:264:5 › structure and content › /rolunk.html responds and has a title and description (1.8s)
  ✓   384 [mobile-390] › tests/public-site.spec.ts:264:5 › structure and content › /nagyvallalat.html responds and has a title and description (1.9s)
  ✓   381 [mobile-390] › tests/public-site.spec.ts:264:5 › structure and content › /index.html responds and has a title and description (1.9s)
  ✓   387 [mobile-390] › tests/public-site.spec.ts:264:5 › structure and content › /impact-program.html responds and has a title and description (1.1s)
  ✓   386 [mobile-390] › tests/public-site.spec.ts:264:5 › structure and content › /hirdeteskezeles.html responds and has a title and description (1.2s)
  ✓   390 [mobile-390] › tests/public-site.spec.ts:264:5 › structure and content › /arajanlat.html responds and has a title and description (897ms)
  ✓   388 [mobile-390] › tests/public-site.spec.ts:264:5 › structure and content › /blog.html responds and has a title and description (1.0s)
  ✓   389 [mobile-390] › tests/public-site.spec.ts:264:5 › structure and content › /ugyfelszolgalat.html responds and has a title and description (1.0s)
  ✓   395 [mobile-390] › tests/public-site.spec.ts:264:5 › structure and content › /branding.html responds and has a title and description (1.8s)
  ✓   392 [mobile-390] › tests/public-site.spec.ts:264:5 › structure and content › /kkv.html responds and has a title and description (1.9s)
  ✓   393 [mobile-390] › tests/public-site.spec.ts:264:5 › structure and content › /rolunk.html responds and has a title and description (1.9s)
  ✓   391 [mobile-390] › tests/public-site.spec.ts:264:5 › structure and content › /index.html responds and has a title and description (2.2s)
  ✓   394 [mobile-390] › tests/public-site.spec.ts:264:5 › structure and content › /nagyvallalat.html responds and has a title and description (2.2s)
  ✓   398 [mobile-390] › tests/public-site.spec.ts:264:5 › structure and content › /blog.html responds and has a title and description (1.1s)
  ✓   396 [mobile-390] › tests/public-site.spec.ts:264:5 › structure and content › /hirdeteskezeles.html responds and has a title and description (1.3s)
  ✓   397 [mobile-390] › tests/public-site.spec.ts:264:5 › structure and content › /impact-program.html responds and has a title and description (1.2s)
  ✓   400 [mobile-390] › tests/public-site.spec.ts:264:5 › structure and content › /arajanlat.html responds and has a title and description (1.0s)
  ✓   399 [mobile-390] › tests/public-site.spec.ts:264:5 › structure and content › /ugyfelszolgalat.html responds and has a title and description (1.1s)
  ✓   403 [mobile-390] › tests/public-site.spec.ts:264:5 › structure and content › /kkv.html responds and has a title and description (1.9s)
  ✓   405 [mobile-390] › tests/public-site.spec.ts:264:5 › structure and content › /branding.html responds and has a title and description (2.0s)
  ✓   401 [mobile-390] › tests/public-site.spec.ts:264:5 › structure and content › /rolunk.html responds and has a title and description (2.1s)
  ✓   404 [mobile-390] › tests/public-site.spec.ts:264:5 › structure and content › /nagyvallalat.html responds and has a title and description (2.3s)
  ✓   402 [mobile-390] › tests/public-site.spec.ts:264:5 › structure and content › /index.html responds and has a title and description (2.5s)
  ✓   406 [mobile-390] › tests/public-site.spec.ts:264:5 › structure and content › /hirdeteskezeles.html responds and has a title and description (1.1s)
  ✓   407 [mobile-390] › tests/public-site.spec.ts:264:5 › structure and content › /impact-program.html responds and has a title and description (1.1s)
  ✓   408 [mobile-390] › tests/public-site.spec.ts:264:5 › structure and content › /blog.html responds and has a title and description (1.1s)
  ✓   409 [mobile-390] › tests/public-site.spec.ts:264:5 › structure and content › /ugyfelszolgalat.html responds and has a title and description (1.1s)
  ✓   410 [mobile-390] › tests/public-site.spec.ts:264:5 › structure and content › /arajanlat.html responds and has a title and description (919ms)
  ✓   412 [mobile-390] › tests/public-site.spec.ts:264:5 › structure and content › /rolunk.html responds and has a title and description (1.6s)
  ✓   411 [mobile-390] › tests/public-site.spec.ts:264:5 › structure and content › /index.html responds and has a title and description (1.9s)
  ✓   415 [mobile-390] › tests/public-site.spec.ts:264:5 › structure and content › /branding.html responds and has a title and description (1.7s)
  ✓   413 [mobile-390] › tests/public-site.spec.ts:264:5 › structure and content › /kkv.html responds and has a title and description (1.8s)
  ✓   414 [mobile-390] › tests/public-site.spec.ts:264:5 › structure and content › /nagyvallalat.html responds and has a title and description (1.9s)
  ✓   416 [mobile-390] › tests/public-site.spec.ts:264:5 › structure and content › /hirdeteskezeles.html responds and has a title and description (1.2s)
  ✓   418 [mobile-390] › tests/public-site.spec.ts:264:5 › structure and content › /blog.html responds and has a title and description (1.1s)
  ✓   419 [mobile-390] › tests/public-site.spec.ts:264:5 › structure and content › /ugyfelszolgalat.html responds and has a title and description (988ms)
  ✓   417 [mobile-390] › tests/public-site.spec.ts:264:5 › structure and content › /impact-program.html responds and has a title and description (1.1s)
  ✓   420 [mobile-390] › tests/public-site.spec.ts:264:5 › structure and content › /arajanlat.html responds and has a title and description (898ms)
  ✓   424 [mobile-390] › tests/public-site.spec.ts:264:5 › structure and content › /kkv.html responds and has a title and description (1.6s)
  ✓   425 [mobile-390] › tests/public-site.spec.ts:264:5 › structure and content › /branding.html responds and has a title and description (1.7s)
  ✓   422 [mobile-390] › tests/public-site.spec.ts:264:5 › structure and content › /rolunk.html responds and has a title and description (1.7s)
  ✓   423 [mobile-390] › tests/public-site.spec.ts:264:5 › structure and content › /nagyvallalat.html responds and has a title and description (1.9s)
  ✓   421 [mobile-390] › tests/public-site.spec.ts:264:5 › structure and content › /index.html responds and has a title and description (1.9s)
  ✓   427 [mobile-390] › tests/public-site.spec.ts:264:5 › structure and content › /impact-program.html responds and has a title and description (1.0s)
  ✓   428 [mobile-390] › tests/public-site.spec.ts:264:5 › structure and content › /blog.html responds and has a title and description (994ms)
  ✓   426 [mobile-390] › tests/public-site.spec.ts:264:5 › structure and content › /hirdeteskezeles.html responds and has a title and description (1.2s)
  ✓   430 [mobile-390] › tests/public-site.spec.ts:264:5 › structure and content › /arajanlat.html responds and has a title and description (900ms)
  ✓   429 [mobile-390] › tests/public-site.spec.ts:264:5 › structure and content › /ugyfelszolgalat.html responds and has a title and description (979ms)
  ✓   435 [mobile-390] › tests/public-site.spec.ts:264:5 › structure and content › /branding.html responds and has a title and description (1.9s)
  ✓   433 [mobile-390] › tests/public-site.spec.ts:264:5 › structure and content › /kkv.html responds and has a title and description (1.9s)
  ✓   431 [mobile-390] › tests/public-site.spec.ts:264:5 › structure and content › /rolunk.html responds and has a title and description (2.2s)
  ✓   434 [mobile-390] › tests/public-site.spec.ts:264:5 › structure and content › /nagyvallalat.html responds and has a title and description (2.2s)
  ✓   432 [mobile-390] › tests/public-site.spec.ts:264:5 › structure and content › /index.html responds and has a title and description (2.5s)
  ✓   437 [mobile-390] › tests/public-site.spec.ts:264:5 › structure and content › /impact-program.html responds and has a title and description (1.2s)
  ✓   436 [mobile-390] › tests/public-site.spec.ts:264:5 › structure and content › /hirdeteskezeles.html responds and has a title and description (1.3s)
  ✓   439 [mobile-390] › tests/public-site.spec.ts:264:5 › structure and content › /ugyfelszolgalat.html responds and has a title and description (1.1s)
  ✓   438 [mobile-390] › tests/public-site.spec.ts:264:5 › structure and content › /blog.html responds and has a title and description (1.2s)
  ✓   440 [mobile-390] › tests/public-site.spec.ts:264:5 › structure and content › /arajanlat.html responds and has a title and description (1.0s)
  ✓   442 [mobile-390] › tests/public-site.spec.ts:264:5 › structure and content › /rolunk.html responds and has a title and description (1.8s)
  ✓   441 [mobile-390] › tests/public-site.spec.ts:264:5 › structure and content › /index.html responds and has a title and description (1.8s)
  ✓   443 [mobile-390] › tests/public-site.spec.ts:264:5 › structure and content › /kkv.html responds and has a title and description (1.7s)
  ✓   445 [mobile-390] › tests/public-site.spec.ts:264:5 › structure and content › /branding.html responds and has a title and description (1.9s)
  ✓   444 [mobile-390] › tests/public-site.spec.ts:264:5 › structure and content › /nagyvallalat.html responds and has a title and description (2.0s)
  ✓   447 [mobile-390] › tests/public-site.spec.ts:264:5 › structure and content › /impact-program.html responds and has a title and description (1.0s)
  ✓   448 [mobile-390] › tests/public-site.spec.ts:264:5 › structure and content › /blog.html responds and has a title and description (1.1s)
  ✓   446 [mobile-390] › tests/public-site.spec.ts:264:5 › structure and content › /hirdeteskezeles.html responds and has a title and description (1.2s)
  ✓   450 [mobile-390] › tests/public-site.spec.ts:264:5 › structure and content › /arajanlat.html responds and has a title and description (890ms)
  ✓   449 [mobile-390] › tests/public-site.spec.ts:264:5 › structure and content › /ugyfelszolgalat.html responds and has a title and description (969ms)
  ✓   453 [mobile-390] › tests/public-site.spec.ts:264:5 › structure and content › /kkv.html responds and has a title and description (1.7s)
  ✓   455 [mobile-390] › tests/public-site.spec.ts:264:5 › structure and content › /branding.html responds and has a title and description (1.7s)
  ✓   452 [mobile-390] › tests/public-site.spec.ts:264:5 › structure and content › /rolunk.html responds and has a title and description (1.8s)
  ✓   454 [mobile-390] › tests/public-site.spec.ts:264:5 › structure and content › /nagyvallalat.html responds and has a title and description (1.9s)
  ✓   451 [mobile-390] › tests/public-site.spec.ts:264:5 › structure and content › /index.html responds and has a title and description (2.1s)
  ✓   456 [mobile-390] › tests/public-site.spec.ts:264:5 › structure and content › /hirdeteskezeles.html responds and has a title and description (1.2s)
  ✓   457 [mobile-390] › tests/public-site.spec.ts:264:5 › structure and content › /impact-program.html responds and has a title and description (1.2s)
  ✓   460 [mobile-390] › tests/public-site.spec.ts:264:5 › structure and content › /arajanlat.html responds and has a title and description (951ms)
  ✓   458 [mobile-390] › tests/public-site.spec.ts:264:5 › structure and content › /blog.html responds and has a title and description (1.2s)
  ✓   459 [mobile-390] › tests/public-site.spec.ts:264:5 › structure and content › /ugyfelszolgalat.html responds and has a title and description (1.1s)
  ✓   465 [mobile-390] › tests/public-site.spec.ts:264:5 › structure and content › /branding.html responds and has a title and description (1.7s)
  ✓   464 [mobile-390] › tests/public-site.spec.ts:264:5 › structure and content › /kkv.html responds and has a title and description (1.7s)
  ✓   462 [mobile-390] › tests/public-site.spec.ts:264:5 › structure and content › /rolunk.html responds and has a title and description (1.8s)
  ✓   463 [mobile-390] › tests/public-site.spec.ts:264:5 › structure and content › /nagyvallalat.html responds and has a title and description (1.8s)
  ✓   461 [mobile-390] › tests/public-site.spec.ts:264:5 › structure and content › /index.html responds and has a title and description (2.0s)
  ✓   467 [mobile-390] › tests/public-site.spec.ts:264:5 › structure and content › /impact-program.html responds and has a title and description (1.0s)
  ✓   468 [mobile-390] › tests/public-site.spec.ts:264:5 › structure and content › /blog.html responds and has a title and description (1.1s)
  ✓   466 [mobile-390] › tests/public-site.spec.ts:264:5 › structure and content › /hirdeteskezeles.html responds and has a title and description (1.1s)
  ✓   470 [mobile-390] › tests/public-site.spec.ts:264:5 › structure and content › /arajanlat.html responds and has a title and description (885ms)
  ✓   469 [mobile-390] › tests/public-site.spec.ts:264:5 › structure and content › /ugyfelszolgalat.html responds and has a title and description (992ms)
  ✓   474 [mobile-390] › tests/public-site.spec.ts:264:5 › structure and content › /branding.html responds and has a title and description (1.6s)
  ✓   473 [mobile-390] › tests/public-site.spec.ts:264:5 › structure and content › /kkv.html responds and has a title and description (1.7s)
  ✓   475 [mobile-390] › tests/public-site.spec.ts:264:5 › structure and content › /nagyvallalat.html responds and has a title and description (1.8s)
  ✓   472 [mobile-390] › tests/public-site.spec.ts:264:5 › structure and content › /rolunk.html responds and has a title and description (1.8s)
  ✓   471 [mobile-390] › tests/public-site.spec.ts:264:5 › structure and content › /index.html responds and has a title and description (2.2s)

[nav-boundary] lastConfirmedState=REQUEST_STARTED  bundle=/Users/arturlukacs/stratos-hermetic/subject/_build/reports/final-navigation-boundary/failures/stress-A-routes-20260819105653/mobile-390--impact-program.html-responds-and-has-a-title-and-description


[nav-boundary] lastConfirmedState=REQUEST_STARTED  bundle=/Users/arturlukacs/stratos-hermetic/subject/_build/reports/final-navigation-boundary/failures/stress-A-routes-20260819105653/mobile-390--hirdeteskezeles.html-responds-and-has-a-title-and-description


[nav-boundary] lastConfirmedState=REQUEST_STARTED  bundle=/Users/arturlukacs/stratos-hermetic/subject/_build/reports/final-navigation-boundary/failures/stress-A-routes-20260819105653/mobile-390--blog.html-responds-and-has-a-title-and-description

  ✘   476 [mobile-390] › tests/public-site.spec.ts:264:5 › structure and content › /hirdeteskezeles.html responds and has a title and description (763ms)
  ✘   477 [mobile-390] › tests/public-site.spec.ts:264:5 › structure and content › /impact-program.html responds and has a title and description (719ms)

[nav-boundary] lastConfirmedState=REQUEST_STARTED  bundle=/Users/arturlukacs/stratos-hermetic/subject/_build/reports/final-navigation-boundary/failures/stress-A-routes-20260819105653/mobile-390--ugyfelszolgalat.html-responds-and-has-a-title-and-description

  ✘   478 [mobile-390] › tests/public-site.spec.ts:264:5 › structure and content › /blog.html responds and has a title and description (711ms)
  ✘   479 [mobile-390] › tests/public-site.spec.ts:264:5 › structure and content › /ugyfelszolgalat.html responds and has a title and description (669ms)
  ✓   480 [mobile-390] › tests/public-site.spec.ts:264:5 › structure and content › /arajanlat.html responds and has a title and description (791ms)
  ✓   483 [mobile-390] › tests/public-site.spec.ts:264:5 › structure and content › /kkv.html responds and has a title and description (2.7s)
  ✓   485 [mobile-390] › tests/public-site.spec.ts:264:5 › structure and content › /branding.html responds and has a title and description (2.9s)
  ✓   484 [mobile-390] › tests/public-site.spec.ts:264:5 › structure and content › /nagyvallalat.html responds and has a title and description (3.3s)
  ✓   482 [mobile-390] › tests/public-site.spec.ts:264:5 › structure and content › /rolunk.html responds and has a title and description (3.4s)
  ✓   481 [mobile-390] › tests/public-site.spec.ts:264:5 › structure and content › /index.html responds and has a title and description (3.9s)
  ✓   486 [mobile-390] › tests/public-site.spec.ts:264:5 › structure and content › /hirdeteskezeles.html responds and has a title and description (1.9s)
  ✓   487 [mobile-390] › tests/public-site.spec.ts:264:5 › structure and content › /impact-program.html responds and has a title and description (1.6s)
  ✓   488 [mobile-390] › tests/public-site.spec.ts:264:5 › structure and content › /blog.html responds and has a title and description (1.7s)
  ✓   489 [mobile-390] › tests/public-site.spec.ts:264:5 › structure and content › /ugyfelszolgalat.html responds and has a title and description (1.9s)
  ✓   490 [mobile-390] › tests/public-site.spec.ts:264:5 › structure and content › /arajanlat.html responds and has a title and description (1.5s)
  ✓   493 [mobile-390] › tests/public-site.spec.ts:264:5 › structure and content › /kkv.html responds and has a title and description (1.9s)
  ✓   494 [mobile-390] › tests/public-site.spec.ts:264:5 › structure and content › /branding.html responds and has a title and description (2.0s)
  ✓   492 [mobile-390] › tests/public-site.spec.ts:264:5 › structure and content › /rolunk.html responds and has a title and description (2.6s)
  ✓   495 [mobile-390] › tests/public-site.spec.ts:264:5 › structure and content › /nagyvallalat.html responds and has a title and description (2.2s)
  ✓   491 [mobile-390] › tests/public-site.spec.ts:264:5 › structure and content › /index.html responds and has a title and description (2.8s)
  ✓   496 [mobile-390] › tests/public-site.spec.ts:264:5 › structure and content › /hirdeteskezeles.html responds and has a title and description (1.3s)
  ✓   497 [mobile-390] › tests/public-site.spec.ts:264:5 › structure and content › /impact-program.html responds and has a title and description (1.3s)
  ✓   498 [mobile-390] › tests/public-site.spec.ts:264:5 › structure and content › /blog.html responds and has a title and description (1.4s)
  ✓   500 [mobile-390] › tests/public-site.spec.ts:264:5 › structure and content › /arajanlat.html responds and has a title and description (1.1s)
  ✓   499 [mobile-390] › tests/public-site.spec.ts:264:5 › structure and content › /ugyfelszolgalat.html responds and has a title and description (1.3s)
  ✓   504 [mobile-390] › tests/public-site.spec.ts:264:5 › structure and content › /kkv.html responds and has a title and description (2.2s)
  ✓   503 [mobile-390] › tests/public-site.spec.ts:264:5 › structure and content › /branding.html responds and has a title and description (2.3s)
  ✓   501 [mobile-390] › tests/public-site.spec.ts:264:5 › structure and content › /rolunk.html responds and has a title and description (2.4s)
  ✓   505 [mobile-390] › tests/public-site.spec.ts:264:5 › structure and content › /nagyvallalat.html responds and has a title and description (2.6s)
  ✓   502 [mobile-390] › tests/public-site.spec.ts:264:5 › structure and content › /index.html responds and has a title and description (2.7s)
  ✓   507 [mobile-390] › tests/public-site.spec.ts:264:5 › structure and content › /impact-program.html responds and has a title and description (1.3s)
  ✓   508 [mobile-390] › tests/public-site.spec.ts:264:5 › structure and content › /blog.html responds and has a title and description (1.3s)
  ✓   506 [mobile-390] › tests/public-site.spec.ts:264:5 › structure and content › /hirdeteskezeles.html responds and has a title and description (1.5s)
  ✓   510 [mobile-390] › tests/public-site.spec.ts:264:5 › structure and content › /arajanlat.html responds and has a title and description (1.1s)
  ✓   509 [mobile-390] › tests/public-site.spec.ts:264:5 › structure and content › /ugyfelszolgalat.html responds and has a title and description (1.4s)
  ✓   512 [mobile-390] › tests/public-site.spec.ts:264:5 › structure and content › /kkv.html responds and has a title and description (2.0s)
  ✓   513 [mobile-390] › tests/public-site.spec.ts:264:5 › structure and content › /rolunk.html responds and has a title and description (2.0s)
  ✓   515 [mobile-390] › tests/public-site.spec.ts:264:5 › structure and content › /branding.html responds and has a title and description (2.1s)
  ✓   514 [mobile-390] › tests/public-site.spec.ts:264:5 › structure and content › /nagyvallalat.html responds and has a title and description (2.2s)
  ✓   511 [mobile-390] › tests/public-site.spec.ts:264:5 › structure and content › /index.html responds and has a title and description (2.5s)
  ✓   516 [mobile-390] › tests/public-site.spec.ts:264:5 › structure and content › /hirdeteskezeles.html responds and has a title and description (1.4s)
  ✓   517 [mobile-390] › tests/public-site.spec.ts:264:5 › structure and content › /impact-program.html responds and has a title and description (1.4s)
  ✓   518 [mobile-390] › tests/public-site.spec.ts:264:5 › structure and content › /blog.html responds and has a title and description (1.4s)
  ✓   519 [mobile-390] › tests/public-site.spec.ts:264:5 › structure and content › /ugyfelszolgalat.html responds and has a title and description (1.4s)
  ✓   520 [mobile-390] › tests/public-site.spec.ts:264:5 › structure and content › /arajanlat.html responds and has a title and description (1.3s)
  ✓   521 [mobile-390] › tests/public-site.spec.ts:264:5 › structure and content › /kkv.html responds and has a title and description (1.8s)
  ✓   523 [mobile-390] › tests/public-site.spec.ts:264:5 › structure and content › /rolunk.html responds and has a title and description (2.0s)
  ✓   524 [mobile-390] › tests/public-site.spec.ts:264:5 › structure and content › /nagyvallalat.html responds and has a title and description (2.0s)
  ✓   525 [mobile-390] › tests/public-site.spec.ts:264:5 › structure and content › /branding.html responds and has a title and description (1.8s)
  ✓   522 [mobile-390] › tests/public-site.spec.ts:264:5 › structure and content › /index.html responds and has a title and description (2.9s)
  ✓   526 [mobile-390] › tests/public-site.spec.ts:264:5 › structure and content › /hirdeteskezeles.html responds and has a title and description (1.1s)
  ✓   527 [mobile-390] › tests/public-site.spec.ts:264:5 › structure and content › /impact-program.html responds and has a title and description (1.0s)
  ✓   528 [mobile-390] › tests/public-site.spec.ts:264:5 › structure and content › /blog.html responds and has a title and description (1.0s)
  ✓   529 [mobile-390] › tests/public-site.spec.ts:264:5 › structure and content › /ugyfelszolgalat.html responds and has a title and description (1.1s)
  ✓   530 [mobile-390] › tests/public-site.spec.ts:264:5 › structure and content › /arajanlat.html responds and has a title and description (746ms)
  ✓   533 [mobile-390] › tests/public-site.spec.ts:264:5 › structure and content › /kkv.html responds and has a title and description (1.8s)
  ✓   532 [mobile-390] › tests/public-site.spec.ts:264:5 › structure and content › /rolunk.html responds and has a title and description (2.0s)
  ✓   534 [mobile-390] › tests/public-site.spec.ts:264:5 › structure and content › /nagyvallalat.html responds and has a title and description (2.1s)
  ✓   531 [mobile-390] › tests/public-site.spec.ts:264:5 › structure and content › /index.html responds and has a title and description (2.3s)
  ✓   535 [mobile-390] › tests/public-site.spec.ts:264:5 › structure and content › /branding.html responds and has a title and description (1.6s)
  ✓   536 [mobile-390] › tests/public-site.spec.ts:264:5 › structure and content › /hirdeteskezeles.html responds and has a title and description (1.3s)
  ✓   537 [mobile-390] › tests/public-site.spec.ts:264:5 › structure and content › /impact-program.html responds and has a title and description (1.2s)
  ✓   538 [mobile-390] › tests/public-site.spec.ts:264:5 › structure and content › /blog.html responds and has a title and description (1.3s)
  ✓   539 [mobile-390] › tests/public-site.spec.ts:264:5 › structure and content › /ugyfelszolgalat.html responds and has a title and description (1.2s)
  ✓   540 [mobile-390] › tests/public-site.spec.ts:264:5 › structure and content › /arajanlat.html responds and has a title and description (992ms)
  ✓   543 [mobile-390] › tests/public-site.spec.ts:264:5 › structure and content › /kkv.html responds and has a title and description (1.7s)
  ✓   544 [mobile-390] › tests/public-site.spec.ts:264:5 › structure and content › /branding.html responds and has a title and description (1.8s)
  ✓   542 [mobile-390] › tests/public-site.spec.ts:264:5 › structure and content › /rolunk.html responds and has a title and description (1.9s)
  ✓   545 [mobile-390] › tests/public-site.spec.ts:264:5 › structure and content › /nagyvallalat.html responds and has a title and description (2.2s)
  ✓   541 [mobile-390] › tests/public-site.spec.ts:264:5 › structure and content › /index.html responds and has a title and description (2.2s)
  ✓   547 [mobile-390] › tests/public-site.spec.ts:264:5 › structure and content › /impact-program.html responds and has a title and description (1.2s)
  ✓   546 [mobile-390] › tests/public-site.spec.ts:264:5 › structure and content › /hirdeteskezeles.html responds and has a title and description (1.3s)
  ✓   550 [mobile-390] › tests/public-site.spec.ts:264:5 › structure and content › /arajanlat.html responds and has a title and description (947ms)
  ✓   548 [mobile-390] › tests/public-site.spec.ts:264:5 › structure and content › /blog.html responds and has a title and description (1.1s)
  ✓   549 [mobile-390] › tests/public-site.spec.ts:264:5 › structure and content › /ugyfelszolgalat.html responds and has a title and description (1.1s)
  ✓   553 [mobile-390] › tests/public-site.spec.ts:264:5 › structure and content › /kkv.html responds and has a title and description (1.7s)
  ✓   552 [mobile-390] › tests/public-site.spec.ts:264:5 › structure and content › /rolunk.html responds and has a title and description (1.9s)
  ✓   555 [mobile-390] › tests/public-site.spec.ts:264:5 › structure and content › /branding.html responds and has a title and description (1.8s)
  ✓   554 [mobile-390] › tests/public-site.spec.ts:264:5 › structure and content › /nagyvallalat.html responds and has a title and description (1.9s)
  ✓   551 [mobile-390] › tests/public-site.spec.ts:264:5 › structure and content › /index.html responds and has a title and description (2.2s)
  ✓   556 [mobile-390] › tests/public-site.spec.ts:264:5 › structure and content › /hirdeteskezeles.html responds and has a title and description (1.2s)
  ✓   557 [mobile-390] › tests/public-site.spec.ts:264:5 › structure and content › /impact-program.html responds and has a title and description (1.2s)
  ✓   558 [mobile-390] › tests/public-site.spec.ts:264:5 › structure and content › /blog.html responds and has a title and description (1.2s)
  ✓   559 [mobile-390] › tests/public-site.spec.ts:264:5 › structure and content › /ugyfelszolgalat.html responds and has a title and description (1.1s)
  ✓   560 [mobile-390] › tests/public-site.spec.ts:264:5 › structure and content › /arajanlat.html responds and has a title and description (996ms)
  ✓   565 [mobile-390] › tests/public-site.spec.ts:264:5 › structure and content › /branding.html responds and has a title and description (1.7s)
  ✓   563 [mobile-390] › tests/public-site.spec.ts:264:5 › structure and content › /kkv.html responds and has a title and description (1.8s)
  ✓   562 [mobile-390] › tests/public-site.spec.ts:264:5 › structure and content › /rolunk.html responds and has a title and description (1.9s)
  ✓   564 [mobile-390] › tests/public-site.spec.ts:264:5 › structure and content › /nagyvallalat.html responds and has a title and description (2.0s)
  ✓   561 [mobile-390] › tests/public-site.spec.ts:264:5 › structure and content › /index.html responds and has a title and description (2.0s)
  ✓   566 [mobile-390] › tests/public-site.spec.ts:264:5 › structure and content › /hirdeteskezeles.html responds and has a title and description (1.2s)
  ✓   568 [mobile-390] › tests/public-site.spec.ts:264:5 › structure and content › /blog.html responds and has a title and description (1.1s)
  ✓   567 [mobile-390] › tests/public-site.spec.ts:264:5 › structure and content › /impact-program.html responds and has a title and description (1.3s)
  ✓   570 [mobile-390] › tests/public-site.spec.ts:264:5 › structure and content › /arajanlat.html responds and has a title and description (1.1s)
  ✓   569 [mobile-390] › tests/public-site.spec.ts:264:5 › structure and content › /ugyfelszolgalat.html responds and has a title and description (1.2s)
  ✓   573 [mobile-390] › tests/public-site.spec.ts:264:5 › structure and content › /kkv.html responds and has a title and description (1.8s)
  ✓   575 [mobile-390] › tests/public-site.spec.ts:264:5 › structure and content › /branding.html responds and has a title and description (1.8s)
  ✓   572 [mobile-390] › tests/public-site.spec.ts:264:5 › structure and content › /rolunk.html responds and has a title and description (2.0s)
  ✓   571 [mobile-390] › tests/public-site.spec.ts:264:5 › structure and content › /index.html responds and has a title and description (2.1s)
  ✓   574 [mobile-390] › tests/public-site.spec.ts:264:5 › structure and content › /nagyvallalat.html responds and has a title and description (2.1s)
  ✓   576 [mobile-390] › tests/public-site.spec.ts:264:5 › structure and content › /hirdeteskezeles.html responds and has a title and description (1.2s)
  ✓   577 [mobile-390] › tests/public-site.spec.ts:264:5 › structure and content › /impact-program.html responds and has a title and description (1.3s)
  ✓   578 [mobile-390] › tests/public-site.spec.ts:264:5 › structure and content › /blog.html responds and has a title and description (1.1s)
  ✓   579 [mobile-390] › tests/public-site.spec.ts:264:5 › structure and content › /ugyfelszolgalat.html responds and has a title and description (1.1s)
  ✓   580 [mobile-390] › tests/public-site.spec.ts:264:5 › structure and content › /arajanlat.html responds and has a title and description (1.0s)
  ✓   583 [mobile-390] › tests/public-site.spec.ts:264:5 › structure and content › /branding.html responds and has a title and description (1.9s)
  ✓   584 [mobile-390] › tests/public-site.spec.ts:264:5 › structure and content › /kkv.html responds and has a title and description (1.9s)
  ✓   585 [mobile-390] › tests/public-site.spec.ts:264:5 › structure and content › /nagyvallalat.html responds and has a title and description (2.2s)
  ✓   582 [mobile-390] › tests/public-site.spec.ts:264:5 › structure and content › /rolunk.html responds and has a title and description (2.2s)
  ✓   581 [mobile-390] › tests/public-site.spec.ts:264:5 › structure and content › /index.html responds and has a title and description (2.3s)
  ✓   587 [mobile-390] › tests/public-site.spec.ts:264:5 › structure and content › /impact-program.html responds and has a title and description (1.2s)
  ✓   586 [mobile-390] › tests/public-site.spec.ts:264:5 › structure and content › /hirdeteskezeles.html responds and has a title and description (1.2s)
  ✓   589 [mobile-390] › tests/public-site.spec.ts:264:5 › structure and content › /ugyfelszolgalat.html responds and has a title and description (1.1s)
  ✓   588 [mobile-390] › tests/public-site.spec.ts:264:5 › structure and content › /blog.html responds and has a title and description (1.1s)
  ✓   590 [mobile-390] › tests/public-site.spec.ts:264:5 › structure and content › /arajanlat.html responds and has a title and description (1.0s)
  ✓   595 [mobile-390] › tests/public-site.spec.ts:264:5 › structure and content › /kkv.html responds and has a title and description (1.8s)
  ✓   593 [mobile-390] › tests/public-site.spec.ts:264:5 › structure and content › /branding.html responds and has a title and description (1.8s)
  ✓   594 [mobile-390] › tests/public-site.spec.ts:264:5 › structure and content › /nagyvallalat.html responds and has a title and description (1.9s)
  ✓   592 [mobile-390] › tests/public-site.spec.ts:264:5 › structure and content › /index.html responds and has a title and description (2.1s)
  ✓   591 [mobile-390] › tests/public-site.spec.ts:264:5 › structure and content › /rolunk.html responds and has a title and description (2.1s)
  ✓   597 [mobile-390] › tests/public-site.spec.ts:264:5 › structure and content › /impact-program.html responds and has a title and description (1.2s)
  ✓   596 [mobile-390] › tests/public-site.spec.ts:264:5 › structure and content › /hirdeteskezeles.html responds and has a title and description (1.3s)
  ✓   598 [mobile-390] › tests/public-site.spec.ts:264:5 › structure and content › /blog.html responds and has a title and description (1.2s)
  ✓   600 [mobile-390] › tests/public-site.spec.ts:264:5 › structure and content › /arajanlat.html responds and has a title and description (1.2s)
  ✓   599 [mobile-390] › tests/public-site.spec.ts:264:5 › structure and content › /ugyfelszolgalat.html responds and has a title and description (1.2s)
  ✓   605 [mobile-390] › tests/public-site.spec.ts:264:5 › structure and content › /branding.html responds and has a title and description (1.7s)
  ✓   603 [mobile-390] › tests/public-site.spec.ts:264:5 › structure and content › /kkv.html responds and has a title and description (1.8s)
  ✓   602 [mobile-390] › tests/public-site.spec.ts:264:5 › structure and content › /rolunk.html responds and has a title and description (1.9s)
  ✓   601 [mobile-390] › tests/public-site.spec.ts:264:5 › structure and content › /index.html responds and has a title and description (2.2s)
  ✓   604 [mobile-390] › tests/public-site.spec.ts:264:5 › structure and content › /nagyvallalat.html responds and has a title and description (2.2s)
  ✓   606 [mobile-390] › tests/public-site.spec.ts:264:5 › structure and content › /hirdeteskezeles.html responds and has a title and description (1.3s)
  ✓   607 [mobile-390] › tests/public-site.spec.ts:264:5 › structure and content › /impact-program.html responds and has a title and description (1.2s)
  ✓   608 [mobile-390] › tests/public-site.spec.ts:264:5 › structure and content › /blog.html responds and has a title and description (1.2s)
  ✓   610 [mobile-390] › tests/public-site.spec.ts:264:5 › structure and content › /arajanlat.html responds and has a title and description (918ms)
  ✓   609 [mobile-390] › tests/public-site.spec.ts:264:5 › structure and content › /ugyfelszolgalat.html responds and has a title and description (1.1s)
  ✓   613 [mobile-390] › tests/public-site.spec.ts:264:5 › structure and content › /kkv.html responds and has a title and description (1.8s)
  ✓   615 [mobile-390] › tests/public-site.spec.ts:264:5 › structure and content › /branding.html responds and has a title and description (1.9s)
  ✓   612 [mobile-390] › tests/public-site.spec.ts:264:5 › structure and content › /rolunk.html responds and has a title and description (2.2s)
  ✓   611 [mobile-390] › tests/public-site.spec.ts:264:5 › structure and content › /index.html responds and has a title and description (2.2s)
  ✓   614 [mobile-390] › tests/public-site.spec.ts:264:5 › structure and content › /nagyvallalat.html responds and has a title and description (2.2s)
  ✓   617 [mobile-390] › tests/public-site.spec.ts:264:5 › structure and content › /impact-program.html responds and has a title and description (1.2s)
  ✓   616 [mobile-390] › tests/public-site.spec.ts:264:5 › structure and content › /hirdeteskezeles.html responds and has a title and description (1.3s)
  ✓   618 [mobile-390] › tests/public-site.spec.ts:264:5 › structure and content › /blog.html responds and has a title and description (1.2s)
  ✓   619 [mobile-390] › tests/public-site.spec.ts:264:5 › structure and content › /ugyfelszolgalat.html responds and has a title and description (1.2s)
  ✓   620 [mobile-390] › tests/public-site.spec.ts:264:5 › structure and content › /arajanlat.html responds and has a title and description (1.2s)
  ✓   625 [mobile-390] › tests/public-site.spec.ts:264:5 › structure and content › /branding.html responds and has a title and description (2.3s)
  ✓   623 [mobile-390] › tests/public-site.spec.ts:264:5 › structure and content › /kkv.html responds and has a title and description (2.4s)
  ✓   622 [mobile-390] › tests/public-site.spec.ts:264:5 › structure and content › /rolunk.html responds and has a title and description (2.5s)
  ✓   624 [mobile-390] › tests/public-site.spec.ts:264:5 › structure and content › /nagyvallalat.html responds and has a title and description (2.5s)
  ✓   621 [mobile-390] › tests/public-site.spec.ts:264:5 › structure and content › /index.html responds and has a title and description (3.0s)
  ✓   628 [mobile-390] › tests/public-site.spec.ts:264:5 › structure and content › /blog.html responds and has a title and description (1.1s)
  ✓   626 [mobile-390] › tests/public-site.spec.ts:264:5 › structure and content › /hirdeteskezeles.html responds and has a title and description (1.2s)
  ✓   627 [mobile-390] › tests/public-site.spec.ts:264:5 › structure and content › /impact-program.html responds and has a title and description (1.3s)
  ✓   629 [mobile-390] › tests/public-site.spec.ts:264:5 › structure and content › /ugyfelszolgalat.html responds and has a title and description (1.2s)
  ✓   630 [mobile-390] › tests/public-site.spec.ts:264:5 › structure and content › /arajanlat.html responds and has a title and description (942ms)
  ✓   635 [mobile-390] › tests/public-site.spec.ts:264:5 › structure and content › /branding.html responds and has a title and description (1.8s)
  ✓   634 [mobile-390] › tests/public-site.spec.ts:264:5 › structure and content › /kkv.html responds and has a title and description (1.8s)
  ✓   633 [mobile-390] › tests/public-site.spec.ts:264:5 › structure and content › /rolunk.html responds and has a title and description (1.9s)
  ✓   632 [mobile-390] › tests/public-site.spec.ts:264:5 › structure and content › /nagyvallalat.html responds and has a title and description (2.0s)
  ✓   631 [mobile-390] › tests/public-site.spec.ts:264:5 › structure and content › /index.html responds and has a title and description (2.1s)
  ✓   636 [mobile-390] › tests/public-site.spec.ts:264:5 › structure and content › /hirdeteskezeles.html responds and has a title and description (1.1s)
  ✓   637 [mobile-390] › tests/public-site.spec.ts:264:5 › structure and content › /impact-program.html responds and has a title and description (1.2s)
  ✓   638 [mobile-390] › tests/public-site.spec.ts:264:5 › structure and content › /blog.html responds and has a title and description (1.0s)
  ✓   640 [mobile-390] › tests/public-site.spec.ts:264:5 › structure and content › /arajanlat.html responds and has a title and description (961ms)
  ✓   639 [mobile-390] › tests/public-site.spec.ts:264:5 › structure and content › /ugyfelszolgalat.html responds and has a title and description (1.1s)
  ✓   643 [mobile-390] › tests/public-site.spec.ts:264:5 › structure and content › /kkv.html responds and has a title and description (2.0s)
  ✓   644 [mobile-390] › tests/public-site.spec.ts:264:5 › structure and content › /nagyvallalat.html responds and has a title and description (2.3s)
  ✓   645 [mobile-390] › tests/public-site.spec.ts:264:5 › structure and content › /branding.html responds and has a title and description (2.3s)
  ✓   642 [mobile-390] › tests/public-site.spec.ts:264:5 › structure and content › /rolunk.html responds and has a title and description (2.6s)
  ✓   641 [mobile-390] › tests/public-site.spec.ts:264:5 › structure and content › /index.html responds and has a title and description (2.6s)
  ✓   646 [mobile-390] › tests/public-site.spec.ts:264:5 › structure and content › /hirdeteskezeles.html responds and has a title and description (1.6s)
  ✓   647 [mobile-390] › tests/public-site.spec.ts:264:5 › structure and content › /impact-program.html responds and has a title and description (1.4s)
  ✓   650 [mobile-390] › tests/public-site.spec.ts:264:5 › structure and content › /arajanlat.html responds and has a title and description (1.3s)
  ✓   649 [mobile-390] › tests/public-site.spec.ts:264:5 › structure and content › /ugyfelszolgalat.html responds and has a title and description (1.3s)
  ✓   648 [mobile-390] › tests/public-site.spec.ts:264:5 › structure and content › /blog.html responds and has a title and description (1.4s)
  ✓   654 [mobile-390] › tests/public-site.spec.ts:264:5 › structure and content › /kkv.html responds and has a title and description (1.8s)
  ✓   655 [mobile-390] › tests/public-site.spec.ts:264:5 › structure and content › /branding.html responds and has a title and description (1.9s)
  ✓   653 [mobile-390] › tests/public-site.spec.ts:264:5 › structure and content › /nagyvallalat.html responds and has a title and description (2.1s)
  ✓   652 [mobile-390] › tests/public-site.spec.ts:264:5 › structure and content › /rolunk.html responds and has a title and description (2.0s)
  ✓   651 [mobile-390] › tests/public-site.spec.ts:264:5 › structure and content › /index.html responds and has a title and description (2.3s)
  ✓   656 [mobile-390] › tests/public-site.spec.ts:264:5 › structure and content › /hirdeteskezeles.html responds and has a title and description (1.2s)
  ✓   659 [mobile-390] › tests/public-site.spec.ts:264:5 › structure and content › /ugyfelszolgalat.html responds and has a title and description (1.0s)
  ✓   657 [mobile-390] › tests/public-site.spec.ts:264:5 › structure and content › /impact-program.html responds and has a title and description (1.2s)
  ✓   660 [mobile-390] › tests/public-site.spec.ts:264:5 › structure and content › /arajanlat.html responds and has a title and description (947ms)
  ✓   658 [mobile-390] › tests/public-site.spec.ts:264:5 › structure and content › /blog.html responds and has a title and description (1.1s)
  ✓   663 [mobile-390] › tests/public-site.spec.ts:264:5 › structure and content › /kkv.html responds and has a title and description (1.8s)
  ✓   664 [mobile-390] › tests/public-site.spec.ts:264:5 › structure and content › /branding.html responds and has a title and description (1.8s)
  ✓   662 [mobile-390] › tests/public-site.spec.ts:264:5 › structure and content › /rolunk.html responds and has a title and description (1.9s)
  ✓   665 [mobile-390] › tests/public-site.spec.ts:264:5 › structure and content › /nagyvallalat.html responds and has a title and description (2.0s)
  ✓   661 [mobile-390] › tests/public-site.spec.ts:264:5 › structure and content › /index.html responds and has a title and description (2.2s)
  ✓   668 [mobile-390] › tests/public-site.spec.ts:264:5 › structure and content › /blog.html responds and has a title and description (1.1s)
  ✓   667 [mobile-390] › tests/public-site.spec.ts:264:5 › structure and content › /impact-program.html responds and has a title and description (1.3s)
  ✓   666 [mobile-390] › tests/public-site.spec.ts:264:5 › structure and content › /hirdeteskezeles.html responds and has a title and description (1.4s)
  ✓   670 [mobile-390] › tests/public-site.spec.ts:264:5 › structure and content › /arajanlat.html responds and has a title and description (1.0s)
  ✓   669 [mobile-390] › tests/public-site.spec.ts:264:5 › structure and content › /ugyfelszolgalat.html responds and has a title and description (1.2s)
  ✓   673 [mobile-390] › tests/public-site.spec.ts:264:5 › structure and content › /kkv.html responds and has a title and description (1.9s)
  ✓   671 [mobile-390] › tests/public-site.spec.ts:264:5 › structure and content › /rolunk.html responds and has a title and description (2.0s)
  ✓   674 [mobile-390] › tests/public-site.spec.ts:264:5 › structure and content › /nagyvallalat.html responds and has a title and description (2.2s)
  ✓   675 [mobile-390] › tests/public-site.spec.ts:264:5 › structure and content › /branding.html responds and has a title and description (2.2s)
  ✓   672 [mobile-390] › tests/public-site.spec.ts:264:5 › structure and content › /index.html responds and has a title and description (2.3s)
  ✓   676 [mobile-390] › tests/public-site.spec.ts:264:5 › structure and content › /hirdeteskezeles.html responds and has a title and description (1.3s)
  ✓   677 [mobile-390] › tests/public-site.spec.ts:264:5 › structure and content › /impact-program.html responds and has a title and description (1.3s)
  ✓   678 [mobile-390] › tests/public-site.spec.ts:264:5 › structure and content › /blog.html responds and has a title and description (1.3s)
  ✓   680 [mobile-390] › tests/public-site.spec.ts:264:5 › structure and content › /arajanlat.html responds and has a title and description (938ms)
  ✓   679 [mobile-390] › tests/public-site.spec.ts:264:5 › structure and content › /ugyfelszolgalat.html responds and has a title and description (1.3s)
  ✓   684 [mobile-390] › tests/public-site.spec.ts:264:5 › structure and content › /kkv.html responds and has a title and description (1.8s)
  ✓   685 [mobile-390] › tests/public-site.spec.ts:264:5 › structure and content › /branding.html responds and has a title and description (1.8s)
  ✓   682 [mobile-390] › tests/public-site.spec.ts:264:5 › structure and content › /rolunk.html responds and has a title and description (2.0s)
  ✓   683 [mobile-390] › tests/public-site.spec.ts:264:5 › structure and content › /nagyvallalat.html responds and has a title and description (2.1s)
  ✓   681 [mobile-390] › tests/public-site.spec.ts:264:5 › structure and content › /index.html responds and has a title and description (2.6s)
  ✓   687 [mobile-390] › tests/public-site.spec.ts:264:5 › structure and content › /impact-program.html responds and has a title and description (1.2s)
  ✓   688 [mobile-390] › tests/public-site.spec.ts:264:5 › structure and content › /blog.html responds and has a title and description (1.2s)
  ✓   686 [mobile-390] › tests/public-site.spec.ts:264:5 › structure and content › /hirdeteskezeles.html responds and has a title and description (1.4s)
  ✓   689 [mobile-390] › tests/public-site.spec.ts:264:5 › structure and content › /ugyfelszolgalat.html responds and has a title and description (1.2s)
  ✓   690 [mobile-390] › tests/public-site.spec.ts:264:5 › structure and content › /arajanlat.html responds and has a title and description (908ms)
  ✓   695 [mobile-390] › tests/public-site.spec.ts:264:5 › structure and content › /branding.html responds and has a title and description (2.0s)
  ✓   692 [mobile-390] › tests/public-site.spec.ts:264:5 › structure and content › /kkv.html responds and has a title and description (2.1s)
  ✓   693 [mobile-390] › tests/public-site.spec.ts:264:5 › structure and content › /rolunk.html responds and has a title and description (2.1s)
  ✓   694 [mobile-390] › tests/public-site.spec.ts:264:5 › structure and content › /nagyvallalat.html responds and has a title and description (2.3s)
  ✓   691 [mobile-390] › tests/public-site.spec.ts:264:5 › structure and content › /index.html responds and has a title and description (2.5s)
  ✓   697 [mobile-390] › tests/public-site.spec.ts:264:5 › structure and content › /impact-program.html responds and has a title and description (1.1s)
  ✓   696 [mobile-390] › tests/public-site.spec.ts:264:5 › structure and content › /hirdeteskezeles.html responds and has a title and description (1.2s)
  ✓   698 [mobile-390] › tests/public-site.spec.ts:264:5 › structure and content › /blog.html responds and has a title and description (1.1s)
  ✓   699 [mobile-390] › tests/public-site.spec.ts:264:5 › structure and content › /ugyfelszolgalat.html responds and has a title and description (1.0s)
  ✓   700 [mobile-390] › tests/public-site.spec.ts:264:5 › structure and content › /arajanlat.html responds and has a title and description (886ms)
  ✓   703 [mobile-390] › tests/public-site.spec.ts:264:5 › structure and content › /kkv.html responds and has a title and description (1.9s)
  ✓   701 [mobile-390] › tests/public-site.spec.ts:264:5 › structure and content › /rolunk.html responds and has a title and description (1.9s)
  ✓   704 [mobile-390] › tests/public-site.spec.ts:264:5 › structure and content › /nagyvallalat.html responds and has a title and description (2.1s)
  ✓   705 [mobile-390] › tests/public-site.spec.ts:264:5 › structure and content › /branding.html responds and has a title and description (1.7s)
  ✓   702 [mobile-390] › tests/public-site.spec.ts:264:5 › structure and content › /index.html responds and has a title and description (2.4s)
  ✓   707 [mobile-390] › tests/public-site.spec.ts:264:5 › structure and content › /impact-program.html responds and has a title and description (1.1s)
  ✓   706 [mobile-390] › tests/public-site.spec.ts:264:5 › structure and content › /hirdeteskezeles.html responds and has a title and description (1.2s)
  ✓   709 [mobile-390] › tests/public-site.spec.ts:264:5 › structure and content › /ugyfelszolgalat.html responds and has a title and description (1.0s)
  ✓   708 [mobile-390] › tests/public-site.spec.ts:264:5 › structure and content › /blog.html responds and has a title and description (1.2s)
  ✓   710 [mobile-390] › tests/public-site.spec.ts:264:5 › structure and content › /arajanlat.html responds and has a title and description (921ms)
  ✓   715 [mobile-390] › tests/public-site.spec.ts:264:5 › structure and content › /branding.html responds and has a title and description (2.0s)
  ✓   713 [mobile-390] › tests/public-site.spec.ts:264:5 › structure and content › /kkv.html responds and has a title and description (2.1s)
  ✓   714 [mobile-390] › tests/public-site.spec.ts:264:5 › structure and content › /nagyvallalat.html responds and has a title and description (2.2s)
  ✓   711 [mobile-390] › tests/public-site.spec.ts:264:5 › structure and content › /rolunk.html responds and has a title and description (2.2s)
  ✓   712 [mobile-390] › tests/public-site.spec.ts:264:5 › structure and content › /index.html responds and has a title and description (2.6s)
  ✓   716 [mobile-390] › tests/public-site.spec.ts:264:5 › structure and content › /hirdeteskezeles.html responds and has a title and description (1.2s)
  ✓   717 [mobile-390] › tests/public-site.spec.ts:264:5 › structure and content › /impact-program.html responds and has a title and description (1.2s)
  ✓   718 [mobile-390] › tests/public-site.spec.ts:264:5 › structure and content › /blog.html responds and has a title and description (1.1s)
  ✓   719 [mobile-390] › tests/public-site.spec.ts:264:5 › structure and content › /ugyfelszolgalat.html responds and has a title and description (1.1s)
  ✓   720 [mobile-390] › tests/public-site.spec.ts:264:5 › structure and content › /arajanlat.html responds and has a title and description (897ms)
  ✓   725 [mobile-390] › tests/public-site.spec.ts:264:5 › structure and content › /branding.html responds and has a title and description (1.7s)
  ✓   724 [mobile-390] › tests/public-site.spec.ts:264:5 › structure and content › /kkv.html responds and has a title and description (2.0s)
  ✓   722 [mobile-390] › tests/public-site.spec.ts:264:5 › structure and content › /rolunk.html responds and has a title and description (2.2s)
  ✓   723 [mobile-390] › tests/public-site.spec.ts:264:5 › structure and content › /nagyvallalat.html responds and has a title and description (2.3s)
  ✓   721 [mobile-390] › tests/public-site.spec.ts:264:5 › structure and content › /index.html responds and has a title and description (2.5s)
  ✓   727 [mobile-390] › tests/public-site.spec.ts:264:5 › structure and content › /impact-program.html responds and has a title and description (1.1s)
  ✓   726 [mobile-390] › tests/public-site.spec.ts:264:5 › structure and content › /hirdeteskezeles.html responds and has a title and description (1.2s)
  ✓   728 [mobile-390] › tests/public-site.spec.ts:264:5 › structure and content › /blog.html responds and has a title and description (1.2s)
  ✓   729 [mobile-390] › tests/public-site.spec.ts:264:5 › structure and content › /ugyfelszolgalat.html responds and has a title and description (1.1s)
  ✓   730 [mobile-390] › tests/public-site.spec.ts:264:5 › structure and content › /arajanlat.html responds and has a title and description (924ms)
  ✓   733 [mobile-390] › tests/public-site.spec.ts:264:5 › structure and content › /kkv.html responds and has a title and description (1.8s)
  ✓   734 [mobile-390] › tests/public-site.spec.ts:264:5 › structure and content › /branding.html responds and has a title and description (1.9s)
  ✓   732 [mobile-390] › tests/public-site.spec.ts:264:5 › structure and content › /rolunk.html responds and has a title and description (2.1s)
  ✓   735 [mobile-390] › tests/public-site.spec.ts:264:5 › structure and content › /nagyvallalat.html responds and has a title and description (2.1s)
  ✓   731 [mobile-390] › tests/public-site.spec.ts:264:5 › structure and content › /index.html responds and has a title and description (2.3s)
  ✓   736 [mobile-390] › tests/public-site.spec.ts:264:5 › structure and content › /hirdeteskezeles.html responds and has a title and description (1.2s)
  ✓   737 [mobile-390] › tests/public-site.spec.ts:264:5 › structure and content › /impact-program.html responds and has a title and description (1.1s)
  ✓   738 [mobile-390] › tests/public-site.spec.ts:264:5 › structure and content › /blog.html responds and has a title and description (1.0s)
  ✓   739 [mobile-390] › tests/public-site.spec.ts:264:5 › structure and content › /ugyfelszolgalat.html responds and has a title and description (1.0s)
  ✓   740 [mobile-390] › tests/public-site.spec.ts:264:5 › structure and content › /arajanlat.html responds and has a title and description (896ms)
  ✓   744 [mobile-390] › tests/public-site.spec.ts:264:5 › structure and content › /branding.html responds and has a title and description (2.0s)
  ✓   742 [mobile-390] › tests/public-site.spec.ts:264:5 › structure and content › /rolunk.html responds and has a title and description (2.1s)
  ✓   743 [mobile-390] › tests/public-site.spec.ts:264:5 › structure and content › /kkv.html responds and has a title and description (2.1s)
  ✓   745 [mobile-390] › tests/public-site.spec.ts:264:5 › structure and content › /nagyvallalat.html responds and has a title and description (2.3s)
  ✓   741 [mobile-390] › tests/public-site.spec.ts:264:5 › structure and content › /index.html responds and has a title and description (2.5s)
  ✓   747 [mobile-390] › tests/public-site.spec.ts:264:5 › structure and content › /impact-program.html responds and has a title and description (1.2s)
  ✓   748 [mobile-390] › tests/public-site.spec.ts:264:5 › structure and content › /blog.html responds and has a title and description (1.2s)
  ✓   746 [mobile-390] › tests/public-site.spec.ts:264:5 › structure and content › /hirdeteskezeles.html responds and has a title and description (1.3s)
  ✓   750 [mobile-390] › tests/public-site.spec.ts:264:5 › structure and content › /arajanlat.html responds and has a title and description (941ms)
  ✓   749 [mobile-390] › tests/public-site.spec.ts:264:5 › structure and content › /ugyfelszolgalat.html responds and has a title and description (1.2s)

[nav-boundary] lastConfirmedState=REQUEST_STARTED  bundle=/Users/arturlukacs/stratos-hermetic/subject/_build/reports/final-navigation-boundary/failures/stress-A-routes-20260819105653/mobile-390--kkv.html-responds-and-has-a-title-and-description


[nav-boundary] lastConfirmedState=REQUEST_STARTED  bundle=/Users/arturlukacs/stratos-hermetic/subject/_build/reports/final-navigation-boundary/failures/stress-A-routes-20260819105653/mobile-390--branding.html-responds-and-has-a-title-and-description


[nav-boundary] lastConfirmedState=REQUEST_STARTED  bundle=/Users/arturlukacs/stratos-hermetic/subject/_build/reports/final-navigation-boundary/failures/stress-A-routes-20260819105653/mobile-390--nagyvallalat.html-responds-and-has-a-title-and-description


[nav-boundary] lastConfirmedState=REQUEST_STARTED  bundle=/Users/arturlukacs/stratos-hermetic/subject/_build/reports/final-navigation-boundary/failures/stress-A-routes-20260819105653/mobile-390--rolunk.html-responds-and-has-a-title-and-description


[nav-boundary] lastConfirmedState=REQUEST_STARTED  bundle=/Users/arturlukacs/stratos-hermetic/subject/_build/reports/final-navigation-boundary/failures/stress-A-routes-20260819105653/mobile-390--index.html-responds-and-has-a-title-and-description

  ✘   753 [mobile-390] › tests/public-site.spec.ts:264:5 › structure and content › /rolunk.html responds and has a title and description (1.4s)
  ✘   754 [mobile-390] › tests/public-site.spec.ts:264:5 › structure and content › /nagyvallalat.html responds and has a title and description (1.4s)
  ✘   751 [mobile-390] › tests/public-site.spec.ts:264:5 › structure and content › /kkv.html responds and has a title and description (1.4s)
  ✘   755 [mobile-390] › tests/public-site.spec.ts:264:5 › structure and content › /branding.html responds and has a title and description (1.4s)
  ✘   752 [mobile-390] › tests/public-site.spec.ts:264:5 › structure and content › /index.html responds and has a title and description (1.4s)

[nav-boundary] lastConfirmedState=REQUEST_STARTED  bundle=/Users/arturlukacs/stratos-hermetic/subject/_build/reports/final-navigation-boundary/failures/stress-A-routes-20260819105653/mobile-390--hirdeteskezeles.html-responds-and-has-a-title-and-description


[nav-boundary] lastConfirmedState=REQUEST_STARTED  bundle=/Users/arturlukacs/stratos-hermetic/subject/_build/reports/final-navigation-boundary/failures/stress-A-routes-20260819105653/mobile-390--ugyfelszolgalat.html-responds-and-has-a-title-and-description


[nav-boundary] lastConfirmedState=REQUEST_STARTED  bundle=/Users/arturlukacs/stratos-hermetic/subject/_build/reports/final-navigation-boundary/failures/stress-A-routes-20260819105653/mobile-390--arajanlat.html-responds-and-has-a-title-and-description


[nav-boundary] lastConfirmedState=REQUEST_STARTED  bundle=/Users/arturlukacs/stratos-hermetic/subject/_build/reports/final-navigation-boundary/failures/stress-A-routes-20260819105653/mobile-390--blog.html-responds-and-has-a-title-and-description


[nav-boundary] lastConfirmedState=REQUEST_STARTED  bundle=/Users/arturlukacs/stratos-hermetic/subject/_build/reports/final-navigation-boundary/failures/stress-A-routes-20260819105653/mobile-390--impact-program.html-responds-and-has-a-title-and-description

  ✘   756 [mobile-390] › tests/public-site.spec.ts:264:5 › structure and content › /hirdeteskezeles.html responds and has a title and description (1.3s)
  ✘   759 [mobile-390] › tests/public-site.spec.ts:264:5 › structure and content › /ugyfelszolgalat.html responds and has a title and description (1.3s)
  ✘   758 [mobile-390] › tests/public-site.spec.ts:264:5 › structure and content › /arajanlat.html responds and has a title and description (1.3s)
  ✘   760 [mobile-390] › tests/public-site.spec.ts:264:5 › structure and content › /impact-program.html responds and has a title and description (1.4s)
  ✘   757 [mobile-390] › tests/public-site.spec.ts:264:5 › structure and content › /blog.html responds and has a title and description (1.3s)

[nav-boundary] lastConfirmedState=REQUEST_STARTED  bundle=/Users/arturlukacs/stratos-hermetic/subject/_build/reports/final-navigation-boundary/failures/stress-A-routes-20260819105653/mobile-390--index.html-responds-and-has-a-title-and-description


[nav-boundary] lastConfirmedState=REQUEST_STARTED  bundle=/Users/arturlukacs/stratos-hermetic/subject/_build/reports/final-navigation-boundary/failures/stress-A-routes-20260819105653/mobile-390--rolunk.html-responds-and-has-a-title-and-description


[nav-boundary] lastConfirmedState=REQUEST_STARTED  bundle=/Users/arturlukacs/stratos-hermetic/subject/_build/reports/final-navigation-boundary/failures/stress-A-routes-20260819105653/mobile-390--kkv.html-responds-and-has-a-title-and-description


[nav-boundary] lastConfirmedState=REQUEST_STARTED  bundle=/Users/arturlukacs/stratos-hermetic/subject/_build/reports/final-navigation-boundary/failures/stress-A-routes-20260819105653/mobile-390--nagyvallalat.html-responds-and-has-a-title-and-description


[nav-boundary] lastConfirmedState=REQUEST_STARTED  bundle=/Users/arturlukacs/stratos-hermetic/subject/_build/reports/final-navigation-boundary/failures/stress-A-routes-20260819105653/mobile-390--branding.html-responds-and-has-a-title-and-description

  ✘   761 [mobile-390] › tests/public-site.spec.ts:264:5 › structure and content › /index.html responds and has a title and description (1.2s)
  ✘   764 [mobile-390] › tests/public-site.spec.ts:264:5 › structure and content › /rolunk.html responds and has a title and description (1.3s)
  ✘   765 [mobile-390] › tests/public-site.spec.ts:264:5 › structure and content › /branding.html responds and has a title and description (1.3s)
  ✘   763 [mobile-390] › tests/public-site.spec.ts:264:5 › structure and content › /nagyvallalat.html responds and has a title and description (1.3s)
  ✘   762 [mobile-390] › tests/public-site.spec.ts:264:5 › structure and content › /kkv.html responds and has a title and description (1.3s)

[nav-boundary] lastConfirmedState=REQUEST_STARTED  bundle=/Users/arturlukacs/stratos-hermetic/subject/_build/reports/final-navigation-boundary/failures/stress-A-routes-20260819105653/mobile-390--arajanlat.html-responds-and-has-a-title-and-description


[nav-boundary] lastConfirmedState=REQUEST_STARTED  bundle=/Users/arturlukacs/stratos-hermetic/subject/_build/reports/final-navigation-boundary/failures/stress-A-routes-20260819105653/mobile-390--ugyfelszolgalat.html-responds-and-has-a-title-and-description


[nav-boundary] lastConfirmedState=REQUEST_STARTED  bundle=/Users/arturlukacs/stratos-hermetic/subject/_build/reports/final-navigation-boundary/failures/stress-A-routes-20260819105653/mobile-390--hirdeteskezeles.html-responds-and-has-a-title-and-description


[nav-boundary] lastConfirmedState=REQUEST_STARTED  bundle=/Users/arturlukacs/stratos-hermetic/subject/_build/reports/final-navigation-boundary/failures/stress-A-routes-20260819105653/mobile-390--blog.html-responds-and-has-a-title-and-description


[nav-boundary] lastConfirmedState=REQUEST_STARTED  bundle=/Users/arturlukacs/stratos-hermetic/subject/_build/reports/final-navigation-boundary/failures/stress-A-routes-20260819105653/mobile-390--impact-program.html-responds-and-has-a-title-and-description

  ✘   768 [mobile-390] › tests/public-site.spec.ts:264:5 › structure and content › /arajanlat.html responds and has a title and description (1.4s)
  ✘   766 [mobile-390] › tests/public-site.spec.ts:264:5 › structure and content › /hirdeteskezeles.html responds and has a title and description (1.4s)
  ✘   767 [mobile-390] › tests/public-site.spec.ts:264:5 › structure and content › /ugyfelszolgalat.html responds and has a title and description (1.4s)
  ✘   770 [mobile-390] › tests/public-site.spec.ts:264:5 › structure and content › /impact-program.html responds and has a title and description (1.5s)
  ✘   769 [mobile-390] › tests/public-site.spec.ts:264:5 › structure and content › /blog.html responds and has a title and description (1.4s)

[nav-boundary] lastConfirmedState=REQUEST_STARTED  bundle=/Users/arturlukacs/stratos-hermetic/subject/_build/reports/final-navigation-boundary/failures/stress-A-routes-20260819105653/mobile-390--rolunk.html-responds-and-has-a-title-and-description


[nav-boundary] lastConfirmedState=REQUEST_STARTED  bundle=/Users/arturlukacs/stratos-hermetic/subject/_build/reports/final-navigation-boundary/failures/stress-A-routes-20260819105653/mobile-390--nagyvallalat.html-responds-and-has-a-title-and-description


[nav-boundary] lastConfirmedState=REQUEST_STARTED  bundle=/Users/arturlukacs/stratos-hermetic/subject/_build/reports/final-navigation-boundary/failures/stress-A-routes-20260819105653/mobile-390--kkv.html-responds-and-has-a-title-and-description


[nav-boundary] lastConfirmedState=REQUEST_STARTED  bundle=/Users/arturlukacs/stratos-hermetic/subject/_build/reports/final-navigation-boundary/failures/stress-A-routes-20260819105653/mobile-390--index.html-responds-and-has-a-title-and-description


[nav-boundary] lastConfirmedState=REQUEST_STARTED  bundle=/Users/arturlukacs/stratos-hermetic/subject/_build/reports/final-navigation-boundary/failures/stress-A-routes-20260819105653/mobile-390--branding.html-responds-and-has-a-title-and-description

  ✘   775 [mobile-390] › tests/public-site.spec.ts:264:5 › structure and content › /branding.html responds and has a title and description (1.3s)
  ✘   772 [mobile-390] › tests/public-site.spec.ts:264:5 › structure and content › /nagyvallalat.html responds and has a title and description (1.3s)
  ✘   774 [mobile-390] › tests/public-site.spec.ts:264:5 › structure and content › /rolunk.html responds and has a title and description (1.3s)
  ✘   771 [mobile-390] › tests/public-site.spec.ts:264:5 › structure and content › /index.html responds and has a title and description (1.3s)
  ✘   773 [mobile-390] › tests/public-site.spec.ts:264:5 › structure and content › /kkv.html responds and has a title and description (1.3s)

[nav-boundary] lastConfirmedState=REQUEST_STARTED  bundle=/Users/arturlukacs/stratos-hermetic/subject/_build/reports/final-navigation-boundary/failures/stress-A-routes-20260819105653/mobile-390--hirdeteskezeles.html-responds-and-has-a-title-and-description


[nav-boundary] lastConfirmedState=REQUEST_STARTED  bundle=/Users/arturlukacs/stratos-hermetic/subject/_build/reports/final-navigation-boundary/failures/stress-A-routes-20260819105653/mobile-390--impact-program.html-responds-and-has-a-title-and-description


[nav-boundary] lastConfirmedState=REQUEST_STARTED  bundle=/Users/arturlukacs/stratos-hermetic/subject/_build/reports/final-navigation-boundary/failures/stress-A-routes-20260819105653/mobile-390--ugyfelszolgalat.html-responds-and-has-a-title-and-description


[nav-boundary] lastConfirmedState=REQUEST_STARTED  bundle=/Users/arturlukacs/stratos-hermetic/subject/_build/reports/final-navigation-boundary/failures/stress-A-routes-20260819105653/mobile-390--arajanlat.html-responds-and-has-a-title-and-description


[nav-boundary] lastConfirmedState=REQUEST_STARTED  bundle=/Users/arturlukacs/stratos-hermetic/subject/_build/reports/final-navigation-boundary/failures/stress-A-routes-20260819105653/mobile-390--blog.html-responds-and-has-a-title-and-description

  ✘   776 [mobile-390] › tests/public-site.spec.ts:264:5 › structure and content › /hirdeteskezeles.html responds and has a title and description (1.3s)
  ✘   777 [mobile-390] › tests/public-site.spec.ts:264:5 › structure and content › /impact-program.html responds and has a title and description (1.2s)
  ✘   778 [mobile-390] › tests/public-site.spec.ts:264:5 › structure and content › /ugyfelszolgalat.html responds and has a title and description (1.2s)
  ✘   780 [mobile-390] › tests/public-site.spec.ts:264:5 › structure and content › /blog.html responds and has a title and description (1.3s)
  ✘   779 [mobile-390] › tests/public-site.spec.ts:264:5 › structure and content › /arajanlat.html responds and has a title and description (1.3s)
