
Running 968 tests using 5 workers

  ✓    1 [node] › tests/lead-endpoint.spec.ts:132:3 › POST /api/lead — transport › refuses a body that is not declared as JSON (4ms)
  ✓    2 [node] › tests/lead-endpoint.spec.ts:138:3 › POST /api/lead — transport › refuses a body that is not JSON (6ms)
submit-lead: no Supabase credentials. Set SUPABASE_URL and SUPABASE_SECRET_KEY (or SUPABASE_SERVICE_ROLE_KEY) in the Netlify environment, scoped to Functions.
{"event":"reject","submissionId":"not-a-uuid","formType":null,"locale":null,"route":null,"fieldCount":0,"format":"canonical","code":"INVALID_SUBMISSION_ID"}
  ✓    3 [node] › tests/lead-endpoint.spec.ts:144:3 › POST /api/lead — transport › refuses an oversized body on the declared length alone (5ms)
  ✓    6 [node] › tests/lead-endpoint.spec.ts:166:3 › POST /api/lead — the envelope › refuses a submissionId that is not a UUID (1ms)
  ✓    5 [node] › tests/lead-endpoint.spec.ts:158:3 › POST /api/lead — transport › answers with no-store so nothing caches a submission result (2ms)
{"event":"reject","submissionId":"3e07099c-4e8a-48b7-9e05-bf342a6990aa","formType":null,"locale":null,"route":null,"fieldCount":0,"format":"canonical","code":"INVALID_SUBMISSION_ID"}
  ✓    4 [node] › tests/lead-endpoint.spec.ts:152:3 › POST /api/lead — transport › refuses an oversized body that lied about its length (7ms)
{"event":"reject","submissionId":"3018bde3-2a03-48dc-8a31-f5b9b05bf33f","formType":null,"locale":null,"route":null,"fieldCount":0,"format":"canonical","code":"UNSUPPORTED_LOCALE"}
{"event":"reject","submissionId":"6e43e379-1985-40c4-9de7-3dbba99ad3e2","formType":null,"locale":null,"route":null,"fieldCount":0,"format":"canonical","code":"INVALID_ROUTE"}
{"event":"reject","submissionId":"c751d6bc-0028-4f7d-bafc-d96439b4acf3","formType":null,"locale":null,"route":null,"fieldCount":0,"format":"canonical","code":"UNSUPPORTED_FORM_TYPE"}
  ✓   10 [node] › tests/lead-endpoint.spec.ts:186:3 › POST /api/lead — the envelope › refuses an unsupported locale (1ms)
{"event":"reject","submissionId":"7bccc647-9010-446d-aa26-4516b993104d","formType":null,"locale":null,"route":null,"fieldCount":0,"format":"canonical","code":"INVALID_ROUTE"}
  ✓    9 [node] › tests/lead-endpoint.spec.ts:180:3 › POST /api/lead — the envelope › refuses an unsupported form type (1ms)
  ✓    8 [node] › tests/lead-endpoint.spec.ts:172:3 › POST /api/lead — the envelope › refuses a missing submissionId (1ms)
{"event":"reject","submissionId":"704d89bf-e5c5-4f8b-8687-04f8ac2e6b42","formType":null,"locale":null,"route":null,"fieldCount":0,"format":"canonical","code":"INVALID_ROUTE"}
submit-lead: no Supabase credentials. Set SUPABASE_URL and SUPABASE_SECRET_KEY (or SUPABASE_SERVICE_ROLE_KEY) in the Netlify environment, scoped to Functions.
{"event":"reject","submissionId":"3fb5192d-9f38-48e5-bcd2-3f81a7f4bbd1","formType":null,"locale":null,"route":null,"fieldCount":0,"format":"canonical","code":"VALIDATION_FAILED"}
submit-lead: no Supabase credentials. Set SUPABASE_URL and SUPABASE_SECRET_KEY (or SUPABASE_SERVICE_ROLE_KEY) in the Netlify environment, scoped to Functions.
  ✓    7 [node] › tests/lead-endpoint.spec.ts:126:3 › POST /api/lead — transport › refuses anything that is not a POST (4ms)
  ✓   12 [node] › tests/lead-endpoint.spec.ts:200:3 › POST /api/lead — the envelope › accepts an absent route (1ms)
  ✓   11 [node] › tests/lead-endpoint.spec.ts:192:3 › POST /api/lead — the envelope › refuses a route that is not a same-site path (8ms)
  ✓   14 [node] › tests/lead-endpoint.spec.ts:207:3 › POST /api/lead — the envelope › refuses fields that are not an object (1ms)
  ✓   13 [node] › tests/lead-endpoint.spec.ts:216:5 › POST /api/lead — per-form schemas › accepts a valid newsletter submission (1ms)
submit-lead: no Supabase credentials. Set SUPABASE_URL and SUPABASE_SECRET_KEY (or SUPABASE_SERVICE_ROLE_KEY) in the Netlify environment, scoped to Functions.
submit-lead: no Supabase credentials. Set SUPABASE_URL and SUPABASE_SECRET_KEY (or SUPABASE_SERVICE_ROLE_KEY) in the Netlify environment, scoped to Functions.
{"event":"reject","submissionId":"d8792582-78af-45f6-840e-261e40be0bc7","formType":null,"locale":null,"route":null,"fieldCount":0,"format":"canonical","code":"VALIDATION_FAILED"}
  ✓   17 [node] › tests/lead-endpoint.spec.ts:226:5 › POST /api/lead — per-form schemas › accepts a contact submission in hu (1ms)
  ✓   15 [node] › tests/lead-endpoint.spec.ts:216:5 › POST /api/lead — per-form schemas › accepts a valid impact submission (1ms)
  ✓   18 [node] › tests/lead-endpoint.spec.ts:232:5 › POST /api/lead — per-form schemas › answers in hu when validation fails (1ms)
submit-lead: no Supabase credentials. Set SUPABASE_URL and SUPABASE_SECRET_KEY (or SUPABASE_SERVICE_ROLE_KEY) in the Netlify environment, scoped to Functions.
submit-lead: no Supabase credentials. Set SUPABASE_URL and SUPABASE_SECRET_KEY (or SUPABASE_SERVICE_ROLE_KEY) in the Netlify environment, scoped to Functions.
  ✓   19 [node] › tests/lead-endpoint.spec.ts:216:5 › POST /api/lead — per-form schemas › accepts a valid contact submission (2ms)
  ✓   16 [node] › tests/lead-endpoint.spec.ts:216:5 › POST /api/lead — per-form schemas › accepts a valid questionnaire submission (3ms)
submit-lead: no Supabase credentials. Set SUPABASE_URL and SUPABASE_SECRET_KEY (or SUPABASE_SERVICE_ROLE_KEY) in the Netlify environment, scoped to Functions.
{"event":"reject","submissionId":"f9f3ad30-31db-4877-9997-a7e3a5f85370","formType":null,"locale":null,"route":null,"fieldCount":0,"format":"canonical","code":"VALIDATION_FAILED"}
submit-lead: no Supabase credentials. Set SUPABASE_URL and SUPABASE_SECRET_KEY (or SUPABASE_SERVICE_ROLE_KEY) in the Netlify environment, scoped to Functions.
{"event":"reject","submissionId":"90c73a59-9081-4573-8c8f-9e6b9842f193","formType":null,"locale":null,"route":null,"fieldCount":0,"format":"canonical","code":"VALIDATION_FAILED"}
  ✓   21 [node] › tests/lead-endpoint.spec.ts:226:5 › POST /api/lead — per-form schemas › accepts a contact submission in en (0ms)
  ✓   22 [node] › tests/lead-endpoint.spec.ts:232:5 › POST /api/lead — per-form schemas › answers in en when validation fails (1ms)
  ✓   20 [node] › tests/lead-endpoint.spec.ts:226:5 › POST /api/lead — per-form schemas › accepts a contact submission in de (1ms)
{"event":"reject","submissionId":"671dc484-1daa-4710-b6e8-388d14d73cd8","formType":null,"locale":null,"route":null,"fieldCount":0,"format":"canonical","code":"VALIDATION_FAILED"}
  ✓   23 [node] › tests/lead-endpoint.spec.ts:232:5 › POST /api/lead — per-form schemas › answers in de when validation fails (1ms)
{"event":"reject","submissionId":"a982c8c5-a276-44fe-ade8-40a89aca4cb7","formType":null,"locale":null,"route":null,"fieldCount":0,"format":"canonical","code":"VALIDATION_FAILED"}
{"event":"reject","submissionId":"ff5498fa-d63c-4fb8-a76e-140194d34ef2","formType":null,"locale":null,"route":null,"fieldCount":0,"format":"canonical","code":"VALIDATION_FAILED"}
{"event":"reject","submissionId":"d41d9746-eef6-445f-9c5a-a329c54dcee6","formType":null,"locale":null,"route":null,"fieldCount":0,"format":"canonical","code":"VALIDATION_FAILED"}
  ✓   24 [node] › tests/lead-endpoint.spec.ts:244:3 › POST /api/lead — per-form schemas › rejects a missing required field, and names it (2ms)
{"event":"reject","submissionId":"b4665cb3-6135-4683-89ec-6034cfba3b61","formType":null,"locale":null,"route":null,"fieldCount":0,"format":"canonical","code":"VALIDATION_FAILED"}
{"event":"reject","submissionId":"e9a9d492-74e3-4604-8987-a1448f7ee117","formType":null,"locale":null,"route":null,"fieldCount":0,"format":"canonical","code":"VALIDATION_FAILED"}
  ✓   26 [node] › tests/lead-endpoint.spec.ts:269:3 › POST /api/lead — per-form schemas › rejects an unchecked required consent (1ms)
submit-lead: no Supabase credentials. Set SUPABASE_URL and SUPABASE_SECRET_KEY (or SUPABASE_SERVICE_ROLE_KEY) in the Netlify environment, scoped to Functions.
{"event":"reject","submissionId":"8d74c0da-583f-464d-b086-4ced553c8385","formType":null,"locale":null,"route":null,"fieldCount":0,"format":"canonical","code":"VALIDATION_FAILED"}
  ✓   25 [node] › tests/lead-endpoint.spec.ts:253:3 › POST /api/lead — per-form schemas › rejects an invalid email on every form that asks for one (3ms)
  ✓   28 [node] › tests/lead-endpoint.spec.ts:278:3 › POST /api/lead — per-form schemas › accepts an unchecked *optional* consent (0ms)
{"event":"reject","submissionId":"6a5b934a-d4c2-4c86-bc3d-d7257fa713ae","formType":null,"locale":null,"route":null,"fieldCount":0,"format":"canonical","code":"VALIDATION_FAILED"}
  ✓   27 [node] › tests/lead-endpoint.spec.ts:285:3 › POST /api/lead — per-form schemas › rejects a field that is over its cap rather than truncating it (1ms)
{"event":"reject","submissionId":"9584e0f5-4c33-4348-99f8-ce42eff93fa8","formType":null,"locale":null,"route":null,"fieldCount":0,"format":"canonical","code":"VALIDATION_FAILED"}
{"event":"reject","submissionId":"95e143b0-3c5b-4316-90b9-6b83ef68d776","formType":null,"locale":null,"route":null,"fieldCount":0,"format":"canonical","code":"VALIDATION_FAILED"}
  ✓   29 [node] › tests/lead-endpoint.spec.ts:292:3 › POST /api/lead — per-form schemas › rejects a questionnaire with more answers than the ceiling (1ms)
  ✓   30 [node] › tests/lead-endpoint.spec.ts:300:3 › POST /api/lead — per-form schemas › rejects an answers value that is not a list (0ms)
submit-lead: no Supabase credentials. Set SUPABASE_URL and SUPABASE_SECRET_KEY (or SUPABASE_SERVICE_ROLE_KEY) in the Netlify environment, scoped to Functions.
  ✓   31 [node] › tests/lead-endpoint.spec.ts:306:3 › POST /api/lead — per-form schemas › rejects an out-of-enum branch identifier (1ms)
{"event":"drop.honeypot","submissionId":"93807e21-be89-4c87-b122-3dd5421d35ba","formType":null,"locale":null,"route":null,"fieldCount":0,"format":"canonical"}
  ✓   32 [node] › tests/lead-endpoint.spec.ts:313:3 › POST /api/lead — per-form schemas › drops an undeclared field instead of losing the whole submission (1ms)
{"event":"drop.honeypot","submissionId":"6a567be6-8ea5-4ce9-97e7-9ae31d0b4340","formType":null,"locale":null,"route":null,"fieldCount":0,"format":"canonical"}
{"event":"drop.tooFast","submissionId":"0d94b393-21a7-4057-9e24-cbb400ebc386","formType":null,"locale":null,"route":null,"fieldCount":0,"format":"canonical","elapsedMs":800}
submit-lead: no Supabase credentials. Set SUPABASE_URL and SUPABASE_SECRET_KEY (or SUPABASE_SERVICE_ROLE_KEY) in the Netlify environment, scoped to Functions.
submit-lead: no Supabase credentials. Set SUPABASE_URL and SUPABASE_SECRET_KEY (or SUPABASE_SERVICE_ROLE_KEY) in the Netlify environment, scoped to Functions.
submit-lead: no Supabase credentials. Set SUPABASE_URL and SUPABASE_SECRET_KEY (or SUPABASE_SERVICE_ROLE_KEY) in the Netlify environment, scoped to Functions.
submit-lead: no Supabase credentials. Set SUPABASE_URL and SUPABASE_SECRET_KEY (or SUPABASE_SERVICE_ROLE_KEY) in the Netlify environment, scoped to Functions.
submit-lead: no Supabase credentials. Set SUPABASE_URL and SUPABASE_SECRET_KEY (or SUPABASE_SERVICE_ROLE_KEY) in the Netlify environment, scoped to Functions.
  ✓   35 [node] › tests/lead-endpoint.spec.ts:346:3 › POST /api/lead — spam and abuse › drops a submission completed faster than a human could read it (1ms)
  ✓   33 [node] › tests/lead-endpoint.spec.ts:328:3 › POST /api/lead — spam and abuse › drops a filled honeypot, and says nothing about it (2ms)
{"event":"drop.honeypot","submissionId":"82bd4b06-7c18-4a57-8c70-205735989e24","formType":null,"locale":null,"route":null,"fieldCount":0,"format":"canonical"}
  ✓   36 [node] › tests/lead-endpoint.spec.ts:364:3 › POST /api/lead — spam and abuse › rate limits repeated submissions from one address (2ms)
submit-lead: no Supabase credentials. Set SUPABASE_URL and SUPABASE_SECRET_KEY (or SUPABASE_SERVICE_ROLE_KEY) in the Netlify environment, scoped to Functions.
submit-lead: no Supabase credentials. Set SUPABASE_URL and SUPABASE_SECRET_KEY (or SUPABASE_SERVICE_ROLE_KEY) in the Netlify environment, scoped to Functions.
submit-lead: no Supabase credentials. Set SUPABASE_URL and SUPABASE_SECRET_KEY (or SUPABASE_SERVICE_ROLE_KEY) in the Netlify environment, scoped to Functions.
submit-lead: no Supabase credentials. Set SUPABASE_URL and SUPABASE_SECRET_KEY (or SUPABASE_SERVICE_ROLE_KEY) in the Netlify environment, scoped to Functions.
  ✓   34 [node] › tests/lead-endpoint.spec.ts:340:3 › POST /api/lead — spam and abuse › a dropped submission is shaped exactly like a stored one (2ms)
submit-lead: no Supabase credentials. Set SUPABASE_URL and SUPABASE_SECRET_KEY (or SUPABASE_SERVICE_ROLE_KEY) in the Netlify environment, scoped to Functions.
submit-lead: no Supabase credentials. Set SUPABASE_URL and SUPABASE_SECRET_KEY (or SUPABASE_SERVICE_ROLE_KEY) in the Netlify environment, scoped to Functions.
  ✓   37 [node] › tests/lead-endpoint.spec.ts:353:3 › POST /api/lead — spam and abuse › the spam gates run before validation, so a bot learns nothing (0ms)
{"event":"reject","submissionId":"5131ef84-94cf-449f-ae16-f70f0430a280","formType":null,"locale":null,"route":null,"fieldCount":0,"format":"canonical","code":"VALIDATION_FAILED"}
  ✓   38 [node] › tests/lead-endpoint.spec.ts:379:3 › POST /api/lead — spam and abuse › one address being limited does not limit anyone else (2ms)
submit-lead: no Supabase credentials. Set SUPABASE_URL and SUPABASE_SECRET_KEY (or SUPABASE_SERVICE_ROLE_KEY) in the Netlify environment, scoped to Functions.
{"event":"reject","submissionId":"e4562b29-ca30-420b-aa6a-753eec7e4e44","formType":null,"locale":null,"route":null,"fieldCount":0,"format":"canonical","code":"UNSUPPORTED_FORM_TYPE"}
{"event":"stored","submissionId":"46c779cf-884b-4775-8238-2203ba4d5394","formType":"questionnaire","locale":"de","route":"/de/angebot.html","fieldCount":8,"leadId":"lead-1","format":"canonical"}
  ✓   39 [node] › tests/lead-endpoint.spec.ts:388:3 › POST /api/lead — what it never says › never echoes anything back that could name a column or a table (2ms)
  ✓   41 [node] › tests/lead-endpoint.spec.ts:395:3 › POST /api/lead — what it never says › never carries the submitter address back (0ms)
{"event":"stored","submissionId":"1f8819ff-c369-440a-a1d0-368022f9bb6a","formType":"questionnaire","locale":"de","route":"/de/angebot.html","fieldCount":8,"leadId":"lead-2","format":"canonical"}
  ✓   40 [node] › tests/lead-endpoint.spec.ts:401:3 › POST /api/lead — what it never says › every failure carries a stable code and a safe message (3ms)
  ✓   43 [node] › tests/lead-endpoint.spec.ts:502:3 › POST /api/lead — the store › routes the enterprise branch by its locale-invariant identifier (0ms)
{"event":"idempotent.replay","submissionId":"383f5ff7-5664-488a-b161-86051d9c9a6e","formType":"contact","locale":"hu","route":"/ugyfelszolgalat.html","fieldCount":8,"leadId":"lead-original"}
{"event":"stored","submissionId":"c65a9781-65b4-4e7b-b248-69b3e0770b73","formType":"newsletter","locale":"hu","route":"/rolunk.html","fieldCount":1,"leadId":"lead-3","format":"canonical"}
  ✓   42 [node] › tests/lead-endpoint.spec.ts:457:3 › POST /api/lead — the store › writes a normalised row, with the payload as data (3ms)
  ✓   45 [node] › tests/lead-endpoint.spec.ts:524:3 › POST /api/lead — the store › a duplicate submissionId returns the original lead, not a second one (1ms)
  ✓   44 [node] › tests/lead-endpoint.spec.ts:513:3 › POST /api/lead — the store › newsletter gets the stand-in name the NOT NULL column needs (1ms)
{"event":"stored","submissionId":"1be8e40b-3d8f-4692-8da1-c9a7308fedf2","formType":"impact","locale":"en","route":null,"fieldCount":7,"leadId":"legacy-impact","format":"legacy"}
submit-lead insert failed: 23502 null value in column "name" of relation "leads"
{"event":"stored","submissionId":"d3de9430-0355-4bcf-8020-59ba99f8fc7b","formType":"questionnaire","locale":"de","route":null,"fieldCount":9,"leadId":"legacy-questionnaire","format":"legacy"}
{"event":"stored","submissionId":"a701e15f-41b1-4ef9-8d65-342b76104076","formType":"newsletter","locale":"hu","route":null,"fieldCount":2,"leadId":"legacy-newsletter","format":"legacy"}
  ✓   47 [node] › tests/lead-endpoint.spec.ts:540:3 › POST /api/lead — the store › an insert failure is a 500 that names nothing (1ms)
  ✓   46 [node] › tests/lead-endpoint.spec.ts:611:5 › mixed-version rollout — the old client still works › a legacy impact request is accepted and stored (2ms)
{"event":"stored","submissionId":"97b285f5-81b7-4a6a-b3e1-7c8065f855f4","formType":"contact","locale":"hu","route":null,"fieldCount":5,"leadId":"legacy-contact","format":"legacy"}
  ✓   49 [node] › tests/lead-endpoint.spec.ts:611:5 › mixed-version rollout — the old client still works › a legacy newsletter request is accepted and stored (2ms)
  ✓   50 [node] › tests/lead-endpoint.spec.ts:611:5 › mixed-version rollout — the old client still works › a legacy contact request is accepted and stored (2ms)
{"event":"stored","submissionId":"81296362-3a52-48bc-a804-5b93895bc538","formType":"newsletter","locale":"hu","route":null,"fieldCount":2,"leadId":"x","format":"legacy"}
  ✓   51 [node] › tests/lead-endpoint.spec.ts:640:3 › mixed-version rollout — the old client still works › a legacy newsletter gets the stand-in name, exactly as the old server did (1ms)
{"event":"stored","submissionId":"eb61daf9-2153-4efc-826d-f59fbfe3e6a4","formType":"contact","locale":"hu","route":null,"fieldCount":5,"leadId":"x","format":"legacy"}
{"event":"drop.honeypot","submissionId":"46bb5034-8fba-4136-aa4d-1ba28bd340a2","formType":null,"locale":null,"route":null,"fieldCount":0,"format":"legacy"}
{"event":"drop.tooFast","submissionId":"853b520d-ca3b-4855-a797-0dc92871c863","formType":null,"locale":null,"route":null,"fieldCount":0,"format":"legacy","elapsedMs":800}
  ✓   48 [node] › tests/lead-endpoint.spec.ts:611:5 › mixed-version rollout — the old client still works › a legacy questionnaire request is accepted and stored (3ms)
{"event":"stored","submissionId":"5410bebe-f8df-43c8-8bc0-809b92f77166","formType":"contact","locale":"hu","route":null,"fieldCount":5,"leadId":"x","format":"legacy"}
  ✓   52 [node] › tests/lead-endpoint.spec.ts:660:3 › mixed-version rollout — the old client still works › legacy over-long values are truncated, not rejected (1ms)
  ✓   53 [node] › tests/lead-endpoint.spec.ts:685:3 › mixed-version rollout — the old client still works › legacy spam gates read the old field names (1ms)
{"event":"reject","submissionId":"c3a55ca7-dfc2-4b5a-9aaf-bc4b4d1cb75e","formType":null,"locale":null,"route":null,"fieldCount":0,"format":"legacy","code":"VALIDATION_FAILED"}
{"event":"stored","submissionId":"35a2b1d8-e4ab-400c-8822-22f2cdea71bd","formType":"contact","locale":"hu","route":null,"fieldCount":5,"leadId":"x","format":"legacy"}
  ✓   55 [node] › tests/lead-endpoint.spec.ts:648:3 › mixed-version rollout — the old client still works › a legacy body is not held to the new per-form schemas (1ms)
{"event":"reject","submissionId":"c31f4b65-1d5e-4368-9ef9-5e81c968b2d4","formType":null,"locale":null,"route":null,"fieldCount":0,"format":"legacy","code":"VALIDATION_FAILED"}
{"event":"fields.dropped","submissionId":"a6880fbd-18a5-4fbc-a06d-f93eeb3775b6","formType":"contact","locale":"hu","route":null,"fieldCount":5,"format":"legacy","dropped":["status","ip_hash","id","created_at","submission_id","nonsense"]}
{"event":"stored","submissionId":"a6880fbd-18a5-4fbc-a06d-f93eeb3775b6","formType":"contact","locale":"hu","route":null,"fieldCount":5,"leadId":"x","format":"legacy"}
  ✓   56 [node] › tests/lead-endpoint.spec.ts:696:3 › mixed-version rollout — the old client still works › the honeypot never reaches a column, in either contract (1ms)
  ✓   54 [node] › tests/lead-endpoint.spec.ts:671:3 › mixed-version rollout — the old client still works › legacy validation reproduces the old rules, and the old error shape (4ms)
  ✓   57 [node] › tests/lead-endpoint.spec.ts:706:3 › mixed-version rollout — the old client still works › an unknown legacy key cannot reach a column (1ms)
{"event":"reject","submissionId":"601c4e5e-ee64-4180-a13f-4d02e38960d5","formType":null,"locale":null,"route":null,"fieldCount":0,"format":"canonical","code":"VALIDATION_FAILED"}
{"event":"reject","submissionId":"cf1f9d84-607c-4d0a-9665-e37c37ac1774","formType":null,"locale":null,"route":null,"fieldCount":0,"format":"canonical","code":"UNSUPPORTED_FORM_TYPE"}
{"event":"fields.dropped","submissionId":"56f41325-6f12-4ac4-9e89-b02f3b0be697","formType":"contact","locale":"hu","route":"/ugyfelszolgalat.html","fieldCount":8,"format":"canonical","dropped":["status","surprise"]}
{"event":"stored","submissionId":"56f41325-6f12-4ac4-9e89-b02f3b0be697","formType":"contact","locale":"hu","route":"/ugyfelszolgalat.html","fieldCount":8,"leadId":"x","format":"canonical"}
submit-lead: no Supabase credentials. Set SUPABASE_URL and SUPABASE_SECRET_KEY (or SUPABASE_SERVICE_ROLE_KEY) in the Netlify environment, scoped to Functions.
submit-lead: no Supabase credentials. Set SUPABASE_URL and SUPABASE_SECRET_KEY (or SUPABASE_SERVICE_ROLE_KEY) in the Netlify environment, scoped to Functions.
  ✓   58 [node] › tests/lead-endpoint.spec.ts:748:3 › mixed-version rollout — the old client still works › a body matching neither contract is refused (2ms)
submit-lead: no Supabase credentials. Set SUPABASE_URL and SUPABASE_SECRET_KEY (or SUPABASE_SERVICE_ROLE_KEY) in the Netlify environment, scoped to Functions.
submit-lead: no Supabase credentials. Set SUPABASE_URL and SUPABASE_SECRET_KEY (or SUPABASE_SERVICE_ROLE_KEY) in the Netlify environment, scoped to Functions.
{"event":"reject","submissionId":"2cf52241-dece-4468-931f-57a2beb1645a","formType":null,"locale":null,"route":null,"fieldCount":0,"format":"canonical","code":"VALIDATION_FAILED"}
  ✓   59 [node] › tests/lead-endpoint.spec.ts:765:3 › mixed-version rollout — the old client still works › a half-built envelope is answered as an envelope, not as gibberish (1ms)
  ✓   60 [node] › tests/lead-endpoint.spec.ts:732:3 › mixed-version rollout — the old client still works › an unknown *canonical* field is dropped without losing the submission (1ms)
{"event":"idempotent.replay","submissionId":"2a4dd82d-c06a-47d3-88a4-6a83c2914944","formType":"contact","locale":"hu","route":"/ugyfelszolgalat.html","fieldCount":8,"leadId":"lead-original"}
  ✓   61 [node] › tests/lead-endpoint.spec.ts:778:3 › mixed-version rollout — the old client still works › canonical requests are unaffected by the adapter (1ms)
submit-lead: the Supabase client could not be created: Cannot find package '@supabase/supabase-js' imported from /var/task/submit-lead.mjs
{"event":"stored","submissionId":"e8b9f592-cd9b-49ce-a213-a66d0a50fda7","formType":"contact","locale":"hu","route":null,"fieldCount":5,"leadId":"x","format":"legacy"}
{"event":"stored","submissionId":"908cb8ed-0d1e-4e04-b2e0-489f8ca3c963","formType":"contact","locale":"hu","route":null,"fieldCount":5,"leadId":"x","format":"legacy"}
  ✓   62 [node] › tests/lead-endpoint.spec.ts:790:3 › mixed-version rollout — the old client still works › canonical idempotency still holds while the adapter is in place (1ms)
  ✓   64 [node] › tests/lead-endpoint.spec.ts:847:3 › POST /api/lead — the store cannot be reached › an SDK that will not load is a clean 503, not a stack trace (1ms)
submit-lead: no Supabase credentials. Set SUPABASE_URL and SUPABASE_SECRET_KEY (or SUPABASE_SERVICE_ROLE_KEY) in the Netlify environment, scoped to Functions.
  ✓   63 [node] › tests/lead-endpoint.spec.ts:805:3 › mixed-version rollout — the old client still works › two legacy requests are two leads — the documented limitation (1ms)
  ✓   65 [node] › tests/lead-endpoint.spec.ts:873:3 › POST /api/lead — the store cannot be reached › a store that returns null is the same clean 503 (1ms)
  ✓   66 [node] › tests/lead-notify.spec.ts:60:3 › with no transport configured › sends nothing and says so (1ms)
  ✓   67 [node] › tests/lead-notify.spec.ts:72:3 › with no transport configured › is the default, so an unconfigured deploy is silent rather than broken (1ms)
  ✓   68 [node] › tests/lead-notify.spec.ts:83:3 › the payload › carries the identifiers and the route (1ms)
  ✓   70 [node] › tests/lead-notify.spec.ts:132:3 › the payload › links to the Portal on the origin this deploy is serving (0ms)
  ✓   69 [node] › tests/lead-notify.spec.ts:96:3 › the payload › carries no personal data whatsoever (3ms)
lead-notify: LEAD_NOTIFY_WEBHOOK_URL must be https, got http:. Nothing was sent.
{"event":"notify.sent","leadId":"a1b2c3d4-0000-4000-8000-000000000001","formType":"contact"}
  ✓   72 [node] › tests/lead-notify.spec.ts:137:3 › the payload › renders without configuration on a destination that only shows text (1ms)
lead-notify: LEAD_NOTIFY_WEBHOOK_URL is not a URL. Nothing was sent.
  ✓   74 [node] › tests/lead-notify.spec.ts:167:3 › the webhook transport › refuses a plain http endpoint (1ms)
  ✓   73 [node] › tests/lead-notify.spec.ts:149:3 › the webhook transport › POSTs JSON to the configured endpoint (2ms)
  ✓   75 [node] › tests/lead-notify.spec.ts:181:3 › the webhook transport › refuses a URL that is not a URL (1ms)
  ✓   71 [node] › tests/lead-notify.spec.ts:121:3 › the payload › the field list is closed, not a filtered copy of the input (2ms)
lead-notify: https://hooks.example.com answered 502 for lead a1b2c3d4-0000-4000-8000-000000000001. The lead is stored; the notification is not.
lead-notify: unknown LEAD_NOTIFY_TRANSPORT "slack"; expected "none" or "webhook". Nothing was sent.
  ✓   78 [node] › tests/lead-notify.spec.ts:189:3 › the webhook transport › refuses an unknown transport rather than guessing one (1ms)
lead-notify: https://hooks.example.com answered 404 for lead a1b2c3d4-0000-4000-8000-000000000001. The lead is stored; the notification is not.
  ✓   76 [node] › tests/lead-notify.spec.ts:214:5 › never at the lead's expense › the destination answers with nonsense: resolves false, never throws (1ms)
lead-notify: could not reach https://hooks.example.com for lead a1b2c3d4-0000-4000-8000-000000000001 — Error. The lead is stored; the notification is not.
  ✓   77 [node] › tests/lead-notify.spec.ts:214:5 › never at the lead's expense › the destination answers 404: resolves false, never throws (1ms)
  ✓   79 [node] › tests/lead-notify.spec.ts:214:5 › never at the lead's expense › the destination is unreachable: resolves false, never throws (1ms)
lead-notify: https://hooks.example.com answered 500 for lead a1b2c3d4-0000-4000-8000-000000000001. The lead is stored; the notification is not.
{"event":"stored","submissionId":"3b71eceb-9412-41d7-b0ae-fd2af933beaa","formType":"newsletter","locale":"hu","route":"/rolunk.html","fieldCount":1,"leadId":"lead-123","format":"canonical"}
  ✓   80 [node] › tests/lead-notify.spec.ts:214:5 › never at the lead's expense › the destination answers 500: resolves false, never throws (1ms)
  ✓   82 [node] › tests/lead-notify.spec.ts:260:3 › never at the lead's expense › a submission still succeeds when the notification fails (6ms)
  ✓   83 [node] › tests/lead-endpoint.spec.ts:144:3 › POST /api/lead — transport › refuses an oversized body on the declared length alone (4ms)
  ✓   84 [node] › tests/lead-endpoint.spec.ts:126:3 › POST /api/lead — transport › refuses anything that is not a POST (4ms)
  ✓   85 [node] › tests/lead-endpoint.spec.ts:138:3 › POST /api/lead — transport › refuses a body that is not JSON (4ms)
  ✓   86 [node] › tests/lead-endpoint.spec.ts:132:3 › POST /api/lead — transport › refuses a body that is not declared as JSON (4ms)
submit-lead: no Supabase credentials. Set SUPABASE_URL and SUPABASE_SECRET_KEY (or SUPABASE_SERVICE_ROLE_KEY) in the Netlify environment, scoped to Functions.
{"event":"reject","submissionId":"not-a-uuid","formType":null,"locale":null,"route":null,"fieldCount":0,"format":"canonical","code":"INVALID_SUBMISSION_ID"}
{"event":"reject","submissionId":"4a344683-8cc1-4e7b-8044-53dce2d3fb43","formType":null,"locale":null,"route":null,"fieldCount":0,"format":"canonical","code":"INVALID_SUBMISSION_ID"}
  ✓   89 [node] › tests/lead-endpoint.spec.ts:158:3 › POST /api/lead — transport › answers with no-store so nothing caches a submission result (1ms)
  ✓   87 [node] › tests/lead-endpoint.spec.ts:152:3 › POST /api/lead — transport › refuses an oversized body that lied about its length (1ms)
  ✓   90 [node] › tests/lead-endpoint.spec.ts:172:3 › POST /api/lead — the envelope › refuses a missing submissionId (1ms)
  ✓   88 [node] › tests/lead-endpoint.spec.ts:166:3 › POST /api/lead — the envelope › refuses a submissionId that is not a UUID (1ms)
{"event":"reject","submissionId":"ba07b03a-5fdd-4487-8770-e4465baa7584","formType":null,"locale":null,"route":null,"fieldCount":0,"format":"canonical","code":"UNSUPPORTED_LOCALE"}
{"event":"reject","submissionId":"251a152e-22a9-48bb-b0af-cae9259262ec","formType":null,"locale":null,"route":null,"fieldCount":0,"format":"canonical","code":"UNSUPPORTED_FORM_TYPE"}
  ✓   92 [node] › tests/lead-endpoint.spec.ts:186:3 › POST /api/lead — the envelope › refuses an unsupported locale (1ms)
  ✓   91 [node] › tests/lead-endpoint.spec.ts:180:3 › POST /api/lead — the envelope › refuses an unsupported form type (1ms)
{"event":"reject","submissionId":"bb4f5d3b-76d1-4584-9986-b874f4e7260a","formType":null,"locale":null,"route":null,"fieldCount":0,"format":"canonical","code":"INVALID_ROUTE"}
{"event":"reject","submissionId":"58201e73-7703-4a4e-8b3b-67c0d30c0fa8","formType":null,"locale":null,"route":null,"fieldCount":0,"format":"canonical","code":"INVALID_ROUTE"}
{"event":"reject","submissionId":"3e7d8d81-beaa-436f-b616-0c8bedac9ed7","formType":null,"locale":null,"route":null,"fieldCount":0,"format":"canonical","code":"INVALID_ROUTE"}
submit-lead: no Supabase credentials. Set SUPABASE_URL and SUPABASE_SECRET_KEY (or SUPABASE_SERVICE_ROLE_KEY) in the Netlify environment, scoped to Functions.
{"event":"reject","submissionId":"9d5004ed-4d9f-42a7-9006-d2a186ad3abb","formType":null,"locale":null,"route":null,"fieldCount":0,"format":"canonical","code":"VALIDATION_FAILED"}
  ✓   93 [node] › tests/lead-endpoint.spec.ts:192:3 › POST /api/lead — the envelope › refuses a route that is not a same-site path (2ms)
  ✓   94 [node] › tests/lead-endpoint.spec.ts:200:3 › POST /api/lead — the envelope › accepts an absent route (1ms)
submit-lead: no Supabase credentials. Set SUPABASE_URL and SUPABASE_SECRET_KEY (or SUPABASE_SERVICE_ROLE_KEY) in the Netlify environment, scoped to Functions.
  ✓   95 [node] › tests/lead-endpoint.spec.ts:207:3 › POST /api/lead — the envelope › refuses fields that are not an object (1ms)
submit-lead: no Supabase credentials. Set SUPABASE_URL and SUPABASE_SECRET_KEY (or SUPABASE_SERVICE_ROLE_KEY) in the Netlify environment, scoped to Functions.
submit-lead: no Supabase credentials. Set SUPABASE_URL and SUPABASE_SECRET_KEY (or SUPABASE_SERVICE_ROLE_KEY) in the Netlify environment, scoped to Functions.
  ✓   96 [node] › tests/lead-endpoint.spec.ts:216:5 › POST /api/lead — per-form schemas › accepts a valid newsletter submission (1ms)
submit-lead: no Supabase credentials. Set SUPABASE_URL and SUPABASE_SECRET_KEY (or SUPABASE_SERVICE_ROLE_KEY) in the Netlify environment, scoped to Functions.
  ✓   98 [node] › tests/lead-endpoint.spec.ts:216:5 › POST /api/lead — per-form schemas › accepts a valid impact submission (1ms)
  ✓   97 [node] › tests/lead-endpoint.spec.ts:216:5 › POST /api/lead — per-form schemas › accepts a valid contact submission (1ms)
  ✓   99 [node] › tests/lead-endpoint.spec.ts:216:5 › POST /api/lead — per-form schemas › accepts a valid questionnaire submission (1ms)
submit-lead: no Supabase credentials. Set SUPABASE_URL and SUPABASE_SECRET_KEY (or SUPABASE_SERVICE_ROLE_KEY) in the Netlify environment, scoped to Functions.
{"event":"reject","submissionId":"741770d8-4070-4fac-a24c-c2ba51a6e920","formType":null,"locale":null,"route":null,"fieldCount":0,"format":"canonical","code":"VALIDATION_FAILED"}
submit-lead: no Supabase credentials. Set SUPABASE_URL and SUPABASE_SECRET_KEY (or SUPABASE_SERVICE_ROLE_KEY) in the Netlify environment, scoped to Functions.
  ✓  102 [node] › tests/lead-endpoint.spec.ts:226:5 › POST /api/lead — per-form schemas › accepts a contact submission in en (1ms)
  ✓  101 [node] › tests/lead-endpoint.spec.ts:232:5 › POST /api/lead — per-form schemas › answers in hu when validation fails (1ms)
  ✓  100 [node] › tests/lead-endpoint.spec.ts:226:5 › POST /api/lead — per-form schemas › accepts a contact submission in hu (1ms)
{"event":"reject","submissionId":"2df4ef63-815e-4ea8-86b6-d49083370839","formType":null,"locale":null,"route":null,"fieldCount":0,"format":"canonical","code":"VALIDATION_FAILED"}
  ✓  103 [node] › tests/lead-endpoint.spec.ts:232:5 › POST /api/lead — per-form schemas › answers in en when validation fails (1ms)
submit-lead: no Supabase credentials. Set SUPABASE_URL and SUPABASE_SECRET_KEY (or SUPABASE_SERVICE_ROLE_KEY) in the Netlify environment, scoped to Functions.
{"event":"reject","submissionId":"719eda6d-7bd8-4a77-9375-e15506f9bfd9","formType":null,"locale":null,"route":null,"fieldCount":0,"format":"canonical","code":"VALIDATION_FAILED"}
{"event":"reject","submissionId":"315e1275-0442-40a8-85ad-87c42fb8cddd","formType":null,"locale":null,"route":null,"fieldCount":0,"format":"canonical","code":"VALIDATION_FAILED"}
{"event":"reject","submissionId":"08b27bae-da23-404b-8748-aa0fec41019b","formType":null,"locale":null,"route":null,"fieldCount":0,"format":"canonical","code":"VALIDATION_FAILED"}
  ✓  104 [node] › tests/lead-endpoint.spec.ts:226:5 › POST /api/lead — per-form schemas › accepts a contact submission in de (0ms)
{"event":"reject","submissionId":"acb4c2c1-7b12-4169-b10f-9bb1af2cd6f5","formType":null,"locale":null,"route":null,"fieldCount":0,"format":"canonical","code":"VALIDATION_FAILED"}
{"event":"reject","submissionId":"57d9af5b-15d4-4fb7-ae53-441df89e89de","formType":null,"locale":null,"route":null,"fieldCount":0,"format":"canonical","code":"VALIDATION_FAILED"}
{"event":"reject","submissionId":"7297ba23-722f-4004-9236-83776d843550","formType":null,"locale":null,"route":null,"fieldCount":0,"format":"canonical","code":"VALIDATION_FAILED"}
  ✓  105 [node] › tests/lead-endpoint.spec.ts:244:3 › POST /api/lead — per-form schemas › rejects a missing required field, and names it (1ms)
  ✓  107 [node] › tests/lead-endpoint.spec.ts:232:5 › POST /api/lead — per-form schemas › answers in de when validation fails (0ms)
  ✓  106 [node] › tests/lead-endpoint.spec.ts:253:3 › POST /api/lead — per-form schemas › rejects an invalid email on every form that asks for one (2ms)
{"event":"reject","submissionId":"18e0981b-5740-4e1a-a56f-bf3622d0ea9f","formType":null,"locale":null,"route":null,"fieldCount":0,"format":"canonical","code":"VALIDATION_FAILED"}
submit-lead: no Supabase credentials. Set SUPABASE_URL and SUPABASE_SECRET_KEY (or SUPABASE_SERVICE_ROLE_KEY) in the Netlify environment, scoped to Functions.
{"event":"reject","submissionId":"515e890c-0803-4d58-9f5d-18d0c11f2a60","formType":null,"locale":null,"route":null,"fieldCount":0,"format":"canonical","code":"VALIDATION_FAILED"}
  ✓  108 [node] › tests/lead-endpoint.spec.ts:269:3 › POST /api/lead — per-form schemas › rejects an unchecked required consent (1ms)
  ✓  109 [node] › tests/lead-endpoint.spec.ts:278:3 › POST /api/lead — per-form schemas › accepts an unchecked *optional* consent (0ms)
{"event":"reject","submissionId":"1a9017c8-c99c-498e-8c4c-ed3a6d789c86","formType":null,"locale":null,"route":null,"fieldCount":0,"format":"canonical","code":"VALIDATION_FAILED"}
  ✓  110 [node] › tests/lead-endpoint.spec.ts:285:3 › POST /api/lead — per-form schemas › rejects a field that is over its cap rather than truncating it (1ms)
{"event":"reject","submissionId":"223ec934-b940-48d8-b1c2-368f5fe5f207","formType":null,"locale":null,"route":null,"fieldCount":0,"format":"canonical","code":"VALIDATION_FAILED"}
  ✓  111 [node] › tests/lead-endpoint.spec.ts:292:3 › POST /api/lead — per-form schemas › rejects a questionnaire with more answers than the ceiling (1ms)
submit-lead: no Supabase credentials. Set SUPABASE_URL and SUPABASE_SECRET_KEY (or SUPABASE_SERVICE_ROLE_KEY) in the Netlify environment, scoped to Functions.
  ✓  112 [node] › tests/lead-endpoint.spec.ts:300:3 › POST /api/lead — per-form schemas › rejects an answers value that is not a list (1ms)
  ✓  113 [node] › tests/lead-endpoint.spec.ts:313:3 › POST /api/lead — per-form schemas › drops an undeclared field instead of losing the whole submission (0ms)
{"event":"reject","submissionId":"45932508-1651-4eb8-99f2-b7fac3915f9a","formType":null,"locale":null,"route":null,"fieldCount":0,"format":"canonical","code":"VALIDATION_FAILED"}
  ✓  114 [node] › tests/lead-endpoint.spec.ts:306:3 › POST /api/lead — per-form schemas › rejects an out-of-enum branch identifier (3ms)
{"event":"drop.honeypot","submissionId":"ffcc9de8-a0d6-40b2-9d09-47e2482fd205","formType":null,"locale":null,"route":null,"fieldCount":0,"format":"canonical"}
{"event":"drop.honeypot","submissionId":"fdc38033-71f3-4db2-9ba0-9bbb09b26ea3","formType":null,"locale":null,"route":null,"fieldCount":0,"format":"canonical"}
{"event":"drop.tooFast","submissionId":"3e783379-2189-4e1b-95bb-6b9a06223494","formType":null,"locale":null,"route":null,"fieldCount":0,"format":"canonical","elapsedMs":800}
  ✓  115 [node] › tests/lead-endpoint.spec.ts:340:3 › POST /api/lead — spam and abuse › a dropped submission is shaped exactly like a stored one (1ms)
  ✓  116 [node] › tests/lead-endpoint.spec.ts:328:3 › POST /api/lead — spam and abuse › drops a filled honeypot, and says nothing about it (1ms)
  ✓  117 [node] › tests/lead-endpoint.spec.ts:346:3 › POST /api/lead — spam and abuse › drops a submission completed faster than a human could read it (0ms)
{"event":"drop.honeypot","submissionId":"41a2831e-161d-4aa8-a67d-361f3f736fe3","formType":null,"locale":null,"route":null,"fieldCount":0,"format":"canonical"}
{"event":"reject","submissionId":"bc78c618-976d-4d4c-8e99-9f4243c3cffd","formType":null,"locale":null,"route":null,"fieldCount":0,"format":"canonical","code":"VALIDATION_FAILED"}
submit-lead: no Supabase credentials. Set SUPABASE_URL and SUPABASE_SECRET_KEY (or SUPABASE_SERVICE_ROLE_KEY) in the Netlify environment, scoped to Functions.
submit-lead: no Supabase credentials. Set SUPABASE_URL and SUPABASE_SECRET_KEY (or SUPABASE_SERVICE_ROLE_KEY) in the Netlify environment, scoped to Functions.
submit-lead: no Supabase credentials. Set SUPABASE_URL and SUPABASE_SECRET_KEY (or SUPABASE_SERVICE_ROLE_KEY) in the Netlify environment, scoped to Functions.
submit-lead: no Supabase credentials. Set SUPABASE_URL and SUPABASE_SECRET_KEY (or SUPABASE_SERVICE_ROLE_KEY) in the Netlify environment, scoped to Functions.
submit-lead: no Supabase credentials. Set SUPABASE_URL and SUPABASE_SECRET_KEY (or SUPABASE_SERVICE_ROLE_KEY) in the Netlify environment, scoped to Functions.
submit-lead: no Supabase credentials. Set SUPABASE_URL and SUPABASE_SECRET_KEY (or SUPABASE_SERVICE_ROLE_KEY) in the Netlify environment, scoped to Functions.
submit-lead: no Supabase credentials. Set SUPABASE_URL and SUPABASE_SECRET_KEY (or SUPABASE_SERVICE_ROLE_KEY) in the Netlify environment, scoped to Functions.
submit-lead: no Supabase credentials. Set SUPABASE_URL and SUPABASE_SECRET_KEY (or SUPABASE_SERVICE_ROLE_KEY) in the Netlify environment, scoped to Functions.
submit-lead: no Supabase credentials. Set SUPABASE_URL and SUPABASE_SECRET_KEY (or SUPABASE_SERVICE_ROLE_KEY) in the Netlify environment, scoped to Functions.
submit-lead: no Supabase credentials. Set SUPABASE_URL and SUPABASE_SECRET_KEY (or SUPABASE_SERVICE_ROLE_KEY) in the Netlify environment, scoped to Functions.
submit-lead: no Supabase credentials. Set SUPABASE_URL and SUPABASE_SECRET_KEY (or SUPABASE_SERVICE_ROLE_KEY) in the Netlify environment, scoped to Functions.
  ✓  118 [node] › tests/lead-endpoint.spec.ts:353:3 › POST /api/lead — spam and abuse › the spam gates run before validation, so a bot learns nothing (0ms)
  ✓  121 [node] › tests/lead-endpoint.spec.ts:388:3 › POST /api/lead — what it never says › never echoes anything back that could name a column or a table (0ms)
  ✓  120 [node] › tests/lead-endpoint.spec.ts:364:3 › POST /api/lead — spam and abuse › rate limits repeated submissions from one address (1ms)
  ✓  119 [node] › tests/lead-endpoint.spec.ts:379:3 › POST /api/lead — spam and abuse › one address being limited does not limit anyone else (1ms)
submit-lead: no Supabase credentials. Set SUPABASE_URL and SUPABASE_SECRET_KEY (or SUPABASE_SERVICE_ROLE_KEY) in the Netlify environment, scoped to Functions.
{"event":"reject","submissionId":"d846175e-ee13-40f0-bb54-5fbb1ad0bce9","formType":null,"locale":null,"route":null,"fieldCount":0,"format":"canonical","code":"UNSUPPORTED_FORM_TYPE"}
{"event":"stored","submissionId":"93174038-523a-4c6f-a614-a9faa130e978","formType":"questionnaire","locale":"de","route":"/de/angebot.html","fieldCount":8,"leadId":"lead-1","format":"canonical"}
{"event":"stored","submissionId":"d2453a7b-b2f2-46e9-8cdc-5a54dae5cf81","formType":"questionnaire","locale":"de","route":"/de/angebot.html","fieldCount":8,"leadId":"lead-2","format":"canonical"}
  ✓  122 [node] › tests/lead-endpoint.spec.ts:395:3 › POST /api/lead — what it never says › never carries the submitter address back (0ms)
  ✓  125 [node] › tests/lead-endpoint.spec.ts:502:3 › POST /api/lead — the store › routes the enterprise branch by its locale-invariant identifier (0ms)
  ✓  123 [node] › tests/lead-endpoint.spec.ts:401:3 › POST /api/lead — what it never says › every failure carries a stable code and a safe message (2ms)
{"event":"stored","submissionId":"1638b5f4-9756-4a99-a91b-221426966323","formType":"newsletter","locale":"hu","route":"/rolunk.html","fieldCount":1,"leadId":"lead-3","format":"canonical"}
{"event":"idempotent.replay","submissionId":"672849c0-93e0-4a4d-a0e6-c45bd7f08172","formType":"contact","locale":"hu","route":"/ugyfelszolgalat.html","fieldCount":8,"leadId":"lead-original"}
  ✓  124 [node] › tests/lead-endpoint.spec.ts:457:3 › POST /api/lead — the store › writes a normalised row, with the payload as data (5ms)
  ✓  126 [node] › tests/lead-endpoint.spec.ts:513:3 › POST /api/lead — the store › newsletter gets the stand-in name the NOT NULL column needs (1ms)
  ✓  127 [node] › tests/lead-endpoint.spec.ts:524:3 › POST /api/lead — the store › a duplicate submissionId returns the original lead, not a second one (1ms)
submit-lead insert failed: 23502 null value in column "name" of relation "leads"
{"event":"stored","submissionId":"a5dcb15b-85d1-4806-9e73-59cb7f23c4a9","formType":"newsletter","locale":"hu","route":null,"fieldCount":2,"leadId":"legacy-newsletter","format":"legacy"}
{"event":"stored","submissionId":"7a162168-9987-44fd-9ce9-a2b0c02c23d1","formType":"contact","locale":"hu","route":null,"fieldCount":5,"leadId":"legacy-contact","format":"legacy"}
  ✓  128 [node] › tests/lead-endpoint.spec.ts:540:3 › POST /api/lead — the store › an insert failure is a 500 that names nothing (1ms)
{"event":"stored","submissionId":"2d65dda9-0021-4efb-9f5c-8d5585b1420c","formType":"impact","locale":"en","route":null,"fieldCount":7,"leadId":"legacy-impact","format":"legacy"}
  ✓  129 [node] › tests/lead-endpoint.spec.ts:611:5 › mixed-version rollout — the old client still works › a legacy newsletter request is accepted and stored (1ms)
  ✓  131 [node] › tests/lead-endpoint.spec.ts:611:5 › mixed-version rollout — the old client still works › a legacy impact request is accepted and stored (1ms)
  ✓  130 [node] › tests/lead-endpoint.spec.ts:611:5 › mixed-version rollout — the old client still works › a legacy contact request is accepted and stored (2ms)
{"event":"stored","submissionId":"c1636abf-ce1d-403e-b1e6-8b717ff956df","formType":"questionnaire","locale":"de","route":null,"fieldCount":9,"leadId":"legacy-questionnaire","format":"legacy"}
  ✓  132 [node] › tests/lead-endpoint.spec.ts:611:5 › mixed-version rollout — the old client still works › a legacy questionnaire request is accepted and stored (2ms)
{"event":"stored","submissionId":"942414fc-bb3c-43b4-bd2a-7725eacd192b","formType":"contact","locale":"hu","route":null,"fieldCount":5,"leadId":"x","format":"legacy"}
{"event":"stored","submissionId":"38f9806c-5bf6-45c7-be3c-01db51b4c44d","formType":"newsletter","locale":"hu","route":null,"fieldCount":2,"leadId":"x","format":"legacy"}
{"event":"stored","submissionId":"f8916f41-6bf8-4cb8-8295-e492811c3567","formType":"contact","locale":"hu","route":null,"fieldCount":5,"leadId":"x","format":"legacy"}
  ✓  133 [node] › tests/lead-endpoint.spec.ts:640:3 › mixed-version rollout — the old client still works › a legacy newsletter gets the stand-in name, exactly as the old server did (0ms)
  ✓  135 [node] › tests/lead-endpoint.spec.ts:648:3 › mixed-version rollout — the old client still works › a legacy body is not held to the new per-form schemas (0ms)
  ✓  134 [node] › tests/lead-endpoint.spec.ts:660:3 › mixed-version rollout — the old client still works › legacy over-long values are truncated, not rejected (1ms)
{"event":"reject","submissionId":"3f0eea77-b9ca-4c31-8d27-13163cba95c9","formType":null,"locale":null,"route":null,"fieldCount":0,"format":"legacy","code":"VALIDATION_FAILED"}
{"event":"reject","submissionId":"77be970d-c455-45d0-b31a-b40b25d3c5c3","formType":null,"locale":null,"route":null,"fieldCount":0,"format":"legacy","code":"VALIDATION_FAILED"}
{"event":"drop.honeypot","submissionId":"cde2105c-7464-4523-b8de-d7b254752c1a","formType":null,"locale":null,"route":null,"fieldCount":0,"format":"legacy"}
{"event":"stored","submissionId":"02e74f25-c7df-4f60-a188-9b7c076d5ccb","formType":"contact","locale":"hu","route":null,"fieldCount":5,"leadId":"x","format":"legacy"}
{"event":"drop.tooFast","submissionId":"56019306-250f-4694-8d0a-9a17555ce45c","formType":null,"locale":null,"route":null,"fieldCount":0,"format":"legacy","elapsedMs":800}
  ✓  136 [node] › tests/lead-endpoint.spec.ts:671:3 › mixed-version rollout — the old client still works › legacy validation reproduces the old rules, and the old error shape (1ms)
{"event":"fields.dropped","submissionId":"2edcc5f6-08b6-432f-aa12-dfac8a7276f2","formType":"contact","locale":"hu","route":null,"fieldCount":5,"format":"legacy","dropped":["status","ip_hash","id","created_at","submission_id","nonsense"]}
{"event":"stored","submissionId":"2edcc5f6-08b6-432f-aa12-dfac8a7276f2","formType":"contact","locale":"hu","route":null,"fieldCount":5,"leadId":"x","format":"legacy"}
  ✓  138 [node] › tests/lead-endpoint.spec.ts:696:3 › mixed-version rollout — the old client still works › the honeypot never reaches a column, in either contract (0ms)
  ✓  137 [node] › tests/lead-endpoint.spec.ts:685:3 › mixed-version rollout — the old client still works › legacy spam gates read the old field names (1ms)
{"event":"fields.dropped","submissionId":"d980ebca-c7a1-473a-bc2a-fcc2d9a61a0a","formType":"contact","locale":"hu","route":"/ugyfelszolgalat.html","fieldCount":8,"format":"canonical","dropped":["status","surprise"]}
{"event":"stored","submissionId":"d980ebca-c7a1-473a-bc2a-fcc2d9a61a0a","formType":"contact","locale":"hu","route":"/ugyfelszolgalat.html","fieldCount":8,"leadId":"x","format":"canonical"}
  ✓  139 [node] › tests/lead-endpoint.spec.ts:706:3 › mixed-version rollout — the old client still works › an unknown legacy key cannot reach a column (1ms)
{"event":"reject","submissionId":"1ba3d6d9-562e-4fb0-af48-e6ea0cc487f1","formType":null,"locale":null,"route":null,"fieldCount":0,"format":"canonical","code":"VALIDATION_FAILED"}
{"event":"reject","submissionId":"626f34a9-2f3f-441e-a718-8816a99eeaa7","formType":null,"locale":null,"route":null,"fieldCount":0,"format":"canonical","code":"UNSUPPORTED_FORM_TYPE"}
  ✓  140 [node] › tests/lead-endpoint.spec.ts:732:3 › mixed-version rollout — the old client still works › an unknown *canonical* field is dropped without losing the submission (1ms)
  ✓  142 [node] › tests/lead-endpoint.spec.ts:765:3 › mixed-version rollout — the old client still works › a half-built envelope is answered as an envelope, not as gibberish (1ms)
submit-lead: no Supabase credentials. Set SUPABASE_URL and SUPABASE_SECRET_KEY (or SUPABASE_SERVICE_ROLE_KEY) in the Netlify environment, scoped to Functions.
submit-lead: no Supabase credentials. Set SUPABASE_URL and SUPABASE_SECRET_KEY (or SUPABASE_SERVICE_ROLE_KEY) in the Netlify environment, scoped to Functions.
{"event":"idempotent.replay","submissionId":"1b9e24ab-cda5-47d7-8821-d640358a6e67","formType":"contact","locale":"hu","route":"/ugyfelszolgalat.html","fieldCount":8,"leadId":"lead-original"}
  ✓  141 [node] › tests/lead-endpoint.spec.ts:748:3 › mixed-version rollout — the old client still works › a body matching neither contract is refused (2ms)
submit-lead: no Supabase credentials. Set SUPABASE_URL and SUPABASE_SECRET_KEY (or SUPABASE_SERVICE_ROLE_KEY) in the Netlify environment, scoped to Functions.
submit-lead: no Supabase credentials. Set SUPABASE_URL and SUPABASE_SECRET_KEY (or SUPABASE_SERVICE_ROLE_KEY) in the Netlify environment, scoped to Functions.
{"event":"reject","submissionId":"172bb1f5-6db0-4d14-9f43-ab4b26d1eb1b","formType":null,"locale":null,"route":null,"fieldCount":0,"format":"canonical","code":"VALIDATION_FAILED"}
{"event":"stored","submissionId":"0397f1cd-50f7-430e-a738-30b68a586440","formType":"contact","locale":"hu","route":null,"fieldCount":5,"leadId":"x","format":"legacy"}
{"event":"stored","submissionId":"657b24a3-4a52-4427-9c8a-1aefd00e7c35","formType":"contact","locale":"hu","route":null,"fieldCount":5,"leadId":"x","format":"legacy"}
  ✓  144 [node] › tests/lead-endpoint.spec.ts:790:3 › mixed-version rollout — the old client still works › canonical idempotency still holds while the adapter is in place (1ms)
  ✓  143 [node] › tests/lead-endpoint.spec.ts:778:3 › mixed-version rollout — the old client still works › canonical requests are unaffected by the adapter (1ms)
submit-lead: the Supabase client could not be created: Cannot find package '@supabase/supabase-js' imported from /var/task/submit-lead.mjs
  ✓  145 [node] › tests/lead-endpoint.spec.ts:805:3 › mixed-version rollout — the old client still works › two legacy requests are two leads — the documented limitation (1ms)
  ✓  146 [node] › tests/lead-endpoint.spec.ts:847:3 › POST /api/lead — the store cannot be reached › an SDK that will not load is a clean 503, not a stack trace (1ms)
submit-lead: no Supabase credentials. Set SUPABASE_URL and SUPABASE_SECRET_KEY (or SUPABASE_SERVICE_ROLE_KEY) in the Netlify environment, scoped to Functions.
  ✓  147 [node] › tests/lead-endpoint.spec.ts:873:3 › POST /api/lead — the store cannot be reached › a store that returns null is the same clean 503 (0ms)
  ✓  149 [node] › tests/lead-notify.spec.ts:72:3 › with no transport configured › is the default, so an unconfigured deploy is silent rather than broken (0ms)
  ✓  148 [node] › tests/lead-notify.spec.ts:60:3 › with no transport configured › sends nothing and says so (1ms)
  ✓  151 [node] › tests/lead-notify.spec.ts:121:3 › the payload › the field list is closed, not a filtered copy of the input (1ms)
  ✓  150 [node] › tests/lead-notify.spec.ts:83:3 › the payload › carries the identifiers and the route (1ms)
  ✓  152 [node] › tests/lead-notify.spec.ts:96:3 › the payload › carries no personal data whatsoever (3ms)
{"event":"notify.sent","leadId":"a1b2c3d4-0000-4000-8000-000000000001","formType":"contact"}
  ✓  153 [node] › tests/lead-notify.spec.ts:137:3 › the payload › renders without configuration on a destination that only shows text (1ms)
  ✓  155 [node] › tests/lead-notify.spec.ts:132:3 › the payload › links to the Portal on the origin this deploy is serving (1ms)
lead-notify: LEAD_NOTIFY_WEBHOOK_URL must be https, got http:. Nothing was sent.
  ✓  154 [node] › tests/lead-notify.spec.ts:149:3 › the webhook transport › POSTs JSON to the configured endpoint (2ms)
  ✓  156 [node] › tests/lead-notify.spec.ts:167:3 › the webhook transport › refuses a plain http endpoint (1ms)
lead-notify: unknown LEAD_NOTIFY_TRANSPORT "slack"; expected "none" or "webhook". Nothing was sent.
lead-notify: LEAD_NOTIFY_WEBHOOK_URL is not a URL. Nothing was sent.
  ✓  158 [node] › tests/lead-notify.spec.ts:189:3 › the webhook transport › refuses an unknown transport rather than guessing one (1ms)
  ✓  157 [node] › tests/lead-notify.spec.ts:181:3 › the webhook transport › refuses a URL that is not a URL (1ms)
lead-notify: https://hooks.example.com answered 500 for lead a1b2c3d4-0000-4000-8000-000000000001. The lead is stored; the notification is not.
lead-notify: https://hooks.example.com answered 404 for lead a1b2c3d4-0000-4000-8000-000000000001. The lead is stored; the notification is not.
  ✓  159 [node] › tests/lead-notify.spec.ts:214:5 › never at the lead's expense › the destination answers 500: resolves false, never throws (1ms)
  ✓  160 [node] › tests/lead-notify.spec.ts:214:5 › never at the lead's expense › the destination answers 404: resolves false, never throws (1ms)
lead-notify: https://hooks.example.com answered 502 for lead a1b2c3d4-0000-4000-8000-000000000001. The lead is stored; the notification is not.
{"event":"stored","submissionId":"0ffeb0d3-3895-4ecd-991d-3434e5f6a206","formType":"newsletter","locale":"hu","route":"/rolunk.html","fieldCount":1,"leadId":"lead-123","format":"canonical"}
lead-notify: could not reach https://hooks.example.com for lead a1b2c3d4-0000-4000-8000-000000000001 — Error. The lead is stored; the notification is not.
  ✓  162 [node] › tests/lead-notify.spec.ts:214:5 › never at the lead's expense › the destination answers with nonsense: resolves false, never throws (1ms)
  ✓  164 [node] › tests/lead-notify.spec.ts:260:3 › never at the lead's expense › a submission still succeeds when the notification fails (2ms)
  ✓  161 [node] › tests/lead-notify.spec.ts:214:5 › never at the lead's expense › the destination is unreachable: resolves false, never throws (2ms)
  ✓  165 [node] › tests/lead-endpoint.spec.ts:138:3 › POST /api/lead — transport › refuses a body that is not JSON (4ms)
  ✓  166 [node] › tests/lead-endpoint.spec.ts:132:3 › POST /api/lead — transport › refuses a body that is not declared as JSON (4ms)
  ✓  167 [node] › tests/lead-endpoint.spec.ts:126:3 › POST /api/lead — transport › refuses anything that is not a POST (4ms)
  ✓  168 [node] › tests/lead-endpoint.spec.ts:144:3 › POST /api/lead — transport › refuses an oversized body on the declared length alone (1ms)
submit-lead: no Supabase credentials. Set SUPABASE_URL and SUPABASE_SECRET_KEY (or SUPABASE_SERVICE_ROLE_KEY) in the Netlify environment, scoped to Functions.
  ✓  169 [node] › tests/lead-endpoint.spec.ts:152:3 › POST /api/lead — transport › refuses an oversized body that lied about its length (1ms)
{"event":"reject","submissionId":"not-a-uuid","formType":null,"locale":null,"route":null,"fieldCount":0,"format":"canonical","code":"INVALID_SUBMISSION_ID"}
{"event":"reject","submissionId":"f61605d0-c75b-40de-a90d-5b40f7545f2a","formType":null,"locale":null,"route":null,"fieldCount":0,"format":"canonical","code":"INVALID_SUBMISSION_ID"}
  ✓  170 [node] › tests/lead-endpoint.spec.ts:158:3 › POST /api/lead — transport › answers with no-store so nothing caches a submission result (2ms)
  ✓  171 [node] › tests/lead-endpoint.spec.ts:166:3 › POST /api/lead — the envelope › refuses a submissionId that is not a UUID (1ms)
  ✓  172 [node] › tests/lead-endpoint.spec.ts:172:3 › POST /api/lead — the envelope › refuses a missing submissionId (1ms)
{"event":"reject","submissionId":"7ab345fb-3589-4121-852d-b4649250622d","formType":null,"locale":null,"route":null,"fieldCount":0,"format":"canonical","code":"UNSUPPORTED_LOCALE"}
{"event":"reject","submissionId":"b29d2694-c2c9-4ff3-9ca7-7e15cf3f4617","formType":null,"locale":null,"route":null,"fieldCount":0,"format":"canonical","code":"UNSUPPORTED_FORM_TYPE"}
{"event":"reject","submissionId":"99c2e6df-8879-4862-aed5-2d7eb42cb74a","formType":null,"locale":null,"route":null,"fieldCount":0,"format":"canonical","code":"INVALID_ROUTE"}
  ✓  174 [node] › tests/lead-endpoint.spec.ts:186:3 › POST /api/lead — the envelope › refuses an unsupported locale (1ms)
{"event":"reject","submissionId":"88344dd9-f4eb-4909-b2d4-09dae78c1338","formType":null,"locale":null,"route":null,"fieldCount":0,"format":"canonical","code":"INVALID_ROUTE"}
  ✓  173 [node] › tests/lead-endpoint.spec.ts:180:3 › POST /api/lead — the envelope › refuses an unsupported form type (1ms)
{"event":"reject","submissionId":"f64ecbcd-9a26-41c6-b7ea-20bf1e094411","formType":null,"locale":null,"route":null,"fieldCount":0,"format":"canonical","code":"INVALID_ROUTE"}
  ✓  175 [node] › tests/lead-endpoint.spec.ts:192:3 › POST /api/lead — the envelope › refuses a route that is not a same-site path (2ms)
submit-lead: no Supabase credentials. Set SUPABASE_URL and SUPABASE_SECRET_KEY (or SUPABASE_SERVICE_ROLE_KEY) in the Netlify environment, scoped to Functions.
{"event":"reject","submissionId":"62ebca4a-cddb-43f5-bf88-7a7e8a01fe78","formType":null,"locale":null,"route":null,"fieldCount":0,"format":"canonical","code":"VALIDATION_FAILED"}
  ✓  176 [node] › tests/lead-endpoint.spec.ts:200:3 › POST /api/lead — the envelope › accepts an absent route (1ms)
  ✓  177 [node] › tests/lead-endpoint.spec.ts:207:3 › POST /api/lead — the envelope › refuses fields that are not an object (0ms)
submit-lead: no Supabase credentials. Set SUPABASE_URL and SUPABASE_SECRET_KEY (or SUPABASE_SERVICE_ROLE_KEY) in the Netlify environment, scoped to Functions.
  ✓  178 [node] › tests/lead-endpoint.spec.ts:216:5 › POST /api/lead — per-form schemas › accepts a valid newsletter submission (1ms)
submit-lead: no Supabase credentials. Set SUPABASE_URL and SUPABASE_SECRET_KEY (or SUPABASE_SERVICE_ROLE_KEY) in the Netlify environment, scoped to Functions.
submit-lead: no Supabase credentials. Set SUPABASE_URL and SUPABASE_SECRET_KEY (or SUPABASE_SERVICE_ROLE_KEY) in the Netlify environment, scoped to Functions.
  ✓  179 [node] › tests/lead-endpoint.spec.ts:216:5 › POST /api/lead — per-form schemas › accepts a valid impact submission (1ms)
  ✓  180 [node] › tests/lead-endpoint.spec.ts:216:5 › POST /api/lead — per-form schemas › accepts a valid contact submission (1ms)
submit-lead: no Supabase credentials. Set SUPABASE_URL and SUPABASE_SECRET_KEY (or SUPABASE_SERVICE_ROLE_KEY) in the Netlify environment, scoped to Functions.
  ✓  181 [node] › tests/lead-endpoint.spec.ts:216:5 › POST /api/lead — per-form schemas › accepts a valid questionnaire submission (1ms)
{"event":"reject","submissionId":"2bbba2ed-18d3-4776-82b1-be815b31e065","formType":null,"locale":null,"route":null,"fieldCount":0,"format":"canonical","code":"VALIDATION_FAILED"}
submit-lead: no Supabase credentials. Set SUPABASE_URL and SUPABASE_SECRET_KEY (or SUPABASE_SERVICE_ROLE_KEY) in the Netlify environment, scoped to Functions.
submit-lead: no Supabase credentials. Set SUPABASE_URL and SUPABASE_SECRET_KEY (or SUPABASE_SERVICE_ROLE_KEY) in the Netlify environment, scoped to Functions.
  ✓  182 [node] › tests/lead-endpoint.spec.ts:232:5 › POST /api/lead — per-form schemas › answers in hu when validation fails (1ms)
  ✓  184 [node] › tests/lead-endpoint.spec.ts:226:5 › POST /api/lead — per-form schemas › accepts a contact submission in hu (0ms)
  ✓  183 [node] › tests/lead-endpoint.spec.ts:226:5 › POST /api/lead — per-form schemas › accepts a contact submission in en (0ms)
{"event":"reject","submissionId":"c5477550-9413-4ddf-8551-bca3098846d5","formType":null,"locale":null,"route":null,"fieldCount":0,"format":"canonical","code":"VALIDATION_FAILED"}
submit-lead: no Supabase credentials. Set SUPABASE_URL and SUPABASE_SECRET_KEY (or SUPABASE_SERVICE_ROLE_KEY) in the Netlify environment, scoped to Functions.
{"event":"reject","submissionId":"120b1677-3077-46bc-acba-11b236a96025","formType":null,"locale":null,"route":null,"fieldCount":0,"format":"canonical","code":"VALIDATION_FAILED"}
  ✓  185 [node] › tests/lead-endpoint.spec.ts:232:5 › POST /api/lead — per-form schemas › answers in en when validation fails (0ms)
  ✓  186 [node] › tests/lead-endpoint.spec.ts:226:5 › POST /api/lead — per-form schemas › accepts a contact submission in de (0ms)
  ✓  187 [node] › tests/lead-endpoint.spec.ts:232:5 › POST /api/lead — per-form schemas › answers in de when validation fails (1ms)
{"event":"reject","submissionId":"a9d0e713-375f-41b0-a53f-171129980adc","formType":null,"locale":null,"route":null,"fieldCount":0,"format":"canonical","code":"VALIDATION_FAILED"}
{"event":"reject","submissionId":"22f4b1d7-d1e1-4ac0-92ed-1170dbf82d29","formType":null,"locale":null,"route":null,"fieldCount":0,"format":"canonical","code":"VALIDATION_FAILED"}
{"event":"reject","submissionId":"f17c0ec3-9aa0-4c64-8241-92c6c87d96b7","formType":null,"locale":null,"route":null,"fieldCount":0,"format":"canonical","code":"VALIDATION_FAILED"}
{"event":"reject","submissionId":"5a440183-f67a-43d1-8053-4393741d30f3","formType":null,"locale":null,"route":null,"fieldCount":0,"format":"canonical","code":"VALIDATION_FAILED"}
{"event":"reject","submissionId":"60ce871f-21ef-4a1f-aa75-30d9083d2eb8","formType":null,"locale":null,"route":null,"fieldCount":0,"format":"canonical","code":"VALIDATION_FAILED"}
{"event":"reject","submissionId":"20fce3a1-c6be-4be4-8caf-e93abab93955","formType":null,"locale":null,"route":null,"fieldCount":0,"format":"canonical","code":"VALIDATION_FAILED"}
  ✓  188 [node] › tests/lead-endpoint.spec.ts:253:3 › POST /api/lead — per-form schemas › rejects an invalid email on every form that asks for one (2ms)
  ✓  189 [node] › tests/lead-endpoint.spec.ts:244:3 › POST /api/lead — per-form schemas › rejects a missing required field, and names it (1ms)
  ✓  190 [node] › tests/lead-endpoint.spec.ts:269:3 › POST /api/lead — per-form schemas › rejects an unchecked required consent (1ms)
{"event":"reject","submissionId":"6b4c77d8-4fe0-4b08-a72b-394ab2d27c73","formType":null,"locale":null,"route":null,"fieldCount":0,"format":"canonical","code":"VALIDATION_FAILED"}
{"event":"reject","submissionId":"f5edbef7-12dd-4577-b0ec-8ce1a8043002","formType":null,"locale":null,"route":null,"fieldCount":0,"format":"canonical","code":"VALIDATION_FAILED"}
submit-lead: no Supabase credentials. Set SUPABASE_URL and SUPABASE_SECRET_KEY (or SUPABASE_SERVICE_ROLE_KEY) in the Netlify environment, scoped to Functions.
  ✓  191 [node] › tests/lead-endpoint.spec.ts:285:3 › POST /api/lead — per-form schemas › rejects a field that is over its cap rather than truncating it (0ms)
  ✓  192 [node] › tests/lead-endpoint.spec.ts:292:3 › POST /api/lead — per-form schemas › rejects a questionnaire with more answers than the ceiling (0ms)
  ✓  193 [node] › tests/lead-endpoint.spec.ts:278:3 › POST /api/lead — per-form schemas › accepts an unchecked *optional* consent (0ms)
{"event":"reject","submissionId":"e2487994-9da5-4be4-a3e5-7ccdc363fe67","formType":null,"locale":null,"route":null,"fieldCount":0,"format":"canonical","code":"VALIDATION_FAILED"}
{"event":"reject","submissionId":"39d9f969-7a27-4b10-b56c-2d25acdbb344","formType":null,"locale":null,"route":null,"fieldCount":0,"format":"canonical","code":"VALIDATION_FAILED"}
submit-lead: no Supabase credentials. Set SUPABASE_URL and SUPABASE_SECRET_KEY (or SUPABASE_SERVICE_ROLE_KEY) in the Netlify environment, scoped to Functions.
  ✓  194 [node] › tests/lead-endpoint.spec.ts:300:3 › POST /api/lead — per-form schemas › rejects an answers value that is not a list (0ms)
  ✓  195 [node] › tests/lead-endpoint.spec.ts:306:3 › POST /api/lead — per-form schemas › rejects an out-of-enum branch identifier (0ms)
  ✓  196 [node] › tests/lead-endpoint.spec.ts:313:3 › POST /api/lead — per-form schemas › drops an undeclared field instead of losing the whole submission (0ms)
{"event":"drop.tooFast","submissionId":"a8267028-ab05-4506-8443-51968d551a7b","formType":null,"locale":null,"route":null,"fieldCount":0,"format":"canonical","elapsedMs":800}
  ✓  197 [node] › tests/lead-endpoint.spec.ts:346:3 › POST /api/lead — spam and abuse › drops a submission completed faster than a human could read it (0ms)
{"event":"drop.honeypot","submissionId":"69fd77b7-fd73-4f03-84e1-3112402dc382","formType":null,"locale":null,"route":null,"fieldCount":0,"format":"canonical"}
{"event":"drop.honeypot","submissionId":"6b1dc240-efbb-4b75-b74d-6f947b67b33d","formType":null,"locale":null,"route":null,"fieldCount":0,"format":"canonical"}
  ✓  199 [node] › tests/lead-endpoint.spec.ts:340:3 › POST /api/lead — spam and abuse › a dropped submission is shaped exactly like a stored one (0ms)
  ✓  198 [node] › tests/lead-endpoint.spec.ts:328:3 › POST /api/lead — spam and abuse › drops a filled honeypot, and says nothing about it (1ms)
submit-lead: no Supabase credentials. Set SUPABASE_URL and SUPABASE_SECRET_KEY (or SUPABASE_SERVICE_ROLE_KEY) in the Netlify environment, scoped to Functions.
submit-lead: no Supabase credentials. Set SUPABASE_URL and SUPABASE_SECRET_KEY (or SUPABASE_SERVICE_ROLE_KEY) in the Netlify environment, scoped to Functions.
submit-lead: no Supabase credentials. Set SUPABASE_URL and SUPABASE_SECRET_KEY (or SUPABASE_SERVICE_ROLE_KEY) in the Netlify environment, scoped to Functions.
submit-lead: no Supabase credentials. Set SUPABASE_URL and SUPABASE_SECRET_KEY (or SUPABASE_SERVICE_ROLE_KEY) in the Netlify environment, scoped to Functions.
submit-lead: no Supabase credentials. Set SUPABASE_URL and SUPABASE_SECRET_KEY (or SUPABASE_SERVICE_ROLE_KEY) in the Netlify environment, scoped to Functions.
submit-lead: no Supabase credentials. Set SUPABASE_URL and SUPABASE_SECRET_KEY (or SUPABASE_SERVICE_ROLE_KEY) in the Netlify environment, scoped to Functions.
submit-lead: no Supabase credentials. Set SUPABASE_URL and SUPABASE_SECRET_KEY (or SUPABASE_SERVICE_ROLE_KEY) in the Netlify environment, scoped to Functions.
submit-lead: no Supabase credentials. Set SUPABASE_URL and SUPABASE_SECRET_KEY (or SUPABASE_SERVICE_ROLE_KEY) in the Netlify environment, scoped to Functions.
submit-lead: no Supabase credentials. Set SUPABASE_URL and SUPABASE_SECRET_KEY (or SUPABASE_SERVICE_ROLE_KEY) in the Netlify environment, scoped to Functions.
submit-lead: no Supabase credentials. Set SUPABASE_URL and SUPABASE_SECRET_KEY (or SUPABASE_SERVICE_ROLE_KEY) in the Netlify environment, scoped to Functions.
submit-lead: no Supabase credentials. Set SUPABASE_URL and SUPABASE_SECRET_KEY (or SUPABASE_SERVICE_ROLE_KEY) in the Netlify environment, scoped to Functions.
{"event":"drop.honeypot","submissionId":"4c9a2399-9212-4265-b6ec-cd5d9f665140","formType":null,"locale":null,"route":null,"fieldCount":0,"format":"canonical"}
  ✓  201 [node] › tests/lead-endpoint.spec.ts:379:3 › POST /api/lead — spam and abuse › one address being limited does not limit anyone else (0ms)
  ✓  200 [node] › tests/lead-endpoint.spec.ts:364:3 › POST /api/lead — spam and abuse › rate limits repeated submissions from one address (1ms)
  ✓  202 [node] › tests/lead-endpoint.spec.ts:353:3 › POST /api/lead — spam and abuse › the spam gates run before validation, so a bot learns nothing (0ms)
submit-lead: no Supabase credentials. Set SUPABASE_URL and SUPABASE_SECRET_KEY (or SUPABASE_SERVICE_ROLE_KEY) in the Netlify environment, scoped to Functions.
{"event":"reject","submissionId":"6ea241ec-cb40-41ba-96c7-6a46ecb06eca","formType":null,"locale":null,"route":null,"fieldCount":0,"format":"canonical","code":"VALIDATION_FAILED"}
{"event":"reject","submissionId":"ada72a71-0558-408b-a639-c85d521664f5","formType":null,"locale":null,"route":null,"fieldCount":0,"format":"canonical","code":"UNSUPPORTED_FORM_TYPE"}
  ✓  204 [node] › tests/lead-endpoint.spec.ts:395:3 › POST /api/lead — what it never says › never carries the submitter address back (0ms)
  ✓  203 [node] › tests/lead-endpoint.spec.ts:388:3 › POST /api/lead — what it never says › never echoes anything back that could name a column or a table (0ms)
  ✓  205 [node] › tests/lead-endpoint.spec.ts:401:3 › POST /api/lead — what it never says › every failure carries a stable code and a safe message (2ms)
{"event":"stored","submissionId":"922f906e-ef52-49a7-876d-504ea061a3cb","formType":"questionnaire","locale":"de","route":"/de/angebot.html","fieldCount":8,"leadId":"lead-1","format":"canonical"}
{"event":"stored","submissionId":"0e899d1e-8c50-4b54-b692-5b612328aea5","formType":"questionnaire","locale":"de","route":"/de/angebot.html","fieldCount":8,"leadId":"lead-2","format":"canonical"}
{"event":"stored","submissionId":"e6f1b979-9491-4717-a02c-f95ca9c747fe","formType":"newsletter","locale":"hu","route":"/rolunk.html","fieldCount":1,"leadId":"lead-3","format":"canonical"}
  ✓  206 [node] › tests/lead-endpoint.spec.ts:502:3 › POST /api/lead — the store › routes the enterprise branch by its locale-invariant identifier (0ms)
{"event":"idempotent.replay","submissionId":"f2cfa4ca-2c47-4b50-a431-dbc61667152b","formType":"contact","locale":"hu","route":"/ugyfelszolgalat.html","fieldCount":8,"leadId":"lead-original"}
  ✓  208 [node] › tests/lead-endpoint.spec.ts:513:3 › POST /api/lead — the store › newsletter gets the stand-in name the NOT NULL column needs (0ms)
  ✓  207 [node] › tests/lead-endpoint.spec.ts:457:3 › POST /api/lead — the store › writes a normalised row, with the payload as data (3ms)
  ✓  209 [node] › tests/lead-endpoint.spec.ts:524:3 › POST /api/lead — the store › a duplicate submissionId returns the original lead, not a second one (1ms)
submit-lead insert failed: 23502 null value in column "name" of relation "leads"
{"event":"stored","submissionId":"2650a204-208e-48a3-96cd-f0fadeb83785","formType":"newsletter","locale":"hu","route":null,"fieldCount":2,"leadId":"legacy-newsletter","format":"legacy"}
  ✓  210 [node] › tests/lead-endpoint.spec.ts:540:3 › POST /api/lead — the store › an insert failure is a 500 that names nothing (1ms)
{"event":"stored","submissionId":"542b3407-b59d-4a42-8dff-121eaf3df5bb","formType":"contact","locale":"hu","route":null,"fieldCount":5,"leadId":"legacy-contact","format":"legacy"}
  ✓  211 [node] › tests/lead-endpoint.spec.ts:611:5 › mixed-version rollout — the old client still works › a legacy newsletter request is accepted and stored (2ms)
{"event":"stored","submissionId":"14330524-240b-43b4-b291-8f507053cced","formType":"impact","locale":"en","route":null,"fieldCount":7,"leadId":"legacy-impact","format":"legacy"}
  ✓  212 [node] › tests/lead-endpoint.spec.ts:611:5 › mixed-version rollout — the old client still works › a legacy contact request is accepted and stored (2ms)
  ✓  213 [node] › tests/lead-endpoint.spec.ts:611:5 › mixed-version rollout — the old client still works › a legacy impact request is accepted and stored (2ms)
{"event":"stored","submissionId":"52a4ee5d-af39-4924-9b0e-eadf88818ef3","formType":"contact","locale":"hu","route":null,"fieldCount":5,"leadId":"x","format":"legacy"}
{"event":"stored","submissionId":"9c57b793-b3c5-4dec-b25c-4105120e1e53","formType":"questionnaire","locale":"de","route":null,"fieldCount":9,"leadId":"legacy-questionnaire","format":"legacy"}
{"event":"stored","submissionId":"cb065acd-3e79-4fbe-96bb-0910c5de1c48","formType":"newsletter","locale":"hu","route":null,"fieldCount":2,"leadId":"x","format":"legacy"}
  ✓  215 [node] › tests/lead-endpoint.spec.ts:648:3 › mixed-version rollout — the old client still works › a legacy body is not held to the new per-form schemas (0ms)
  ✓  216 [node] › tests/lead-endpoint.spec.ts:640:3 › mixed-version rollout — the old client still works › a legacy newsletter gets the stand-in name, exactly as the old server did (0ms)
  ✓  214 [node] › tests/lead-endpoint.spec.ts:611:5 › mixed-version rollout — the old client still works › a legacy questionnaire request is accepted and stored (1ms)
{"event":"reject","submissionId":"96bebb8a-4da3-4df6-84c3-ccd45b354fae","formType":null,"locale":null,"route":null,"fieldCount":0,"format":"legacy","code":"VALIDATION_FAILED"}
{"event":"drop.honeypot","submissionId":"cc8825f0-fd8f-4c25-b62b-8987fb89c488","formType":null,"locale":null,"route":null,"fieldCount":0,"format":"legacy"}
{"event":"reject","submissionId":"471e0264-fa3f-4fd8-b4ec-465172ec813f","formType":null,"locale":null,"route":null,"fieldCount":0,"format":"legacy","code":"VALIDATION_FAILED"}
{"event":"drop.tooFast","submissionId":"52c10314-b32f-49c3-a78f-ff9fc7da4f5b","formType":null,"locale":null,"route":null,"fieldCount":0,"format":"legacy","elapsedMs":800}
{"event":"stored","submissionId":"e5e8416a-15f5-48d6-a83f-8de42ee9d1bb","formType":"contact","locale":"hu","route":null,"fieldCount":5,"leadId":"x","format":"legacy"}
  ✓  218 [node] › tests/lead-endpoint.spec.ts:685:3 › mixed-version rollout — the old client still works › legacy spam gates read the old field names (1ms)
  ✓  217 [node] › tests/lead-endpoint.spec.ts:671:3 › mixed-version rollout — the old client still works › legacy validation reproduces the old rules, and the old error shape (1ms)
  ✓  219 [node] › tests/lead-endpoint.spec.ts:660:3 › mixed-version rollout — the old client still works › legacy over-long values are truncated, not rejected (0ms)
{"event":"stored","submissionId":"7579628c-2494-40a6-aff7-352e7cad7dcf","formType":"contact","locale":"hu","route":null,"fieldCount":5,"leadId":"x","format":"legacy"}
{"event":"fields.dropped","submissionId":"06a267f2-3a67-4c5c-af9f-400fe9ed36f3","formType":"contact","locale":"hu","route":null,"fieldCount":5,"format":"legacy","dropped":["status","ip_hash","id","created_at","submission_id","nonsense"]}
{"event":"stored","submissionId":"06a267f2-3a67-4c5c-af9f-400fe9ed36f3","formType":"contact","locale":"hu","route":null,"fieldCount":5,"leadId":"x","format":"legacy"}
{"event":"fields.dropped","submissionId":"b22159e6-f276-4d0c-bbe5-ac0564a673a5","formType":"contact","locale":"hu","route":"/ugyfelszolgalat.html","fieldCount":8,"format":"canonical","dropped":["status","surprise"]}
{"event":"stored","submissionId":"b22159e6-f276-4d0c-bbe5-ac0564a673a5","formType":"contact","locale":"hu","route":"/ugyfelszolgalat.html","fieldCount":8,"leadId":"x","format":"canonical"}
  ✓  220 [node] › tests/lead-endpoint.spec.ts:696:3 › mixed-version rollout — the old client still works › the honeypot never reaches a column, in either contract (0ms)
  ✓  222 [node] › tests/lead-endpoint.spec.ts:732:3 › mixed-version rollout — the old client still works › an unknown *canonical* field is dropped without losing the submission (1ms)
  ✓  221 [node] › tests/lead-endpoint.spec.ts:706:3 › mixed-version rollout — the old client still works › an unknown legacy key cannot reach a column (1ms)
{"event":"reject","submissionId":"af78e6e4-1fe4-42d3-a47f-9b9081f619a7","formType":null,"locale":null,"route":null,"fieldCount":0,"format":"canonical","code":"VALIDATION_FAILED"}
submit-lead: no Supabase credentials. Set SUPABASE_URL and SUPABASE_SECRET_KEY (or SUPABASE_SERVICE_ROLE_KEY) in the Netlify environment, scoped to Functions.
{"event":"reject","submissionId":"bb9c0be1-e21f-4b24-a953-d6df8287e1b7","formType":null,"locale":null,"route":null,"fieldCount":0,"format":"canonical","code":"UNSUPPORTED_FORM_TYPE"}
submit-lead: no Supabase credentials. Set SUPABASE_URL and SUPABASE_SECRET_KEY (or SUPABASE_SERVICE_ROLE_KEY) in the Netlify environment, scoped to Functions.
submit-lead: no Supabase credentials. Set SUPABASE_URL and SUPABASE_SECRET_KEY (or SUPABASE_SERVICE_ROLE_KEY) in the Netlify environment, scoped to Functions.
submit-lead: no Supabase credentials. Set SUPABASE_URL and SUPABASE_SECRET_KEY (or SUPABASE_SERVICE_ROLE_KEY) in the Netlify environment, scoped to Functions.
{"event":"reject","submissionId":"85573c33-ea76-4fbe-adaa-f144d819a595","formType":null,"locale":null,"route":null,"fieldCount":0,"format":"canonical","code":"VALIDATION_FAILED"}
  ✓  224 [node] › tests/lead-endpoint.spec.ts:765:3 › mixed-version rollout — the old client still works › a half-built envelope is answered as an envelope, not as gibberish (1ms)
  ✓  225 [node] › tests/lead-endpoint.spec.ts:778:3 › mixed-version rollout — the old client still works › canonical requests are unaffected by the adapter (1ms)
  ✓  223 [node] › tests/lead-endpoint.spec.ts:748:3 › mixed-version rollout — the old client still works › a body matching neither contract is refused (2ms)
{"event":"idempotent.replay","submissionId":"5b5f893c-41ec-41a2-984d-63dacc514593","formType":"contact","locale":"hu","route":"/ugyfelszolgalat.html","fieldCount":8,"leadId":"lead-original"}
{"event":"stored","submissionId":"278d3cef-cc4d-40eb-9e84-5483aa241061","formType":"contact","locale":"hu","route":null,"fieldCount":5,"leadId":"x","format":"legacy"}
{"event":"stored","submissionId":"ae757eae-f9c6-459b-a59b-ce6269b011e0","formType":"contact","locale":"hu","route":null,"fieldCount":5,"leadId":"x","format":"legacy"}
  ✓  227 [node] › tests/lead-endpoint.spec.ts:805:3 › mixed-version rollout — the old client still works › two legacy requests are two leads — the documented limitation (1ms)
  ✓  226 [node] › tests/lead-endpoint.spec.ts:790:3 › mixed-version rollout — the old client still works › canonical idempotency still holds while the adapter is in place (3ms)
submit-lead: the Supabase client could not be created: Cannot find package '@supabase/supabase-js' imported from /var/task/submit-lead.mjs
  ✓  228 [node] › tests/lead-endpoint.spec.ts:847:3 › POST /api/lead — the store cannot be reached › an SDK that will not load is a clean 503, not a stack trace (1ms)
submit-lead: no Supabase credentials. Set SUPABASE_URL and SUPABASE_SECRET_KEY (or SUPABASE_SERVICE_ROLE_KEY) in the Netlify environment, scoped to Functions.
  ✓  229 [node] › tests/lead-endpoint.spec.ts:873:3 › POST /api/lead — the store cannot be reached › a store that returns null is the same clean 503 (0ms)
  ✓  230 [node] › tests/lead-notify.spec.ts:60:3 › with no transport configured › sends nothing and says so (1ms)
  ✓  231 [node] › tests/lead-notify.spec.ts:72:3 › with no transport configured › is the default, so an unconfigured deploy is silent rather than broken (0ms)
  ✓  232 [node] › tests/lead-notify.spec.ts:121:3 › the payload › the field list is closed, not a filtered copy of the input (1ms)
  ✓  233 [node] › tests/lead-notify.spec.ts:83:3 › the payload › carries the identifiers and the route (1ms)
  ✓  234 [node] › tests/lead-notify.spec.ts:96:3 › the payload › carries no personal data whatsoever (2ms)
  ✓  235 [node] › tests/lead-notify.spec.ts:132:3 › the payload › links to the Portal on the origin this deploy is serving (0ms)
lead-notify: LEAD_NOTIFY_WEBHOOK_URL must be https, got http:. Nothing was sent.
{"event":"notify.sent","leadId":"a1b2c3d4-0000-4000-8000-000000000001","formType":"contact"}
  ✓  236 [node] › tests/lead-notify.spec.ts:137:3 › the payload › renders without configuration on a destination that only shows text (1ms)
  ✓  238 [node] › tests/lead-notify.spec.ts:167:3 › the webhook transport › refuses a plain http endpoint (1ms)
  ✓  237 [node] › tests/lead-notify.spec.ts:149:3 › the webhook transport › POSTs JSON to the configured endpoint (2ms)
lead-notify: LEAD_NOTIFY_WEBHOOK_URL is not a URL. Nothing was sent.
lead-notify: unknown LEAD_NOTIFY_TRANSPORT "slack"; expected "none" or "webhook". Nothing was sent.
  ✓  239 [node] › tests/lead-notify.spec.ts:181:3 › the webhook transport › refuses a URL that is not a URL (0ms)
lead-notify: https://hooks.example.com answered 500 for lead a1b2c3d4-0000-4000-8000-000000000001. The lead is stored; the notification is not.
  ✓  240 [node] › tests/lead-notify.spec.ts:189:3 › the webhook transport › refuses an unknown transport rather than guessing one (0ms)
  ✓  241 [node] › tests/lead-notify.spec.ts:214:5 › never at the lead's expense › the destination answers 500: resolves false, never throws (1ms)
lead-notify: https://hooks.example.com answered 404 for lead a1b2c3d4-0000-4000-8000-000000000001. The lead is stored; the notification is not.
  ✓  242 [node] › tests/lead-notify.spec.ts:214:5 › never at the lead's expense › the destination answers 404: resolves false, never throws (1ms)
lead-notify: https://hooks.example.com answered 502 for lead a1b2c3d4-0000-4000-8000-000000000001. The lead is stored; the notification is not.
lead-notify: could not reach https://hooks.example.com for lead a1b2c3d4-0000-4000-8000-000000000001 — Error. The lead is stored; the notification is not.
  ✓  243 [node] › tests/lead-notify.spec.ts:214:5 › never at the lead's expense › the destination answers with nonsense: resolves false, never throws (1ms)
  ✓  244 [node] › tests/lead-notify.spec.ts:214:5 › never at the lead's expense › the destination is unreachable: resolves false, never throws (1ms)
{"event":"stored","submissionId":"31902d78-14ab-4e40-b047-882ccd10ae58","formType":"newsletter","locale":"hu","route":"/rolunk.html","fieldCount":1,"leadId":"lead-123","format":"canonical"}
  ✓  246 [node] › tests/lead-notify.spec.ts:260:3 › never at the lead's expense › a submission still succeeds when the notification fails (2ms)
  ✓  247 [node] › tests/lead-endpoint.spec.ts:132:3 › POST /api/lead — transport › refuses a body that is not declared as JSON (4ms)
  ✓  248 [node] › tests/lead-endpoint.spec.ts:126:3 › POST /api/lead — transport › refuses anything that is not a POST (4ms)
  ✓  249 [node] › tests/lead-endpoint.spec.ts:138:3 › POST /api/lead — transport › refuses a body that is not JSON (1ms)
  ✓  250 [node] › tests/lead-endpoint.spec.ts:144:3 › POST /api/lead — transport › refuses an oversized body on the declared length alone (1ms)
submit-lead: no Supabase credentials. Set SUPABASE_URL and SUPABASE_SECRET_KEY (or SUPABASE_SERVICE_ROLE_KEY) in the Netlify environment, scoped to Functions.
  ✓  251 [node] › tests/lead-endpoint.spec.ts:152:3 › POST /api/lead — transport › refuses an oversized body that lied about its length (1ms)
  ✓  252 [node] › tests/lead-endpoint.spec.ts:158:3 › POST /api/lead — transport › answers with no-store so nothing caches a submission result (1ms)
{"event":"reject","submissionId":"not-a-uuid","formType":null,"locale":null,"route":null,"fieldCount":0,"format":"canonical","code":"INVALID_SUBMISSION_ID"}
{"event":"reject","submissionId":"a407e601-5ac3-4d06-8925-b836f4125d1c","formType":null,"locale":null,"route":null,"fieldCount":0,"format":"canonical","code":"INVALID_SUBMISSION_ID"}
  ✓  253 [node] › tests/lead-endpoint.spec.ts:166:3 › POST /api/lead — the envelope › refuses a submissionId that is not a UUID (1ms)
  ✓  254 [node] › tests/lead-endpoint.spec.ts:172:3 › POST /api/lead — the envelope › refuses a missing submissionId (0ms)
{"event":"reject","submissionId":"c5c39ba0-2d04-453a-8d50-4560c24e9404","formType":null,"locale":null,"route":null,"fieldCount":0,"format":"canonical","code":"UNSUPPORTED_FORM_TYPE"}
{"event":"reject","submissionId":"7be6106b-e572-41ef-af68-95c9d059d549","formType":null,"locale":null,"route":null,"fieldCount":0,"format":"canonical","code":"UNSUPPORTED_LOCALE"}
  ✓  255 [node] › tests/lead-endpoint.spec.ts:180:3 › POST /api/lead — the envelope › refuses an unsupported form type (0ms)
  ✓  256 [node] › tests/lead-endpoint.spec.ts:186:3 › POST /api/lead — the envelope › refuses an unsupported locale (0ms)
{"event":"reject","submissionId":"14a9c552-b98f-4473-8c85-eca581820753","formType":null,"locale":null,"route":null,"fieldCount":0,"format":"canonical","code":"INVALID_ROUTE"}
{"event":"reject","submissionId":"56a6e383-3ba9-4c12-a63a-1785c600fcb2","formType":null,"locale":null,"route":null,"fieldCount":0,"format":"canonical","code":"INVALID_ROUTE"}
{"event":"reject","submissionId":"02c7485a-f245-4086-ab42-5ac3ec55547d","formType":null,"locale":null,"route":null,"fieldCount":0,"format":"canonical","code":"INVALID_ROUTE"}
submit-lead: no Supabase credentials. Set SUPABASE_URL and SUPABASE_SECRET_KEY (or SUPABASE_SERVICE_ROLE_KEY) in the Netlify environment, scoped to Functions.
  ✓  257 [node] › tests/lead-endpoint.spec.ts:192:3 › POST /api/lead — the envelope › refuses a route that is not a same-site path (1ms)
  ✓  258 [node] › tests/lead-endpoint.spec.ts:200:3 › POST /api/lead — the envelope › accepts an absent route (0ms)
{"event":"reject","submissionId":"c363bb9f-72ab-4eca-bb8c-7fab35656976","formType":null,"locale":null,"route":null,"fieldCount":0,"format":"canonical","code":"VALIDATION_FAILED"}
submit-lead: no Supabase credentials. Set SUPABASE_URL and SUPABASE_SECRET_KEY (or SUPABASE_SERVICE_ROLE_KEY) in the Netlify environment, scoped to Functions.
  ✓  259 [node] › tests/lead-endpoint.spec.ts:216:5 › POST /api/lead — per-form schemas › accepts a valid newsletter submission (0ms)
  ✓  260 [node] › tests/lead-endpoint.spec.ts:207:3 › POST /api/lead — the envelope › refuses fields that are not an object (0ms)
submit-lead: no Supabase credentials. Set SUPABASE_URL and SUPABASE_SECRET_KEY (or SUPABASE_SERVICE_ROLE_KEY) in the Netlify environment, scoped to Functions.
submit-lead: no Supabase credentials. Set SUPABASE_URL and SUPABASE_SECRET_KEY (or SUPABASE_SERVICE_ROLE_KEY) in the Netlify environment, scoped to Functions.
  ✓  262 [node] › tests/lead-endpoint.spec.ts:216:5 › POST /api/lead — per-form schemas › accepts a valid impact submission (0ms)
  ✓  261 [node] › tests/lead-endpoint.spec.ts:216:5 › POST /api/lead — per-form schemas › accepts a valid contact submission (1ms)
submit-lead: no Supabase credentials. Set SUPABASE_URL and SUPABASE_SECRET_KEY (or SUPABASE_SERVICE_ROLE_KEY) in the Netlify environment, scoped to Functions.
submit-lead: no Supabase credentials. Set SUPABASE_URL and SUPABASE_SECRET_KEY (or SUPABASE_SERVICE_ROLE_KEY) in the Netlify environment, scoped to Functions.
  ✓  263 [node] › tests/lead-endpoint.spec.ts:216:5 › POST /api/lead — per-form schemas › accepts a valid questionnaire submission (0ms)
  ✓  264 [node] › tests/lead-endpoint.spec.ts:226:5 › POST /api/lead — per-form schemas › accepts a contact submission in hu (0ms)
{"event":"reject","submissionId":"cfcc9db8-97de-49cc-9221-1524477467fa","formType":null,"locale":null,"route":null,"fieldCount":0,"format":"canonical","code":"VALIDATION_FAILED"}
submit-lead: no Supabase credentials. Set SUPABASE_URL and SUPABASE_SECRET_KEY (or SUPABASE_SERVICE_ROLE_KEY) in the Netlify environment, scoped to Functions.
  ✓  266 [node] › tests/lead-endpoint.spec.ts:226:5 › POST /api/lead — per-form schemas › accepts a contact submission in en (0ms)
  ✓  265 [node] › tests/lead-endpoint.spec.ts:232:5 › POST /api/lead — per-form schemas › answers in hu when validation fails (0ms)
{"event":"reject","submissionId":"0e834103-b3ca-43d5-b73b-f4f5918bbb1a","formType":null,"locale":null,"route":null,"fieldCount":0,"format":"canonical","code":"VALIDATION_FAILED"}
submit-lead: no Supabase credentials. Set SUPABASE_URL and SUPABASE_SECRET_KEY (or SUPABASE_SERVICE_ROLE_KEY) in the Netlify environment, scoped to Functions.
  ✓  268 [node] › tests/lead-endpoint.spec.ts:226:5 › POST /api/lead — per-form schemas › accepts a contact submission in de (0ms)
  ✓  267 [node] › tests/lead-endpoint.spec.ts:232:5 › POST /api/lead — per-form schemas › answers in en when validation fails (0ms)
{"event":"reject","submissionId":"22423719-a4ab-48cf-a6f5-968ddc54f7eb","formType":null,"locale":null,"route":null,"fieldCount":0,"format":"canonical","code":"VALIDATION_FAILED"}
{"event":"reject","submissionId":"71ba431c-0b49-4bbc-b8e5-2d295598b1b8","formType":null,"locale":null,"route":null,"fieldCount":0,"format":"canonical","code":"VALIDATION_FAILED"}
  ✓  269 [node] › tests/lead-endpoint.spec.ts:232:5 › POST /api/lead — per-form schemas › answers in de when validation fails (0ms)
  ✓  270 [node] › tests/lead-endpoint.spec.ts:244:3 › POST /api/lead — per-form schemas › rejects a missing required field, and names it (0ms)
{"event":"reject","submissionId":"0a418e20-d0fb-405a-96da-b6425ef98530","formType":null,"locale":null,"route":null,"fieldCount":0,"format":"canonical","code":"VALIDATION_FAILED"}
{"event":"reject","submissionId":"0893cb6e-9e62-4e79-9504-ddbd9d28038c","formType":null,"locale":null,"route":null,"fieldCount":0,"format":"canonical","code":"VALIDATION_FAILED"}
{"event":"reject","submissionId":"5a846b56-318a-4ead-9172-82d70238fb10","formType":null,"locale":null,"route":null,"fieldCount":0,"format":"canonical","code":"VALIDATION_FAILED"}
{"event":"reject","submissionId":"acb9d00b-78ce-40da-8d82-6e8ef4cfc90f","formType":null,"locale":null,"route":null,"fieldCount":0,"format":"canonical","code":"VALIDATION_FAILED"}
{"event":"reject","submissionId":"dad743d5-34a5-4d0d-95d4-a83d7e209d02","formType":null,"locale":null,"route":null,"fieldCount":0,"format":"canonical","code":"VALIDATION_FAILED"}
  ✓  272 [node] › tests/lead-endpoint.spec.ts:269:3 › POST /api/lead — per-form schemas › rejects an unchecked required consent (0ms)
  ✓  271 [node] › tests/lead-endpoint.spec.ts:253:3 › POST /api/lead — per-form schemas › rejects an invalid email on every form that asks for one (1ms)
submit-lead: no Supabase credentials. Set SUPABASE_URL and SUPABASE_SECRET_KEY (or SUPABASE_SERVICE_ROLE_KEY) in the Netlify environment, scoped to Functions.
{"event":"reject","submissionId":"7e8d2ee7-db31-42f2-b136-42c5ae515da0","formType":null,"locale":null,"route":null,"fieldCount":0,"format":"canonical","code":"VALIDATION_FAILED"}
  ✓  273 [node] › tests/lead-endpoint.spec.ts:278:3 › POST /api/lead — per-form schemas › accepts an unchecked *optional* consent (0ms)
  ✓  274 [node] › tests/lead-endpoint.spec.ts:285:3 › POST /api/lead — per-form schemas › rejects a field that is over its cap rather than truncating it (0ms)
{"event":"reject","submissionId":"76bd822f-469b-422d-aeb0-f79f4ddccf21","formType":null,"locale":null,"route":null,"fieldCount":0,"format":"canonical","code":"VALIDATION_FAILED"}
{"event":"reject","submissionId":"c7ddd88c-2631-49cb-a239-9e47134b0c5f","formType":null,"locale":null,"route":null,"fieldCount":0,"format":"canonical","code":"VALIDATION_FAILED"}
  ✓  275 [node] › tests/lead-endpoint.spec.ts:292:3 › POST /api/lead — per-form schemas › rejects a questionnaire with more answers than the ceiling (0ms)
  ✓  276 [node] › tests/lead-endpoint.spec.ts:300:3 › POST /api/lead — per-form schemas › rejects an answers value that is not a list (0ms)
{"event":"reject","submissionId":"60cceb30-d17a-4dc4-93b7-441845882697","formType":null,"locale":null,"route":null,"fieldCount":0,"format":"canonical","code":"VALIDATION_FAILED"}
submit-lead: no Supabase credentials. Set SUPABASE_URL and SUPABASE_SECRET_KEY (or SUPABASE_SERVICE_ROLE_KEY) in the Netlify environment, scoped to Functions.
  ✓  277 [node] › tests/lead-endpoint.spec.ts:306:3 › POST /api/lead — per-form schemas › rejects an out-of-enum branch identifier (0ms)
  ✓  278 [node] › tests/lead-endpoint.spec.ts:313:3 › POST /api/lead — per-form schemas › drops an undeclared field instead of losing the whole submission (0ms)
{"event":"drop.honeypot","submissionId":"59ccd2a6-a748-49cd-b3e2-9fd8ab1c7ce1","formType":null,"locale":null,"route":null,"fieldCount":0,"format":"canonical"}
{"event":"drop.honeypot","submissionId":"f4007703-d93b-46d6-be05-bcb895c61803","formType":null,"locale":null,"route":null,"fieldCount":0,"format":"canonical"}
  ✓  279 [node] › tests/lead-endpoint.spec.ts:328:3 › POST /api/lead — spam and abuse › drops a filled honeypot, and says nothing about it (0ms)
  ✓  280 [node] › tests/lead-endpoint.spec.ts:340:3 › POST /api/lead — spam and abuse › a dropped submission is shaped exactly like a stored one (0ms)
{"event":"drop.tooFast","submissionId":"f8f3f87f-b94e-441d-9ad0-fe39b1163870","formType":null,"locale":null,"route":null,"fieldCount":0,"format":"canonical","elapsedMs":800}
{"event":"drop.honeypot","submissionId":"deee7fa1-40bb-4953-aae4-0642fe59ee05","formType":null,"locale":null,"route":null,"fieldCount":0,"format":"canonical"}
  ✓  281 [node] › tests/lead-endpoint.spec.ts:346:3 › POST /api/lead — spam and abuse › drops a submission completed faster than a human could read it (0ms)
  ✓  282 [node] › tests/lead-endpoint.spec.ts:353:3 › POST /api/lead — spam and abuse › the spam gates run before validation, so a bot learns nothing (0ms)
submit-lead: no Supabase credentials. Set SUPABASE_URL and SUPABASE_SECRET_KEY (or SUPABASE_SERVICE_ROLE_KEY) in the Netlify environment, scoped to Functions.
submit-lead: no Supabase credentials. Set SUPABASE_URL and SUPABASE_SECRET_KEY (or SUPABASE_SERVICE_ROLE_KEY) in the Netlify environment, scoped to Functions.
submit-lead: no Supabase credentials. Set SUPABASE_URL and SUPABASE_SECRET_KEY (or SUPABASE_SERVICE_ROLE_KEY) in the Netlify environment, scoped to Functions.
submit-lead: no Supabase credentials. Set SUPABASE_URL and SUPABASE_SECRET_KEY (or SUPABASE_SERVICE_ROLE_KEY) in the Netlify environment, scoped to Functions.
submit-lead: no Supabase credentials. Set SUPABASE_URL and SUPABASE_SECRET_KEY (or SUPABASE_SERVICE_ROLE_KEY) in the Netlify environment, scoped to Functions.
submit-lead: no Supabase credentials. Set SUPABASE_URL and SUPABASE_SECRET_KEY (or SUPABASE_SERVICE_ROLE_KEY) in the Netlify environment, scoped to Functions.
submit-lead: no Supabase credentials. Set SUPABASE_URL and SUPABASE_SECRET_KEY (or SUPABASE_SERVICE_ROLE_KEY) in the Netlify environment, scoped to Functions.
submit-lead: no Supabase credentials. Set SUPABASE_URL and SUPABASE_SECRET_KEY (or SUPABASE_SERVICE_ROLE_KEY) in the Netlify environment, scoped to Functions.
submit-lead: no Supabase credentials. Set SUPABASE_URL and SUPABASE_SECRET_KEY (or SUPABASE_SERVICE_ROLE_KEY) in the Netlify environment, scoped to Functions.
submit-lead: no Supabase credentials. Set SUPABASE_URL and SUPABASE_SECRET_KEY (or SUPABASE_SERVICE_ROLE_KEY) in the Netlify environment, scoped to Functions.
submit-lead: no Supabase credentials. Set SUPABASE_URL and SUPABASE_SECRET_KEY (or SUPABASE_SERVICE_ROLE_KEY) in the Netlify environment, scoped to Functions.
  ✓  283 [node] › tests/lead-endpoint.spec.ts:364:3 › POST /api/lead — spam and abuse › rate limits repeated submissions from one address (1ms)
  ✓  284 [node] › tests/lead-endpoint.spec.ts:379:3 › POST /api/lead — spam and abuse › one address being limited does not limit anyone else (1ms)
{"event":"reject","submissionId":"23aaa496-9dfd-4356-afbb-d6ed88a1386b","formType":null,"locale":null,"route":null,"fieldCount":0,"format":"canonical","code":"VALIDATION_FAILED"}
submit-lead: no Supabase credentials. Set SUPABASE_URL and SUPABASE_SECRET_KEY (or SUPABASE_SERVICE_ROLE_KEY) in the Netlify environment, scoped to Functions.
  ✓  285 [node] › tests/lead-endpoint.spec.ts:388:3 › POST /api/lead — what it never says › never echoes anything back that could name a column or a table (0ms)
  ✓  286 [node] › tests/lead-endpoint.spec.ts:395:3 › POST /api/lead — what it never says › never carries the submitter address back (0ms)
{"event":"reject","submissionId":"0d61c0f6-c8df-45d0-a458-e4546179a3c6","formType":null,"locale":null,"route":null,"fieldCount":0,"format":"canonical","code":"UNSUPPORTED_FORM_TYPE"}
{"event":"stored","submissionId":"ef46bbc4-dab1-4294-92af-4bda6e5f2a73","formType":"questionnaire","locale":"de","route":"/de/angebot.html","fieldCount":8,"leadId":"lead-1","format":"canonical"}
  ✓  287 [node] › tests/lead-endpoint.spec.ts:401:3 › POST /api/lead — what it never says › every failure carries a stable code and a safe message (3ms)
  ✓  288 [node] › tests/lead-endpoint.spec.ts:457:3 › POST /api/lead — the store › writes a normalised row, with the payload as data (4ms)
{"event":"stored","submissionId":"24268e69-bee0-40ab-b9ea-7357bcc19298","formType":"questionnaire","locale":"de","route":"/de/angebot.html","fieldCount":8,"leadId":"lead-2","format":"canonical"}
{"event":"stored","submissionId":"8ee305fb-5f39-4e95-a013-5b1630e2e8b2","formType":"newsletter","locale":"hu","route":"/rolunk.html","fieldCount":1,"leadId":"lead-3","format":"canonical"}
  ✓  289 [node] › tests/lead-endpoint.spec.ts:502:3 › POST /api/lead — the store › routes the enterprise branch by its locale-invariant identifier (0ms)
  ✓  290 [node] › tests/lead-endpoint.spec.ts:513:3 › POST /api/lead — the store › newsletter gets the stand-in name the NOT NULL column needs (0ms)
{"event":"idempotent.replay","submissionId":"aca68c61-8a25-4be8-9cbd-aeacf62e4afc","formType":"contact","locale":"hu","route":"/ugyfelszolgalat.html","fieldCount":8,"leadId":"lead-original"}
  ✓  291 [node] › tests/lead-endpoint.spec.ts:524:3 › POST /api/lead — the store › a duplicate submissionId returns the original lead, not a second one (1ms)
submit-lead insert failed: 23502 null value in column "name" of relation "leads"
{"event":"stored","submissionId":"d892b2cc-de3d-4fec-b97f-f4350854f8a8","formType":"newsletter","locale":"hu","route":null,"fieldCount":2,"leadId":"legacy-newsletter","format":"legacy"}
  ✓  292 [node] › tests/lead-endpoint.spec.ts:540:3 › POST /api/lead — the store › an insert failure is a 500 that names nothing (1ms)
{"event":"stored","submissionId":"9e30de8b-741e-4c58-9cbe-f53e273171b4","formType":"contact","locale":"hu","route":null,"fieldCount":5,"leadId":"legacy-contact","format":"legacy"}
  ✓  293 [node] › tests/lead-endpoint.spec.ts:611:5 › mixed-version rollout — the old client still works › a legacy newsletter request is accepted and stored (1ms)
{"event":"stored","submissionId":"9daebd4a-5276-4a38-b60b-423c50dcdc77","formType":"impact","locale":"en","route":null,"fieldCount":7,"leadId":"legacy-impact","format":"legacy"}
  ✓  294 [node] › tests/lead-endpoint.spec.ts:611:5 › mixed-version rollout — the old client still works › a legacy contact request is accepted and stored (1ms)
  ✓  295 [node] › tests/lead-endpoint.spec.ts:611:5 › mixed-version rollout — the old client still works › a legacy impact request is accepted and stored (1ms)
{"event":"stored","submissionId":"35cf26ba-8f34-4469-84e6-f6611ca6dba2","formType":"questionnaire","locale":"de","route":null,"fieldCount":9,"leadId":"legacy-questionnaire","format":"legacy"}
{"event":"stored","submissionId":"3e5436d0-dddd-42e2-b0c2-855aaa945473","formType":"newsletter","locale":"hu","route":null,"fieldCount":2,"leadId":"x","format":"legacy"}
  ✓  296 [node] › tests/lead-endpoint.spec.ts:611:5 › mixed-version rollout — the old client still works › a legacy questionnaire request is accepted and stored (1ms)
  ✓  297 [node] › tests/lead-endpoint.spec.ts:640:3 › mixed-version rollout — the old client still works › a legacy newsletter gets the stand-in name, exactly as the old server did (0ms)
{"event":"stored","submissionId":"101da01a-3ec4-4d38-acb8-1b498e49806c","formType":"contact","locale":"hu","route":null,"fieldCount":5,"leadId":"x","format":"legacy"}
{"event":"stored","submissionId":"b13b70a0-8e7e-4ac1-b20b-58220e01850e","formType":"contact","locale":"hu","route":null,"fieldCount":5,"leadId":"x","format":"legacy"}
  ✓  298 [node] › tests/lead-endpoint.spec.ts:648:3 › mixed-version rollout — the old client still works › a legacy body is not held to the new per-form schemas (0ms)
  ✓  299 [node] › tests/lead-endpoint.spec.ts:660:3 › mixed-version rollout — the old client still works › legacy over-long values are truncated, not rejected (0ms)
{"event":"reject","submissionId":"b7621a2b-c9af-4071-ac96-83570e8f4955","formType":null,"locale":null,"route":null,"fieldCount":0,"format":"legacy","code":"VALIDATION_FAILED"}
{"event":"reject","submissionId":"e9586e37-8390-4e44-a38f-a1689986e799","formType":null,"locale":null,"route":null,"fieldCount":0,"format":"legacy","code":"VALIDATION_FAILED"}
{"event":"drop.honeypot","submissionId":"a35fdd73-bf4b-4d83-b1bf-a80758a01844","formType":null,"locale":null,"route":null,"fieldCount":0,"format":"legacy"}
{"event":"drop.tooFast","submissionId":"f44a4a2e-7a8b-4b42-b7a3-58e6b0b2337f","formType":null,"locale":null,"route":null,"fieldCount":0,"format":"legacy","elapsedMs":800}
  ✓  300 [node] › tests/lead-endpoint.spec.ts:671:3 › mixed-version rollout — the old client still works › legacy validation reproduces the old rules, and the old error shape (1ms)
  ✓  301 [node] › tests/lead-endpoint.spec.ts:685:3 › mixed-version rollout — the old client still works › legacy spam gates read the old field names (0ms)
{"event":"stored","submissionId":"30560db2-99b3-4a41-b7c3-fb828fd52f8e","formType":"contact","locale":"hu","route":null,"fieldCount":5,"leadId":"x","format":"legacy"}
{"event":"fields.dropped","submissionId":"c8aa364e-dd40-4aa6-a263-03d5b1267ed3","formType":"contact","locale":"hu","route":null,"fieldCount":5,"format":"legacy","dropped":["status","ip_hash","id","created_at","submission_id","nonsense"]}
{"event":"stored","submissionId":"c8aa364e-dd40-4aa6-a263-03d5b1267ed3","formType":"contact","locale":"hu","route":null,"fieldCount":5,"leadId":"x","format":"legacy"}
  ✓  302 [node] › tests/lead-endpoint.spec.ts:696:3 › mixed-version rollout — the old client still works › the honeypot never reaches a column, in either contract (0ms)
  ✓  303 [node] › tests/lead-endpoint.spec.ts:706:3 › mixed-version rollout — the old client still works › an unknown legacy key cannot reach a column (1ms)
{"event":"fields.dropped","submissionId":"3a35b716-615b-43b5-8171-4002b7eb42ea","formType":"contact","locale":"hu","route":"/ugyfelszolgalat.html","fieldCount":8,"format":"canonical","dropped":["status","surprise"]}
{"event":"stored","submissionId":"3a35b716-615b-43b5-8171-4002b7eb42ea","formType":"contact","locale":"hu","route":"/ugyfelszolgalat.html","fieldCount":8,"leadId":"x","format":"canonical"}
  ✓  304 [node] › tests/lead-endpoint.spec.ts:732:3 › mixed-version rollout — the old client still works › an unknown *canonical* field is dropped without losing the submission (0ms)
  ✓  305 [node] › tests/lead-endpoint.spec.ts:748:3 › mixed-version rollout — the old client still works › a body matching neither contract is refused (2ms)
{"event":"reject","submissionId":"7b4c5097-0ca2-45de-b044-61fbe4bc5396","formType":null,"locale":null,"route":null,"fieldCount":0,"format":"canonical","code":"VALIDATION_FAILED"}
{"event":"reject","submissionId":"ad649987-7070-41b9-8858-1ff86072cf5c","formType":null,"locale":null,"route":null,"fieldCount":0,"format":"canonical","code":"UNSUPPORTED_FORM_TYPE"}
  ✓  306 [node] › tests/lead-endpoint.spec.ts:765:3 › mixed-version rollout — the old client still works › a half-built envelope is answered as an envelope, not as gibberish (0ms)
submit-lead: no Supabase credentials. Set SUPABASE_URL and SUPABASE_SECRET_KEY (or SUPABASE_SERVICE_ROLE_KEY) in the Netlify environment, scoped to Functions.
submit-lead: no Supabase credentials. Set SUPABASE_URL and SUPABASE_SECRET_KEY (or SUPABASE_SERVICE_ROLE_KEY) in the Netlify environment, scoped to Functions.
submit-lead: no Supabase credentials. Set SUPABASE_URL and SUPABASE_SECRET_KEY (or SUPABASE_SERVICE_ROLE_KEY) in the Netlify environment, scoped to Functions.
submit-lead: no Supabase credentials. Set SUPABASE_URL and SUPABASE_SECRET_KEY (or SUPABASE_SERVICE_ROLE_KEY) in the Netlify environment, scoped to Functions.
{"event":"reject","submissionId":"77454223-b0bd-4952-b3bf-eb1a1ea724f1","formType":null,"locale":null,"route":null,"fieldCount":0,"format":"canonical","code":"VALIDATION_FAILED"}
{"event":"idempotent.replay","submissionId":"99834cce-7aaf-47fe-8ea7-41862b5c4942","formType":"contact","locale":"hu","route":"/ugyfelszolgalat.html","fieldCount":8,"leadId":"lead-original"}
  ✓  307 [node] › tests/lead-endpoint.spec.ts:778:3 › mixed-version rollout — the old client still works › canonical requests are unaffected by the adapter (1ms)
  ✓  308 [node] › tests/lead-endpoint.spec.ts:790:3 › mixed-version rollout — the old client still works › canonical idempotency still holds while the adapter is in place (0ms)
{"event":"stored","submissionId":"34ad780a-8d03-4f59-a306-65db6dfcdddb","formType":"contact","locale":"hu","route":null,"fieldCount":5,"leadId":"x","format":"legacy"}
{"event":"stored","submissionId":"85517e6c-b465-4801-915d-ab94c815c43d","formType":"contact","locale":"hu","route":null,"fieldCount":5,"leadId":"x","format":"legacy"}
submit-lead: the Supabase client could not be created: Cannot find package '@supabase/supabase-js' imported from /var/task/submit-lead.mjs
  ✓  309 [node] › tests/lead-endpoint.spec.ts:805:3 › mixed-version rollout — the old client still works › two legacy requests are two leads — the documented limitation (1ms)
  ✓  310 [node] › tests/lead-endpoint.spec.ts:847:3 › POST /api/lead — the store cannot be reached › an SDK that will not load is a clean 503, not a stack trace (1ms)
submit-lead: no Supabase credentials. Set SUPABASE_URL and SUPABASE_SECRET_KEY (or SUPABASE_SERVICE_ROLE_KEY) in the Netlify environment, scoped to Functions.
  ✓  311 [node] › tests/lead-endpoint.spec.ts:873:3 › POST /api/lead — the store cannot be reached › a store that returns null is the same clean 503 (0ms)
  ✓  312 [node] › tests/lead-notify.spec.ts:60:3 › with no transport configured › sends nothing and says so (1ms)
  ✓  313 [node] › tests/lead-notify.spec.ts:72:3 › with no transport configured › is the default, so an unconfigured deploy is silent rather than broken (1ms)
  ✓  314 [node] › tests/lead-notify.spec.ts:83:3 › the payload › carries the identifiers and the route (2ms)
  ✓  315 [node] › tests/lead-notify.spec.ts:96:3 › the payload › carries no personal data whatsoever (2ms)
  ✓  316 [node] › tests/lead-notify.spec.ts:121:3 › the payload › the field list is closed, not a filtered copy of the input (1ms)
  ✓  317 [node] › tests/lead-notify.spec.ts:132:3 › the payload › links to the Portal on the origin this deploy is serving (1ms)
  ✓  318 [node] › tests/lead-notify.spec.ts:137:3 › the payload › renders without configuration on a destination that only shows text (1ms)
{"event":"notify.sent","leadId":"a1b2c3d4-0000-4000-8000-000000000001","formType":"contact"}
lead-notify: LEAD_NOTIFY_WEBHOOK_URL must be https, got http:. Nothing was sent.
  ✓  319 [node] › tests/lead-notify.spec.ts:149:3 › the webhook transport › POSTs JSON to the configured endpoint (1ms)
  ✓  320 [node] › tests/lead-notify.spec.ts:167:3 › the webhook transport › refuses a plain http endpoint (0ms)
lead-notify: unknown LEAD_NOTIFY_TRANSPORT "slack"; expected "none" or "webhook". Nothing was sent.
lead-notify: LEAD_NOTIFY_WEBHOOK_URL is not a URL. Nothing was sent.
  ✓  322 [node] › tests/lead-notify.spec.ts:189:3 › the webhook transport › refuses an unknown transport rather than guessing one (0ms)
  ✓  321 [node] › tests/lead-notify.spec.ts:181:3 › the webhook transport › refuses a URL that is not a URL (0ms)
lead-notify: https://hooks.example.com answered 404 for lead a1b2c3d4-0000-4000-8000-000000000001. The lead is stored; the notification is not.
lead-notify: https://hooks.example.com answered 500 for lead a1b2c3d4-0000-4000-8000-000000000001. The lead is stored; the notification is not.
  ✓  324 [node] › tests/lead-notify.spec.ts:214:5 › never at the lead's expense › the destination answers 404: resolves false, never throws (0ms)
  ✓  323 [node] › tests/lead-notify.spec.ts:214:5 › never at the lead's expense › the destination answers 500: resolves false, never throws (1ms)
lead-notify: could not reach https://hooks.example.com for lead a1b2c3d4-0000-4000-8000-000000000001 — Error. The lead is stored; the notification is not.
lead-notify: https://hooks.example.com answered 502 for lead a1b2c3d4-0000-4000-8000-000000000001. The lead is stored; the notification is not.
  ✓  325 [node] › tests/lead-notify.spec.ts:214:5 › never at the lead's expense › the destination is unreachable: resolves false, never throws (1ms)
  ✓  326 [node] › tests/lead-notify.spec.ts:214:5 › never at the lead's expense › the destination answers with nonsense: resolves false, never throws (1ms)
{"event":"stored","submissionId":"569d9257-0038-45ee-87f7-eb013856016b","formType":"newsletter","locale":"hu","route":"/rolunk.html","fieldCount":1,"leadId":"lead-123","format":"canonical"}
  ✓  328 [node] › tests/lead-notify.spec.ts:260:3 › never at the lead's expense › a submission still succeeds when the notification fails (1ms)
  ✓  329 [desktop-1440] › tests/attribution.spec.ts:41:3 › attribution — the client allow-list › captures the five UTM parameters and the landing route (346ms)
lead-notify: could not reach https://hooks.example.com for lead a1b2c3d4-0000-4000-8000-000000000001 — TimeoutError. The lead is stored; the notification is not.
  ✓   81 [node] › tests/lead-notify.spec.ts:230:3 › never at the lead's expense › a hanging destination is abandoned rather than waited on (2.0s)
  ✓  330 [desktop-1440] › tests/attribution.spec.ts:57:3 › attribution — the client allow-list › reads nothing else in the query string (156ms)
  ✓  331 [desktop-1440] › tests/attribution.spec.ts:88:3 › attribution — the client allow-list › writes nothing for a visitor with no campaign and no referrer (176ms)
lead-notify: could not reach https://hooks.example.com for lead a1b2c3d4-0000-4000-8000-000000000001 — TimeoutError. The lead is stored; the notification is not.
  ✓  163 [node] › tests/lead-notify.spec.ts:230:3 › never at the lead's expense › a hanging destination is abandoned rather than waited on (2.0s)
  ✓  333 [desktop-1440] › tests/attribution.spec.ts:94:3 › attribution — the client allow-list › strips characters a campaign label cannot contain, and caps length (236ms)
  ✓  332 [desktop-1440] › tests/attribution.spec.ts:76:3 › attribution — the client allow-list › reads no advertising click identifier (211ms)
  ✓  334 [desktop-1440] › tests/attribution.spec.ts:119:3 › attribution — the client allow-list › the landing route is a path, never a URL with a query string (172ms)
lead-notify: could not reach https://hooks.example.com for lead a1b2c3d4-0000-4000-8000-000000000001 — TimeoutError. The lead is stored; the notification is not.
  ✓  245 [node] › tests/lead-notify.spec.ts:230:3 › never at the lead's expense › a hanging destination is abandoned rather than waited on (2.0s)
  ✓  336 [desktop-1440] › tests/attribution.spec.ts:139:3 › attribution — the client allow-list › no cookie is set, and localStorage is untouched (194ms)
  ✓  338 [desktop-1440] › tests/attribution.spec.ts:189:3 › attribution — the server allow-list › declares the five UTM parameters and no click identifier (5ms)
  ✓  339 [desktop-1440] › tests/attribution.spec.ts:200:3 › attribution — the server allow-list › drops every key it does not declare (5ms)
  ✓  340 [desktop-1440] › tests/attribution.spec.ts:216:3 › attribution — the server allow-list › caps every attribution value at its declared length (1ms)
  ✓  341 [desktop-1440] › tests/attribution.spec.ts:225:3 › attribution — the server allow-list › refuses a host that is not a bare hostname (1ms)
  ✓  342 [desktop-1440] › tests/attribution.spec.ts:239:3 › attribution — the server allow-list › refuses a landing route that is not a same-site path (3ms)
  ✓  343 [desktop-1440] › tests/attribution.spec.ts:250:3 › attribution — the server allow-list › a malformed attribution value never fails the submission (2ms)
  ✓  335 [desktop-1440] › tests/attribution.spec.ts:127:3 › attribution — the client allow-list › nothing survives the session (392ms)
  ✓  337 [desktop-1440] › tests/attribution.spec.ts:106:3 › attribution — the client allow-list › the campaign survives an internal navigation, and is not overwritten by it (325ms)
lead-notify: could not reach https://hooks.example.com for lead a1b2c3d4-0000-4000-8000-000000000001 — TimeoutError. The lead is stored; the notification is not.
  ✓  327 [node] › tests/lead-notify.spec.ts:230:3 › never at the lead's expense › a hanging destination is abandoned rather than waited on (2.0s)
  ✓  344 [desktop-1440] › tests/lead-forms.spec.ts:100:3 › contact form › a valid submission reaches /api/lead with every field mapped (3.6s)
  ✓  345 [desktop-1440] › tests/lead-forms.spec.ts:129:3 › contact form › shows the success state and clears the form (3.7s)
  ✓  348 [desktop-1440] › tests/lead-forms.spec.ts:150:3 › contact form › shows the rate-limited state on 429 and lets the visitor retry (3.7s)
  ✓  347 [desktop-1440] › tests/attribution.spec.ts:150:3 › attribution — what reaches the envelope › the submitted envelope carries the campaign and the host, and no query string (4.2s)
  ✓  346 [desktop-1440] › tests/lead-forms.spec.ts:141:3 › contact form › shows a submitting state while the request is in flight (5.1s)
  ✓  349 [desktop-1440] › tests/lead-forms.spec.ts:163:3 › contact form › shows a generic server-error state on 500 (3.7s)
  ✓  350 [desktop-1440] › tests/lead-forms.spec.ts:177:3 › contact form › surfaces the server's own validation message on 422 (3.5s)
  ✓  352 [desktop-1440] › tests/lead-forms.spec.ts:211:3 › contact form › rejects a submission with no name at all (4.3s)
  ✓  353 [desktop-1440] › tests/lead-forms.spec.ts:227:3 › contact form › an empty form never reaches the network (4.3s)
  ✓  351 [desktop-1440] › tests/lead-forms.spec.ts:194:3 › contact form › rejects a malformed address in the page, before the network (5.7s)
  ✓  354 [desktop-1440] › tests/lead-forms.spec.ts:234:3 › contact form › carries a filled honeypot through untouched, for the server to drop (3.6s)
  ✓  357 [desktop-1440] › tests/lead-forms.spec.ts:277:3 › contact form › a network failure shows the failure state and keeps everything typed (3.5s)
  ✓  360 [desktop-1440] › tests/lead-forms.spec.ts:337:3 › contact form › the honeypot is hidden from sight and from the tab order (213ms)
  ✓  355 [desktop-1440] › tests/lead-forms.spec.ts:247:3 › contact form › a double click produces exactly one request (6.1s)
  ✓  358 [desktop-1440] › tests/lead-forms.spec.ts:289:3 › contact form › a retry after a failure re-sends the same submission id (3.6s)
  ✓  356 [desktop-1440] › tests/lead-forms.spec.ts:261:3 › contact form › Enter in a text field cannot slip a second request past the disabled button (6.1s)
  ✓  361 [desktop-1440] › tests/lead-forms.spec.ts:365:3 › the minimum fill wait › a backward wall-clock step during the wait cannot under-report the fill time (3.6s)
  ✓  363 [desktop-1440] › tests/lead-forms.spec.ts:434:3 › newsletter › subscribes with only an address, as its own source (3.6s)
  ✓  362 [desktop-1440] › tests/lead-forms.spec.ts:412:3 › the minimum fill wait › the wait clears the drop threshold with headroom rather than landing on it (3.9s)
  ✓  359 [desktop-1440] › tests/lead-forms.spec.ts:318:3 › contact form › a fresh enquiry after a success gets a new submission id (7.6s)
  ✓  364 [desktop-1440] › tests/lead-forms.spec.ts:457:3 › newsletter › the blog signup posts to the same endpoint (3.6s)
  ✓  369 [desktop-1440] › tests/lead-forms.spec.ts:616:3 › the deployed bundle › the shipped controller measures the fill window on a clock that cannot move (1ms)
  ✓  370 [desktop-1440] › tests/lead-forms.spec.ts:632:3 › the deployed bundle › every public form posts to the internal endpoint (16ms)
  ✓  368 [desktop-1440] › tests/lead-forms.spec.ts:587:3 › the deployed bundle › contains no Web3Forms endpoint, and no access key (64ms)
  ✓  372 [desktop-1440] › tests/lead-forms.spec.ts:679:5 › the newsletter does not claim to send anything › /en/about.html offers the form without promising delivery (278ms)
  ✓  371 [desktop-1440] › tests/lead-forms.spec.ts:679:5 › the newsletter does not claim to send anything › /rolunk.html offers the form without promising delivery (285ms)
  ✓  374 [desktop-1440] › tests/lead-forms.spec.ts:679:5 › the newsletter does not claim to send anything › /blog.html offers the form without promising delivery (210ms)
  ✓  373 [desktop-1440] › tests/lead-forms.spec.ts:679:5 › the newsletter does not claim to send anything › /de/ueber-uns.html offers the form without promising delivery (278ms)
  ✓  375 [desktop-1440] › tests/lead-forms.spec.ts:679:5 › the newsletter does not claim to send anything › /en/blog.html offers the form without promising delivery (190ms)
  ✓  376 [desktop-1440] › tests/lead-forms.spec.ts:679:5 › the newsletter does not claim to send anything › /de/blog.html offers the form without promising delivery (215ms)
  ✓  377 [desktop-1440] › tests/attribution.spec.ts:41:3 › attribution — the client allow-list › captures the five UTM parameters and the landing route (234ms)
  ✓  378 [desktop-1440] › tests/attribution.spec.ts:57:3 › attribution — the client allow-list › reads nothing else in the query string (236ms)
  ✓  379 [desktop-1440] › tests/attribution.spec.ts:76:3 › attribution — the client allow-list › reads no advertising click identifier (195ms)
  ✓  380 [desktop-1440] › tests/attribution.spec.ts:88:3 › attribution — the client allow-list › writes nothing for a visitor with no campaign and no referrer (199ms)
  ✓  381 [desktop-1440] › tests/attribution.spec.ts:94:3 › attribution — the client allow-list › strips characters a campaign label cannot contain, and caps length (256ms)
  ✓  382 [desktop-1440] › tests/attribution.spec.ts:106:3 › attribution — the client allow-list › the campaign survives an internal navigation, and is not overwritten by it (275ms)
  ✓  383 [desktop-1440] › tests/attribution.spec.ts:119:3 › attribution — the client allow-list › the landing route is a path, never a URL with a query string (201ms)
  ✓  365 [desktop-1440] › tests/lead-forms.spec.ts:472:3 › Impact Program application › maps the application into the lead schema (3.7s)
  ✓  385 [desktop-1440] › tests/attribution.spec.ts:139:3 › attribution — the client allow-list › no cookie is set, and localStorage is untouched (199ms)
  ✓  386 [desktop-1440] › tests/attribution.spec.ts:189:3 › attribution — the server allow-list › declares the five UTM parameters and no click identifier (1ms)
  ✓  387 [desktop-1440] › tests/attribution.spec.ts:200:3 › attribution — the server allow-list › drops every key it does not declare (0ms)
  ✓  388 [desktop-1440] › tests/attribution.spec.ts:216:3 › attribution — the server allow-list › caps every attribution value at its declared length (1ms)
  ✓  389 [desktop-1440] › tests/attribution.spec.ts:225:3 › attribution — the server allow-list › refuses a host that is not a bare hostname (1ms)
  ✓  390 [desktop-1440] › tests/attribution.spec.ts:239:3 › attribution — the server allow-list › refuses a landing route that is not a same-site path (1ms)
  ✓  391 [desktop-1440] › tests/attribution.spec.ts:250:3 › attribution — the server allow-list › a malformed attribution value never fails the submission (0ms)
  ✓  384 [desktop-1440] › tests/attribution.spec.ts:127:3 › attribution — the client allow-list › nothing survives the session (404ms)
  ✓  392 [desktop-1440] › tests/lead-forms.spec.ts:100:3 › contact form › a valid submission reaches /api/lead with every field mapped (3.6s)
  ✓  393 [desktop-1440] › tests/lead-forms.spec.ts:129:3 › contact form › shows the success state and clears the form (3.5s)
  ✓  394 [desktop-1440] › tests/attribution.spec.ts:150:3 › attribution — what reaches the envelope › the submitted envelope carries the campaign and the host, and no query string (3.7s)
  ✓  396 [desktop-1440] › tests/lead-forms.spec.ts:150:3 › contact form › shows the rate-limited state on 429 and lets the visitor retry (3.6s)
  ✓  397 [desktop-1440] › tests/lead-forms.spec.ts:163:3 › contact form › shows a generic server-error state on 500 (3.5s)
  ✓  395 [desktop-1440] › tests/lead-forms.spec.ts:141:3 › contact form › shows a submitting state while the request is in flight (5.2s)
  ✓  398 [desktop-1440] › tests/lead-forms.spec.ts:177:3 › contact form › surfaces the server's own validation message on 422 (3.5s)
  ✓  399 [desktop-1440] › tests/lead-forms.spec.ts:194:3 › contact form › rejects a malformed address in the page, before the network (5.7s)
  ✓  400 [desktop-1440] › tests/lead-forms.spec.ts:211:3 › contact form › rejects a submission with no name at all (5.7s)
  ✓  401 [desktop-1440] › tests/lead-forms.spec.ts:227:3 › contact form › an empty form never reaches the network (4.2s)
  ✓  402 [desktop-1440] › tests/lead-forms.spec.ts:234:3 › contact form › carries a filled honeypot through untouched, for the server to drop (3.6s)
  ✓  405 [desktop-1440] › tests/lead-forms.spec.ts:277:3 › contact form › a network failure shows the failure state and keeps everything typed (3.6s)
  ✓  403 [desktop-1440] › tests/lead-forms.spec.ts:247:3 › contact form › a double click produces exactly one request (6.1s)
  ✓  404 [desktop-1440] › tests/lead-forms.spec.ts:261:3 › contact form › Enter in a text field cannot slip a second request past the disabled button (6.0s)
  ✓  408 [desktop-1440] › tests/lead-forms.spec.ts:337:3 › contact form › the honeypot is hidden from sight and from the tab order (210ms)
  ✓  406 [desktop-1440] › tests/lead-forms.spec.ts:289:3 › contact form › a retry after a failure re-sends the same submission id (3.6s)
  ✓  367 [desktop-1440] › tests/lead-forms.spec.ts:558:3 › questionnaire › shows the rate-limited screen when the endpoint says 429 (27.5s)
  ✓  409 [desktop-1440] › tests/lead-forms.spec.ts:365:3 › the minimum fill wait › a backward wall-clock step during the wait cannot under-report the fill time (3.6s)
  ✓  366 [desktop-1440] › tests/lead-forms.spec.ts:527:3 › questionnaire › the wizard submits to /api/lead and shows the success screen (29.3s)
  ✓  410 [desktop-1440] › tests/lead-forms.spec.ts:412:3 › the minimum fill wait › the wait clears the drop threshold with headroom rather than landing on it (3.5s)
  ✓  411 [desktop-1440] › tests/lead-forms.spec.ts:434:3 › newsletter › subscribes with only an address, as its own source (3.6s)
  ✓  407 [desktop-1440] › tests/lead-forms.spec.ts:318:3 › contact form › a fresh enquiry after a success gets a new submission id (7.5s)
  ✓  416 [desktop-1440] › tests/lead-forms.spec.ts:587:3 › the deployed bundle › contains no Web3Forms endpoint, and no access key (33ms)
  ✓  417 [desktop-1440] › tests/lead-forms.spec.ts:616:3 › the deployed bundle › the shipped controller measures the fill window on a clock that cannot move (0ms)
  ✓  418 [desktop-1440] › tests/lead-forms.spec.ts:632:3 › the deployed bundle › every public form posts to the internal endpoint (12ms)
  ✓  412 [desktop-1440] › tests/lead-forms.spec.ts:457:3 › newsletter › the blog signup posts to the same endpoint (3.5s)
  ✓  419 [desktop-1440] › tests/lead-forms.spec.ts:679:5 › the newsletter does not claim to send anything › /rolunk.html offers the form without promising delivery (258ms)
  ✓  420 [desktop-1440] › tests/lead-forms.spec.ts:679:5 › the newsletter does not claim to send anything › /en/about.html offers the form without promising delivery (258ms)
  ✓  421 [desktop-1440] › tests/lead-forms.spec.ts:679:5 › the newsletter does not claim to send anything › /de/ueber-uns.html offers the form without promising delivery (260ms)
  ✓  422 [desktop-1440] › tests/lead-forms.spec.ts:679:5 › the newsletter does not claim to send anything › /blog.html offers the form without promising delivery (206ms)
  ✓  423 [desktop-1440] › tests/lead-forms.spec.ts:679:5 › the newsletter does not claim to send anything › /en/blog.html offers the form without promising delivery (179ms)
  ✓  424 [desktop-1440] › tests/lead-forms.spec.ts:679:5 › the newsletter does not claim to send anything › /de/blog.html offers the form without promising delivery (210ms)
  ✓  425 [desktop-1440] › tests/attribution.spec.ts:41:3 › attribution — the client allow-list › captures the five UTM parameters and the landing route (218ms)
  ✓  427 [desktop-1440] › tests/attribution.spec.ts:76:3 › attribution — the client allow-list › reads no advertising click identifier (200ms)
  ✓  426 [desktop-1440] › tests/attribution.spec.ts:57:3 › attribution — the client allow-list › reads nothing else in the query string (251ms)
  ✓  428 [desktop-1440] › tests/attribution.spec.ts:88:3 › attribution — the client allow-list › writes nothing for a visitor with no campaign and no referrer (199ms)
  ✓  429 [desktop-1440] › tests/attribution.spec.ts:94:3 › attribution — the client allow-list › strips characters a campaign label cannot contain, and caps length (255ms)
  ✓  431 [desktop-1440] › tests/attribution.spec.ts:119:3 › attribution — the client allow-list › the landing route is a path, never a URL with a query string (201ms)
  ✓  430 [desktop-1440] › tests/attribution.spec.ts:106:3 › attribution — the client allow-list › the campaign survives an internal navigation, and is not overwritten by it (297ms)
  ✓  413 [desktop-1440] › tests/lead-forms.spec.ts:472:3 › Impact Program application › maps the application into the lead schema (4.3s)
  ✓  433 [desktop-1440] › tests/attribution.spec.ts:139:3 › attribution — the client allow-list › no cookie is set, and localStorage is untouched (212ms)
  ✓  434 [desktop-1440] › tests/attribution.spec.ts:189:3 › attribution — the server allow-list › declares the five UTM parameters and no click identifier (5ms)
  ✓  435 [desktop-1440] › tests/attribution.spec.ts:200:3 › attribution — the server allow-list › drops every key it does not declare (0ms)
  ✓  436 [desktop-1440] › tests/attribution.spec.ts:216:3 › attribution — the server allow-list › caps every attribution value at its declared length (0ms)
  ✓  437 [desktop-1440] › tests/attribution.spec.ts:225:3 › attribution — the server allow-list › refuses a host that is not a bare hostname (4ms)
  ✓  438 [desktop-1440] › tests/attribution.spec.ts:239:3 › attribution — the server allow-list › refuses a landing route that is not a same-site path (1ms)
  ✓  439 [desktop-1440] › tests/attribution.spec.ts:250:3 › attribution — the server allow-list › a malformed attribution value never fails the submission (0ms)
  ✓  432 [desktop-1440] › tests/attribution.spec.ts:127:3 › attribution — the client allow-list › nothing survives the session (403ms)
  ✓  440 [desktop-1440] › tests/lead-forms.spec.ts:100:3 › contact form › a valid submission reaches /api/lead with every field mapped (3.6s)
  ✓  441 [desktop-1440] › tests/lead-forms.spec.ts:129:3 › contact form › shows the success state and clears the form (3.6s)
  ✓  442 [desktop-1440] › tests/attribution.spec.ts:150:3 › attribution — what reaches the envelope › the submitted envelope carries the campaign and the host, and no query string (4.2s)
  ✓  444 [desktop-1440] › tests/lead-forms.spec.ts:150:3 › contact form › shows the rate-limited state on 429 and lets the visitor retry (3.6s)
  ✓  445 [desktop-1440] › tests/lead-forms.spec.ts:163:3 › contact form › shows a generic server-error state on 500 (3.6s)
  ✓  443 [desktop-1440] › tests/lead-forms.spec.ts:141:3 › contact form › shows a submitting state while the request is in flight (5.2s)
  ✓  446 [desktop-1440] › tests/lead-forms.spec.ts:177:3 › contact form › surfaces the server's own validation message on 422 (3.6s)
  ✓  447 [desktop-1440] › tests/lead-forms.spec.ts:194:3 › contact form › rejects a malformed address in the page, before the network (4.3s)
  ✓  448 [desktop-1440] › tests/lead-forms.spec.ts:211:3 › contact form › rejects a submission with no name at all (4.3s)
  ✓  449 [desktop-1440] › tests/lead-forms.spec.ts:227:3 › contact form › an empty form never reaches the network (4.3s)
  ✓  450 [desktop-1440] › tests/lead-forms.spec.ts:234:3 › contact form › carries a filled honeypot through untouched, for the server to drop (3.6s)
  ✓  451 [desktop-1440] › tests/lead-forms.spec.ts:247:3 › contact form › a double click produces exactly one request (6.1s)
  ✓  453 [desktop-1440] › tests/lead-forms.spec.ts:277:3 › contact form › a network failure shows the failure state and keeps everything typed (3.5s)
  ✓  414 [desktop-1440] › tests/lead-forms.spec.ts:527:3 › questionnaire › the wizard submits to /api/lead and shows the success screen (23.1s)
  ✓  456 [desktop-1440] › tests/lead-forms.spec.ts:337:3 › contact form › the honeypot is hidden from sight and from the tab order (260ms)
  ✓  452 [desktop-1440] › tests/lead-forms.spec.ts:261:3 › contact form › Enter in a text field cannot slip a second request past the disabled button (6.1s)
  ✓  454 [desktop-1440] › tests/lead-forms.spec.ts:289:3 › contact form › a retry after a failure re-sends the same submission id (3.7s)
  ✓  457 [desktop-1440] › tests/lead-forms.spec.ts:365:3 › the minimum fill wait › a backward wall-clock step during the wait cannot under-report the fill time (3.6s)
  ✓  458 [desktop-1440] › tests/lead-forms.spec.ts:412:3 › the minimum fill wait › the wait clears the drop threshold with headroom rather than landing on it (3.5s)
  ✓  455 [desktop-1440] › tests/lead-forms.spec.ts:318:3 › contact form › a fresh enquiry after a success gets a new submission id (6.7s)
  ✓  459 [desktop-1440] › tests/lead-forms.spec.ts:434:3 › newsletter › subscribes with only an address, as its own source (3.7s)
  ✓  415 [desktop-1440] › tests/lead-forms.spec.ts:558:3 › questionnaire › shows the rate-limited screen when the endpoint says 429 (30.2s)
  ✓  464 [desktop-1440] › tests/lead-forms.spec.ts:587:3 › the deployed bundle › contains no Web3Forms endpoint, and no access key (53ms)
  ✓  465 [desktop-1440] › tests/lead-forms.spec.ts:616:3 › the deployed bundle › the shipped controller measures the fill window on a clock that cannot move (2ms)
  ✓  466 [desktop-1440] › tests/lead-forms.spec.ts:632:3 › the deployed bundle › every public form posts to the internal endpoint (18ms)
  ✓  460 [desktop-1440] › tests/lead-forms.spec.ts:457:3 › newsletter › the blog signup posts to the same endpoint (3.6s)
  ✓  468 [desktop-1440] › tests/lead-forms.spec.ts:679:5 › the newsletter does not claim to send anything › /en/about.html offers the form without promising delivery (252ms)
  ✓  467 [desktop-1440] › tests/lead-forms.spec.ts:679:5 › the newsletter does not claim to send anything › /rolunk.html offers the form without promising delivery (304ms)
  ✓  469 [desktop-1440] › tests/lead-forms.spec.ts:679:5 › the newsletter does not claim to send anything › /de/ueber-uns.html offers the form without promising delivery (266ms)
  ✓  470 [desktop-1440] › tests/lead-forms.spec.ts:679:5 › the newsletter does not claim to send anything › /blog.html offers the form without promising delivery (200ms)
  ✓  461 [desktop-1440] › tests/lead-forms.spec.ts:472:3 › Impact Program application › maps the application into the lead schema (3.9s)
  ✓  471 [desktop-1440] › tests/lead-forms.spec.ts:679:5 › the newsletter does not claim to send anything › /en/blog.html offers the form without promising delivery (214ms)
  ✓  472 [desktop-1440] › tests/lead-forms.spec.ts:679:5 › the newsletter does not claim to send anything › /de/blog.html offers the form without promising delivery (223ms)
  ✓  473 [desktop-1440] › tests/attribution.spec.ts:41:3 › attribution — the client allow-list › captures the five UTM parameters and the landing route (257ms)
  ✓  474 [desktop-1440] › tests/attribution.spec.ts:57:3 › attribution — the client allow-list › reads nothing else in the query string (290ms)
  ✓  475 [desktop-1440] › tests/attribution.spec.ts:76:3 › attribution — the client allow-list › reads no advertising click identifier (300ms)
  ✓  476 [desktop-1440] › tests/attribution.spec.ts:88:3 › attribution — the client allow-list › writes nothing for a visitor with no campaign and no referrer (238ms)
  ✓  477 [desktop-1440] › tests/attribution.spec.ts:94:3 › attribution — the client allow-list › strips characters a campaign label cannot contain, and caps length (282ms)
  ✓  479 [desktop-1440] › tests/attribution.spec.ts:119:3 › attribution — the client allow-list › the landing route is a path, never a URL with a query string (239ms)
  ✓  478 [desktop-1440] › tests/attribution.spec.ts:106:3 › attribution — the client allow-list › the campaign survives an internal navigation, and is not overwritten by it (334ms)
  ✓  481 [desktop-1440] › tests/attribution.spec.ts:139:3 › attribution — the client allow-list › no cookie is set, and localStorage is untouched (205ms)
  ✓  483 [desktop-1440] › tests/attribution.spec.ts:189:3 › attribution — the server allow-list › declares the five UTM parameters and no click identifier (2ms)
  ✓  484 [desktop-1440] › tests/attribution.spec.ts:200:3 › attribution — the server allow-list › drops every key it does not declare (0ms)
  ✓  485 [desktop-1440] › tests/attribution.spec.ts:216:3 › attribution — the server allow-list › caps every attribution value at its declared length (1ms)
  ✓  486 [desktop-1440] › tests/attribution.spec.ts:225:3 › attribution — the server allow-list › refuses a host that is not a bare hostname (1ms)
  ✓  480 [desktop-1440] › tests/attribution.spec.ts:127:3 › attribution — the client allow-list › nothing survives the session (425ms)
  ✓  487 [desktop-1440] › tests/attribution.spec.ts:239:3 › attribution — the server allow-list › refuses a landing route that is not a same-site path (5ms)
  ✓  488 [desktop-1440] › tests/attribution.spec.ts:250:3 › attribution — the server allow-list › a malformed attribution value never fails the submission (0ms)
  ✓  490 [desktop-1440] › tests/lead-forms.spec.ts:129:3 › contact form › shows the success state and clears the form (3.6s)
  ✓  489 [desktop-1440] › tests/lead-forms.spec.ts:100:3 › contact form › a valid submission reaches /api/lead with every field mapped (3.6s)
  ✓  482 [desktop-1440] › tests/attribution.spec.ts:150:3 › attribution — what reaches the envelope › the submitted envelope carries the campaign and the host, and no query string (4.2s)
  ✓  492 [desktop-1440] › tests/lead-forms.spec.ts:150:3 › contact form › shows the rate-limited state on 429 and lets the visitor retry (3.6s)
  ✓  493 [desktop-1440] › tests/lead-forms.spec.ts:163:3 › contact form › shows a generic server-error state on 500 (3.5s)
  ✓  491 [desktop-1440] › tests/lead-forms.spec.ts:141:3 › contact form › shows a submitting state while the request is in flight (5.1s)
  ✓  494 [desktop-1440] › tests/lead-forms.spec.ts:177:3 › contact form › surfaces the server's own validation message on 422 (3.5s)
  ✓  496 [desktop-1440] › tests/lead-forms.spec.ts:211:3 › contact form › rejects a submission with no name at all (4.3s)
  ✓  495 [desktop-1440] › tests/lead-forms.spec.ts:194:3 › contact form › rejects a malformed address in the page, before the network (5.7s)
  ✓  497 [desktop-1440] › tests/lead-forms.spec.ts:227:3 › contact form › an empty form never reaches the network (4.3s)
  ✓  498 [desktop-1440] › tests/lead-forms.spec.ts:234:3 › contact form › carries a filled honeypot through untouched, for the server to drop (3.5s)
  ✓  499 [desktop-1440] › tests/lead-forms.spec.ts:247:3 › contact form › a double click produces exactly one request (6.1s)
  ✓  501 [desktop-1440] › tests/lead-forms.spec.ts:277:3 › contact form › a network failure shows the failure state and keeps everything typed (3.6s)
  ✓  462 [desktop-1440] › tests/lead-forms.spec.ts:527:3 › questionnaire › the wizard submits to /api/lead and shows the success screen (24.0s)
  ✓  504 [desktop-1440] › tests/lead-forms.spec.ts:337:3 › contact form › the honeypot is hidden from sight and from the tab order (220ms)
  ✓  500 [desktop-1440] › tests/lead-forms.spec.ts:261:3 › contact form › Enter in a text field cannot slip a second request past the disabled button (6.1s)
  ✓  463 [desktop-1440] › tests/lead-forms.spec.ts:558:3 › questionnaire › shows the rate-limited screen when the endpoint says 429 (24.8s)
  ✓  502 [desktop-1440] › tests/lead-forms.spec.ts:289:3 › contact form › a retry after a failure re-sends the same submission id (3.5s)
  ✓  505 [desktop-1440] › tests/lead-forms.spec.ts:365:3 › the minimum fill wait › a backward wall-clock step during the wait cannot under-report the fill time (3.5s)
  ✓  506 [desktop-1440] › tests/lead-forms.spec.ts:412:3 › the minimum fill wait › the wait clears the drop threshold with headroom rather than landing on it (3.5s)
  ✓  507 [desktop-1440] › tests/lead-forms.spec.ts:434:3 › newsletter › subscribes with only an address, as its own source (3.6s)
  ✓  508 [desktop-1440] › tests/lead-forms.spec.ts:457:3 › newsletter › the blog signup posts to the same endpoint (3.6s)
  ✓  512 [desktop-1440] › tests/lead-forms.spec.ts:587:3 › the deployed bundle › contains no Web3Forms endpoint, and no access key (61ms)
  ✓  513 [desktop-1440] › tests/lead-forms.spec.ts:616:3 › the deployed bundle › the shipped controller measures the fill window on a clock that cannot move (0ms)
  ✓  514 [desktop-1440] › tests/lead-forms.spec.ts:632:3 › the deployed bundle › every public form posts to the internal endpoint (14ms)
  ✓  515 [desktop-1440] › tests/lead-forms.spec.ts:679:5 › the newsletter does not claim to send anything › /rolunk.html offers the form without promising delivery (246ms)
  ✓  516 [desktop-1440] › tests/lead-forms.spec.ts:679:5 › the newsletter does not claim to send anything › /en/about.html offers the form without promising delivery (222ms)
  ✓  517 [desktop-1440] › tests/lead-forms.spec.ts:679:5 › the newsletter does not claim to send anything › /de/ueber-uns.html offers the form without promising delivery (252ms)
  ✓  518 [desktop-1440] › tests/lead-forms.spec.ts:679:5 › the newsletter does not claim to send anything › /blog.html offers the form without promising delivery (192ms)
  ✓  519 [desktop-1440] › tests/lead-forms.spec.ts:679:5 › the newsletter does not claim to send anything › /en/blog.html offers the form without promising delivery (208ms)
  ✓  503 [desktop-1440] › tests/lead-forms.spec.ts:318:3 › contact form › a fresh enquiry after a success gets a new submission id (7.7s)
  ✓  509 [desktop-1440] › tests/lead-forms.spec.ts:472:3 › Impact Program application › maps the application into the lead schema (3.6s)
  ✓  520 [desktop-1440] › tests/lead-forms.spec.ts:679:5 › the newsletter does not claim to send anything › /de/blog.html offers the form without promising delivery (214ms)
  ✓  521 [desktop-1920] › tests/lead-forms.spec.ts:100:3 › contact form › a valid submission reaches /api/lead with every field mapped (3.6s)
  ✓  522 [desktop-1920] › tests/lead-forms.spec.ts:129:3 › contact form › shows the success state and clears the form (3.7s)
  ✓  523 [desktop-1920] › tests/lead-forms.spec.ts:141:3 › contact form › shows a submitting state while the request is in flight (5.3s)
  ✓  524 [desktop-1920] › tests/lead-forms.spec.ts:150:3 › contact form › shows the rate-limited state on 429 and lets the visitor retry (3.6s)
  ✓  525 [desktop-1920] › tests/lead-forms.spec.ts:163:3 › contact form › shows a generic server-error state on 500 (3.5s)
  ✓  526 [desktop-1920] › tests/lead-forms.spec.ts:177:3 › contact form › surfaces the server's own validation message on 422 (3.6s)
  ✓  527 [desktop-1920] › tests/lead-forms.spec.ts:194:3 › contact form › rejects a malformed address in the page, before the network (4.3s)
  ✓  528 [desktop-1920] › tests/lead-forms.spec.ts:211:3 › contact form › rejects a submission with no name at all (5.7s)
  ✓  529 [desktop-1920] › tests/lead-forms.spec.ts:227:3 › contact form › an empty form never reaches the network (4.3s)
  ✓  530 [desktop-1920] › tests/lead-forms.spec.ts:234:3 › contact form › carries a filled honeypot through untouched, for the server to drop (3.6s)
  ✓  533 [desktop-1920] › tests/lead-forms.spec.ts:277:3 › contact form › a network failure shows the failure state and keeps everything typed (3.6s)
  ✓  531 [desktop-1920] › tests/lead-forms.spec.ts:247:3 › contact form › a double click produces exactly one request (6.1s)
  ✓  510 [desktop-1440] › tests/lead-forms.spec.ts:527:3 › questionnaire › the wizard submits to /api/lead and shows the success screen (23.1s)
  ✓  532 [desktop-1920] › tests/lead-forms.spec.ts:261:3 › contact form › Enter in a text field cannot slip a second request past the disabled button (6.1s)
  ✓  511 [desktop-1440] › tests/lead-forms.spec.ts:558:3 › questionnaire › shows the rate-limited screen when the endpoint says 429 (23.1s)
  ✓  537 [desktop-1920] › tests/lead-forms.spec.ts:337:3 › contact form › the honeypot is hidden from sight and from the tab order (396ms)
  ✓  534 [desktop-1920] › tests/lead-forms.spec.ts:289:3 › contact form › a retry after a failure re-sends the same submission id (4.0s)
  ✓  536 [desktop-1920] › tests/lead-forms.spec.ts:365:3 › the minimum fill wait › a backward wall-clock step during the wait cannot under-report the fill time (3.6s)
  ✓  538 [desktop-1920] › tests/lead-forms.spec.ts:434:3 › newsletter › subscribes with only an address, as its own source (3.8s)
  ✓  539 [desktop-1920] › tests/lead-forms.spec.ts:412:3 › the minimum fill wait › the wait clears the drop threshold with headroom rather than landing on it (3.6s)
  ✓  540 [desktop-1920] › tests/lead-forms.spec.ts:457:3 › newsletter › the blog signup posts to the same endpoint (3.6s)
  ✓  544 [desktop-1920] › tests/lead-forms.spec.ts:587:3 › the deployed bundle › contains no Web3Forms endpoint, and no access key (55ms)
  ✓  545 [desktop-1920] › tests/lead-forms.spec.ts:616:3 › the deployed bundle › the shipped controller measures the fill window on a clock that cannot move (1ms)
  ✓  546 [desktop-1920] › tests/lead-forms.spec.ts:632:3 › the deployed bundle › every public form posts to the internal endpoint (17ms)
  ✓  541 [desktop-1920] › tests/lead-forms.spec.ts:472:3 › Impact Program application › maps the application into the lead schema (3.6s)
  ✓  547 [desktop-1920] › tests/lead-forms.spec.ts:679:5 › the newsletter does not claim to send anything › /rolunk.html offers the form without promising delivery (267ms)
  ✓  535 [desktop-1920] › tests/lead-forms.spec.ts:318:3 › contact form › a fresh enquiry after a success gets a new submission id (7.5s)
  ✓  548 [desktop-1920] › tests/lead-forms.spec.ts:679:5 › the newsletter does not claim to send anything › /en/about.html offers the form without promising delivery (328ms)
  ✓  549 [desktop-1920] › tests/lead-forms.spec.ts:679:5 › the newsletter does not claim to send anything › /de/ueber-uns.html offers the form without promising delivery (314ms)
  ✓  550 [desktop-1920] › tests/lead-forms.spec.ts:679:5 › the newsletter does not claim to send anything › /blog.html offers the form without promising delivery (248ms)
  ✓  551 [desktop-1920] › tests/lead-forms.spec.ts:679:5 › the newsletter does not claim to send anything › /en/blog.html offers the form without promising delivery (252ms)
  ✓  552 [desktop-1920] › tests/lead-forms.spec.ts:679:5 › the newsletter does not claim to send anything › /de/blog.html offers the form without promising delivery (267ms)
  ✓  553 [desktop-1920] › tests/lead-forms.spec.ts:100:3 › contact form › a valid submission reaches /api/lead with every field mapped (3.6s)
  ✓  554 [desktop-1920] › tests/lead-forms.spec.ts:129:3 › contact form › shows the success state and clears the form (3.7s)
  ✓  555 [desktop-1920] › tests/lead-forms.spec.ts:141:3 › contact form › shows a submitting state while the request is in flight (5.2s)
  ✓  556 [desktop-1920] › tests/lead-forms.spec.ts:150:3 › contact form › shows the rate-limited state on 429 and lets the visitor retry (3.5s)
  ✓  557 [desktop-1920] › tests/lead-forms.spec.ts:163:3 › contact form › shows a generic server-error state on 500 (3.6s)
  ✓  558 [desktop-1920] › tests/lead-forms.spec.ts:177:3 › contact form › surfaces the server's own validation message on 422 (3.6s)
  ✓  559 [desktop-1920] › tests/lead-forms.spec.ts:194:3 › contact form › rejects a malformed address in the page, before the network (4.3s)
  ✓  560 [desktop-1920] › tests/lead-forms.spec.ts:211:3 › contact form › rejects a submission with no name at all (4.3s)
  ✓  561 [desktop-1920] › tests/lead-forms.spec.ts:227:3 › contact form › an empty form never reaches the network (4.3s)
  ✓  562 [desktop-1920] › tests/lead-forms.spec.ts:234:3 › contact form › carries a filled honeypot through untouched, for the server to drop (3.5s)
  ✓  563 [desktop-1920] › tests/lead-forms.spec.ts:247:3 › contact form › a double click produces exactly one request (6.1s)
  ✓  565 [desktop-1920] › tests/lead-forms.spec.ts:277:3 › contact form › a network failure shows the failure state and keeps everything typed (3.6s)
  ✓  564 [desktop-1920] › tests/lead-forms.spec.ts:261:3 › contact form › Enter in a text field cannot slip a second request past the disabled button (6.2s)
  ✓  568 [desktop-1920] › tests/lead-forms.spec.ts:337:3 › contact form › the honeypot is hidden from sight and from the tab order (236ms)
  ✓  566 [desktop-1920] › tests/lead-forms.spec.ts:289:3 › contact form › a retry after a failure re-sends the same submission id (3.6s)
  ✓  543 [desktop-1920] › tests/lead-forms.spec.ts:558:3 › questionnaire › shows the rate-limited screen when the endpoint says 429 (26.1s)
  ✓  569 [desktop-1920] › tests/lead-forms.spec.ts:365:3 › the minimum fill wait › a backward wall-clock step during the wait cannot under-report the fill time (3.6s)
  ✓  542 [desktop-1920] › tests/lead-forms.spec.ts:527:3 › questionnaire › the wizard submits to /api/lead and shows the success screen (27.0s)
  ✓  570 [desktop-1920] › tests/lead-forms.spec.ts:412:3 › the minimum fill wait › the wait clears the drop threshold with headroom rather than landing on it (3.6s)
  ✓  567 [desktop-1920] › tests/lead-forms.spec.ts:318:3 › contact form › a fresh enquiry after a success gets a new submission id (7.5s)
  ✓  571 [desktop-1920] › tests/lead-forms.spec.ts:434:3 › newsletter › subscribes with only an address, as its own source (3.7s)
  ✓  576 [desktop-1920] › tests/lead-forms.spec.ts:587:3 › the deployed bundle › contains no Web3Forms endpoint, and no access key (55ms)
  ✓  577 [desktop-1920] › tests/lead-forms.spec.ts:616:3 › the deployed bundle › the shipped controller measures the fill window on a clock that cannot move (0ms)
  ✓  578 [desktop-1920] › tests/lead-forms.spec.ts:632:3 › the deployed bundle › every public form posts to the internal endpoint (13ms)
  ✓  572 [desktop-1920] › tests/lead-forms.spec.ts:457:3 › newsletter › the blog signup posts to the same endpoint (3.6s)
  ✓  579 [desktop-1920] › tests/lead-forms.spec.ts:679:5 › the newsletter does not claim to send anything › /rolunk.html offers the form without promising delivery (318ms)
  ✓  580 [desktop-1920] › tests/lead-forms.spec.ts:679:5 › the newsletter does not claim to send anything › /en/about.html offers the form without promising delivery (288ms)
  ✓  582 [desktop-1920] › tests/lead-forms.spec.ts:679:5 › the newsletter does not claim to send anything › /blog.html offers the form without promising delivery (236ms)
  ✓  581 [desktop-1920] › tests/lead-forms.spec.ts:679:5 › the newsletter does not claim to send anything › /de/ueber-uns.html offers the form without promising delivery (313ms)
  ✓  583 [desktop-1920] › tests/lead-forms.spec.ts:679:5 › the newsletter does not claim to send anything › /en/blog.html offers the form without promising delivery (218ms)
  ✓  584 [desktop-1920] › tests/lead-forms.spec.ts:679:5 › the newsletter does not claim to send anything › /de/blog.html offers the form without promising delivery (211ms)
  ✓  573 [desktop-1920] › tests/lead-forms.spec.ts:472:3 › Impact Program application › maps the application into the lead schema (5.4s)
  ✓  586 [desktop-1920] › tests/lead-forms.spec.ts:129:3 › contact form › shows the success state and clears the form (3.6s)
  ✓  585 [desktop-1920] › tests/lead-forms.spec.ts:100:3 › contact form › a valid submission reaches /api/lead with every field mapped (3.8s)
  ✓  587 [desktop-1920] › tests/lead-forms.spec.ts:141:3 › contact form › shows a submitting state while the request is in flight (5.1s)
  ✓  588 [desktop-1920] › tests/lead-forms.spec.ts:150:3 › contact form › shows the rate-limited state on 429 and lets the visitor retry (3.6s)
  ✓  589 [desktop-1920] › tests/lead-forms.spec.ts:163:3 › contact form › shows a generic server-error state on 500 (3.6s)
  ✓  590 [desktop-1920] › tests/lead-forms.spec.ts:177:3 › contact form › surfaces the server's own validation message on 422 (3.6s)
  ✓  591 [desktop-1920] › tests/lead-forms.spec.ts:194:3 › contact form › rejects a malformed address in the page, before the network (4.3s)
  ✓  592 [desktop-1920] › tests/lead-forms.spec.ts:211:3 › contact form › rejects a submission with no name at all (4.3s)
  ✓  593 [desktop-1920] › tests/lead-forms.spec.ts:227:3 › contact form › an empty form never reaches the network (4.3s)
  ✓  594 [desktop-1920] › tests/lead-forms.spec.ts:234:3 › contact form › carries a filled honeypot through untouched, for the server to drop (3.7s)
  ✓  595 [desktop-1920] › tests/lead-forms.spec.ts:247:3 › contact form › a double click produces exactly one request (6.1s)
  ✓  597 [desktop-1920] › tests/lead-forms.spec.ts:277:3 › contact form › a network failure shows the failure state and keeps everything typed (3.6s)
  ✓  596 [desktop-1920] › tests/lead-forms.spec.ts:261:3 › contact form › Enter in a text field cannot slip a second request past the disabled button (6.1s)
  ✓  600 [desktop-1920] › tests/lead-forms.spec.ts:337:3 › contact form › the honeypot is hidden from sight and from the tab order (217ms)
  ✓  575 [desktop-1920] › tests/lead-forms.spec.ts:558:3 › questionnaire › shows the rate-limited screen when the endpoint says 429 (23.4s)
  ✓  598 [desktop-1920] › tests/lead-forms.spec.ts:289:3 › contact form › a retry after a failure re-sends the same submission id (3.7s)
  ✓  574 [desktop-1920] › tests/lead-forms.spec.ts:527:3 › questionnaire › the wizard submits to /api/lead and shows the success screen (26.1s)
  ✓  601 [desktop-1920] › tests/lead-forms.spec.ts:365:3 › the minimum fill wait › a backward wall-clock step during the wait cannot under-report the fill time (3.6s)
  ✓  602 [desktop-1920] › tests/lead-forms.spec.ts:434:3 › newsletter › subscribes with only an address, as its own source (3.7s)
  ✓  603 [desktop-1920] › tests/lead-forms.spec.ts:412:3 › the minimum fill wait › the wait clears the drop threshold with headroom rather than landing on it (3.6s)
  ✓  599 [desktop-1920] › tests/lead-forms.spec.ts:318:3 › contact form › a fresh enquiry after a success gets a new submission id (6.9s)
  ✓  608 [desktop-1920] › tests/lead-forms.spec.ts:587:3 › the deployed bundle › contains no Web3Forms endpoint, and no access key (59ms)
  ✓  609 [desktop-1920] › tests/lead-forms.spec.ts:616:3 › the deployed bundle › the shipped controller measures the fill window on a clock that cannot move (2ms)
  ✓  610 [desktop-1920] › tests/lead-forms.spec.ts:632:3 › the deployed bundle › every public form posts to the internal endpoint (14ms)
  ✓  611 [desktop-1920] › tests/lead-forms.spec.ts:679:5 › the newsletter does not claim to send anything › /rolunk.html offers the form without promising delivery (282ms)
  ✓  612 [desktop-1920] › tests/lead-forms.spec.ts:679:5 › the newsletter does not claim to send anything › /en/about.html offers the form without promising delivery (271ms)
  ✓  613 [desktop-1920] › tests/lead-forms.spec.ts:679:5 › the newsletter does not claim to send anything › /de/ueber-uns.html offers the form without promising delivery (269ms)
  ✓  604 [desktop-1920] › tests/lead-forms.spec.ts:457:3 › newsletter › the blog signup posts to the same endpoint (3.6s)
  ✓  614 [desktop-1920] › tests/lead-forms.spec.ts:679:5 › the newsletter does not claim to send anything › /blog.html offers the form without promising delivery (212ms)
  ✓  615 [desktop-1920] › tests/lead-forms.spec.ts:679:5 › the newsletter does not claim to send anything › /en/blog.html offers the form without promising delivery (250ms)
  ✓  616 [desktop-1920] › tests/lead-forms.spec.ts:679:5 › the newsletter does not claim to send anything › /de/blog.html offers the form without promising delivery (235ms)
  ✓  605 [desktop-1920] › tests/lead-forms.spec.ts:472:3 › Impact Program application › maps the application into the lead schema (3.6s)
  ✓  617 [desktop-1920] › tests/lead-forms.spec.ts:100:3 › contact form › a valid submission reaches /api/lead with every field mapped (3.7s)
  ✓  618 [desktop-1920] › tests/lead-forms.spec.ts:129:3 › contact form › shows the success state and clears the form (3.7s)
  ✓  619 [desktop-1920] › tests/lead-forms.spec.ts:141:3 › contact form › shows a submitting state while the request is in flight (5.1s)
  ✓  621 [desktop-1920] › tests/lead-forms.spec.ts:163:3 › contact form › shows a generic server-error state on 500 (3.7s)
  ✓  620 [desktop-1920] › tests/lead-forms.spec.ts:150:3 › contact form › shows the rate-limited state on 429 and lets the visitor retry (3.7s)
  ✓  622 [desktop-1920] › tests/lead-forms.spec.ts:177:3 › contact form › surfaces the server's own validation message on 422 (3.9s)
  ✓  623 [desktop-1920] › tests/lead-forms.spec.ts:194:3 › contact form › rejects a malformed address in the page, before the network (4.3s)
  ✓  624 [desktop-1920] › tests/lead-forms.spec.ts:211:3 › contact form › rejects a submission with no name at all (5.8s)
  ✓  625 [desktop-1920] › tests/lead-forms.spec.ts:227:3 › contact form › an empty form never reaches the network (4.3s)
  ✓  626 [desktop-1920] › tests/lead-forms.spec.ts:234:3 › contact form › carries a filled honeypot through untouched, for the server to drop (3.6s)
  ✓  629 [desktop-1920] › tests/lead-forms.spec.ts:277:3 › contact form › a network failure shows the failure state and keeps everything typed (3.6s)
  ✓  627 [desktop-1920] › tests/lead-forms.spec.ts:247:3 › contact form › a double click produces exactly one request (6.2s)
  ✓  628 [desktop-1920] › tests/lead-forms.spec.ts:261:3 › contact form › Enter in a text field cannot slip a second request past the disabled button (6.2s)
  ✓  632 [desktop-1920] › tests/lead-forms.spec.ts:337:3 › contact form › the honeypot is hidden from sight and from the tab order (221ms)
  ✓  606 [desktop-1920] › tests/lead-forms.spec.ts:527:3 › questionnaire › the wizard submits to /api/lead and shows the success screen (24.3s)
  ✓  630 [desktop-1920] › tests/lead-forms.spec.ts:289:3 › contact form › a retry after a failure re-sends the same submission id (3.7s)
  ✓  607 [desktop-1920] › tests/lead-forms.spec.ts:558:3 › questionnaire › shows the rate-limited screen when the endpoint says 429 (26.1s)
  ✓  633 [desktop-1920] › tests/lead-forms.spec.ts:365:3 › the minimum fill wait › a backward wall-clock step during the wait cannot under-report the fill time (3.5s)
  ✓  634 [desktop-1920] › tests/lead-forms.spec.ts:412:3 › the minimum fill wait › the wait clears the drop threshold with headroom rather than landing on it (3.6s)
  ✓  635 [desktop-1920] › tests/lead-forms.spec.ts:434:3 › newsletter › subscribes with only an address, as its own source (3.7s)
  ✓  631 [desktop-1920] › tests/lead-forms.spec.ts:318:3 › contact form › a fresh enquiry after a success gets a new submission id (7.5s)
  ✓  640 [desktop-1920] › tests/lead-forms.spec.ts:587:3 › the deployed bundle › contains no Web3Forms endpoint, and no access key (54ms)
  ✓  641 [desktop-1920] › tests/lead-forms.spec.ts:616:3 › the deployed bundle › the shipped controller measures the fill window on a clock that cannot move (1ms)
  ✓  642 [desktop-1920] › tests/lead-forms.spec.ts:632:3 › the deployed bundle › every public form posts to the internal endpoint (13ms)
  ✓  643 [desktop-1920] › tests/lead-forms.spec.ts:679:5 › the newsletter does not claim to send anything › /rolunk.html offers the form without promising delivery (272ms)
  ✓  644 [desktop-1920] › tests/lead-forms.spec.ts:679:5 › the newsletter does not claim to send anything › /en/about.html offers the form without promising delivery (267ms)
  ✓  637 [desktop-1920] › tests/lead-forms.spec.ts:472:3 › Impact Program application › maps the application into the lead schema (3.6s)
  ✓  645 [desktop-1920] › tests/lead-forms.spec.ts:679:5 › the newsletter does not claim to send anything › /de/ueber-uns.html offers the form without promising delivery (281ms)
  ✓  636 [desktop-1920] › tests/lead-forms.spec.ts:457:3 › newsletter › the blog signup posts to the same endpoint (3.7s)
  ✓  646 [desktop-1920] › tests/lead-forms.spec.ts:679:5 › the newsletter does not claim to send anything › /blog.html offers the form without promising delivery (278ms)
  ✓  647 [desktop-1920] › tests/lead-forms.spec.ts:679:5 › the newsletter does not claim to send anything › /en/blog.html offers the form without promising delivery (262ms)
  ✓  648 [desktop-1920] › tests/lead-forms.spec.ts:679:5 › the newsletter does not claim to send anything › /de/blog.html offers the form without promising delivery (239ms)
  ✓  650 [mobile-390] › tests/attribution.spec.ts:57:3 › attribution — the client allow-list › reads nothing else in the query string (900ms)
  ✓  649 [mobile-390] › tests/attribution.spec.ts:41:3 › attribution — the client allow-list › captures the five UTM parameters and the landing route (916ms)
  ✓  651 [mobile-390] › tests/attribution.spec.ts:76:3 › attribution — the client allow-list › reads no advertising click identifier (925ms)
  ✓  652 [mobile-390] › tests/attribution.spec.ts:88:3 › attribution — the client allow-list › writes nothing for a visitor with no campaign and no referrer (433ms)
  ✓  653 [mobile-390] › tests/attribution.spec.ts:94:3 › attribution — the client allow-list › strips characters a campaign label cannot contain, and caps length (522ms)
  ✓  654 [mobile-390] › tests/attribution.spec.ts:106:3 › attribution — the client allow-list › the campaign survives an internal navigation, and is not overwritten by it (588ms)
  ✓  655 [mobile-390] › tests/attribution.spec.ts:119:3 › attribution — the client allow-list › the landing route is a path, never a URL with a query string (402ms)
  ✓  657 [mobile-390] › tests/attribution.spec.ts:139:3 › attribution — the client allow-list › no cookie is set, and localStorage is untouched (419ms)
  ✓  659 [mobile-390] › tests/attribution.spec.ts:189:3 › attribution — the server allow-list › declares the five UTM parameters and no click identifier (4ms)
  ✓  660 [mobile-390] › tests/attribution.spec.ts:200:3 › attribution — the server allow-list › drops every key it does not declare (0ms)
  ✓  661 [mobile-390] › tests/attribution.spec.ts:216:3 › attribution — the server allow-list › caps every attribution value at its declared length (0ms)
  ✓  662 [mobile-390] › tests/attribution.spec.ts:225:3 › attribution — the server allow-list › refuses a host that is not a bare hostname (3ms)
  ✓  663 [mobile-390] › tests/attribution.spec.ts:239:3 › attribution — the server allow-list › refuses a landing route that is not a same-site path (6ms)
  ✓  664 [mobile-390] › tests/attribution.spec.ts:250:3 › attribution — the server allow-list › a malformed attribution value never fails the submission (0ms)
  ✓  656 [mobile-390] › tests/attribution.spec.ts:127:3 › attribution — the client allow-list › nothing survives the session (814ms)
  ✓  665 [mobile-390] › tests/lead-forms.spec.ts:100:3 › contact form › a valid submission reaches /api/lead with every field mapped (3.8s)
  ✓  666 [mobile-390] › tests/lead-forms.spec.ts:129:3 › contact form › shows the success state and clears the form (3.8s)
  ✓  658 [mobile-390] › tests/attribution.spec.ts:150:3 › attribution — what reaches the envelope › the submitted envelope carries the campaign and the host, and no query string (4.4s)
  ✓  668 [mobile-390] › tests/lead-forms.spec.ts:150:3 › contact form › shows the rate-limited state on 429 and lets the visitor retry (3.8s)
  ✓  669 [mobile-390] › tests/lead-forms.spec.ts:163:3 › contact form › shows a generic server-error state on 500 (3.8s)
  ✓  667 [mobile-390] › tests/lead-forms.spec.ts:141:3 › contact form › shows a submitting state while the request is in flight (5.3s)
  ✓  670 [mobile-390] › tests/lead-forms.spec.ts:177:3 › contact form › surfaces the server's own validation message on 422 (3.8s)
  ✓  671 [mobile-390] › tests/lead-forms.spec.ts:194:3 › contact form › rejects a malformed address in the page, before the network (4.4s)
  ✓  672 [mobile-390] › tests/lead-forms.spec.ts:211:3 › contact form › rejects a submission with no name at all (4.4s)
  ✓  673 [mobile-390] › tests/lead-forms.spec.ts:227:3 › contact form › an empty form never reaches the network (4.4s)
  ✓  674 [mobile-390] › tests/lead-forms.spec.ts:234:3 › contact form › carries a filled honeypot through untouched, for the server to drop (3.8s)
  ✓  638 [desktop-1920] › tests/lead-forms.spec.ts:527:3 › questionnaire › the wizard submits to /api/lead and shows the success screen (24.5s)
  ✓  675 [mobile-390] › tests/lead-forms.spec.ts:247:3 › contact form › a double click produces exactly one request (6.3s)
  ✓  677 [mobile-390] › tests/lead-forms.spec.ts:277:3 › contact form › a network failure shows the failure state and keeps everything typed (3.8s)
  ✓  679 [mobile-390] › tests/lead-forms.spec.ts:337:3 › contact form › the honeypot is hidden from sight and from the tab order (353ms)
  ✓  639 [desktop-1920] › tests/lead-forms.spec.ts:558:3 › questionnaire › shows the rate-limited screen when the endpoint says 429 (25.2s)
  ✓  676 [mobile-390] › tests/lead-forms.spec.ts:261:3 › contact form › Enter in a text field cannot slip a second request past the disabled button (6.3s)
  ✓  681 [mobile-390] › tests/lead-forms.spec.ts:365:3 › the minimum fill wait › a backward wall-clock step during the wait cannot under-report the fill time (3.8s)
  ✓  680 [mobile-390] › tests/lead-forms.spec.ts:289:3 › contact form › a retry after a failure re-sends the same submission id (4.0s)
  ✓  682 [mobile-390] › tests/lead-forms.spec.ts:412:3 › the minimum fill wait › the wait clears the drop threshold with headroom rather than landing on it (3.9s)
  ✓  683 [mobile-390] › tests/lead-forms.spec.ts:434:3 › newsletter › subscribes with only an address, as its own source (3.8s)
  ✓  678 [mobile-390] › tests/lead-forms.spec.ts:318:3 › contact form › a fresh enquiry after a success gets a new submission id (7.8s)
  ✓  688 [mobile-390] › tests/lead-forms.spec.ts:587:3 › the deployed bundle › contains no Web3Forms endpoint, and no access key (43ms)
  ✓  689 [mobile-390] › tests/lead-forms.spec.ts:616:3 › the deployed bundle › the shipped controller measures the fill window on a clock that cannot move (0ms)
  ✓  690 [mobile-390] › tests/lead-forms.spec.ts:632:3 › the deployed bundle › every public form posts to the internal endpoint (19ms)
  ✓  684 [mobile-390] › tests/lead-forms.spec.ts:457:3 › newsletter › the blog signup posts to the same endpoint (3.7s)
  ✓  685 [mobile-390] › tests/lead-forms.spec.ts:472:3 › Impact Program application › maps the application into the lead schema (3.7s)
  ✓  691 [mobile-390] › tests/lead-forms.spec.ts:679:5 › the newsletter does not claim to send anything › /rolunk.html offers the form without promising delivery (375ms)
  ✓  692 [mobile-390] › tests/lead-forms.spec.ts:679:5 › the newsletter does not claim to send anything › /en/about.html offers the form without promising delivery (399ms)
  ✓  693 [mobile-390] › tests/lead-forms.spec.ts:679:5 › the newsletter does not claim to send anything › /de/ueber-uns.html offers the form without promising delivery (419ms)
  ✓  694 [mobile-390] › tests/lead-forms.spec.ts:679:5 › the newsletter does not claim to send anything › /blog.html offers the form without promising delivery (364ms)
  ✓  695 [mobile-390] › tests/lead-forms.spec.ts:679:5 › the newsletter does not claim to send anything › /en/blog.html offers the form without promising delivery (369ms)
  ✓  696 [mobile-390] › tests/lead-forms.spec.ts:679:5 › the newsletter does not claim to send anything › /de/blog.html offers the form without promising delivery (375ms)
  ✓  697 [mobile-390] › tests/attribution.spec.ts:41:3 › attribution — the client allow-list › captures the five UTM parameters and the landing route (564ms)
  ✓  698 [mobile-390] › tests/attribution.spec.ts:57:3 › attribution — the client allow-list › reads nothing else in the query string (625ms)
  ✓  699 [mobile-390] › tests/attribution.spec.ts:76:3 › attribution — the client allow-list › reads no advertising click identifier (607ms)
  ✓  700 [mobile-390] › tests/attribution.spec.ts:88:3 › attribution — the client allow-list › writes nothing for a visitor with no campaign and no referrer (413ms)
  ✓  701 [mobile-390] › tests/attribution.spec.ts:94:3 › attribution — the client allow-list › strips characters a campaign label cannot contain, and caps length (470ms)
  ✓  703 [mobile-390] › tests/attribution.spec.ts:119:3 › attribution — the client allow-list › the landing route is a path, never a URL with a query string (372ms)
  ✓  702 [mobile-390] › tests/attribution.spec.ts:106:3 › attribution — the client allow-list › the campaign survives an internal navigation, and is not overwritten by it (529ms)
  ✓  705 [mobile-390] › tests/attribution.spec.ts:139:3 › attribution — the client allow-list › no cookie is set, and localStorage is untouched (385ms)
  ✓  707 [mobile-390] › tests/attribution.spec.ts:189:3 › attribution — the server allow-list › declares the five UTM parameters and no click identifier (5ms)
  ✓  708 [mobile-390] › tests/attribution.spec.ts:200:3 › attribution — the server allow-list › drops every key it does not declare (0ms)
  ✓  709 [mobile-390] › tests/attribution.spec.ts:216:3 › attribution — the server allow-list › caps every attribution value at its declared length (1ms)
  ✓  710 [mobile-390] › tests/attribution.spec.ts:225:3 › attribution — the server allow-list › refuses a host that is not a bare hostname (2ms)
  ✓  711 [mobile-390] › tests/attribution.spec.ts:239:3 › attribution — the server allow-list › refuses a landing route that is not a same-site path (1ms)
  ✓  712 [mobile-390] › tests/attribution.spec.ts:250:3 › attribution — the server allow-list › a malformed attribution value never fails the submission (1ms)
  ✓  704 [mobile-390] › tests/attribution.spec.ts:127:3 › attribution — the client allow-list › nothing survives the session (776ms)
  ✓  713 [mobile-390] › tests/lead-forms.spec.ts:100:3 › contact form › a valid submission reaches /api/lead with every field mapped (3.8s)
  ✓  714 [mobile-390] › tests/lead-forms.spec.ts:129:3 › contact form › shows the success state and clears the form (3.8s)
  ✓  706 [mobile-390] › tests/attribution.spec.ts:150:3 › attribution — what reaches the envelope › the submitted envelope carries the campaign and the host, and no query string (4.3s)
  ✓  716 [mobile-390] › tests/lead-forms.spec.ts:150:3 › contact form › shows the rate-limited state on 429 and lets the visitor retry (3.8s)
  ✓  717 [mobile-390] › tests/lead-forms.spec.ts:163:3 › contact form › shows a generic server-error state on 500 (3.8s)
  ✓  715 [mobile-390] › tests/lead-forms.spec.ts:141:3 › contact form › shows a submitting state while the request is in flight (5.3s)
  ✓  718 [mobile-390] › tests/lead-forms.spec.ts:177:3 › contact form › surfaces the server's own validation message on 422 (3.8s)
  ✓  719 [mobile-390] › tests/lead-forms.spec.ts:194:3 › contact form › rejects a malformed address in the page, before the network (4.4s)
  ✓  720 [mobile-390] › tests/lead-forms.spec.ts:211:3 › contact form › rejects a submission with no name at all (4.4s)
  ✓  721 [mobile-390] › tests/lead-forms.spec.ts:227:3 › contact form › an empty form never reaches the network (4.4s)
  ✓  722 [mobile-390] › tests/lead-forms.spec.ts:234:3 › contact form › carries a filled honeypot through untouched, for the server to drop (3.7s)
  ✓  725 [mobile-390] › tests/lead-forms.spec.ts:277:3 › contact form › a network failure shows the failure state and keeps everything typed (3.8s)
  ✓  723 [mobile-390] › tests/lead-forms.spec.ts:247:3 › contact form › a double click produces exactly one request (6.3s)
  ✓  724 [mobile-390] › tests/lead-forms.spec.ts:261:3 › contact form › Enter in a text field cannot slip a second request past the disabled button (6.3s)
  ✓  728 [mobile-390] › tests/lead-forms.spec.ts:337:3 › contact form › the honeypot is hidden from sight and from the tab order (342ms)
  ✓  726 [mobile-390] › tests/lead-forms.spec.ts:289:3 › contact form › a retry after a failure re-sends the same submission id (3.8s)
  ✓  729 [mobile-390] › tests/lead-forms.spec.ts:365:3 › the minimum fill wait › a backward wall-clock step during the wait cannot under-report the fill time (3.7s)
  ✓  730 [mobile-390] › tests/lead-forms.spec.ts:412:3 › the minimum fill wait › the wait clears the drop threshold with headroom rather than landing on it (3.7s)
  ✓  727 [mobile-390] › tests/lead-forms.spec.ts:318:3 › contact form › a fresh enquiry after a success gets a new submission id (7.7s)
  ✓  686 [mobile-390] › tests/lead-forms.spec.ts:527:3 › questionnaire › the wizard submits to /api/lead and shows the success screen (33.5s)
  ✓  687 [mobile-390] › tests/lead-forms.spec.ts:558:3 › questionnaire › shows the rate-limited screen when the endpoint says 429 (33.5s)
  ✓  731 [mobile-390] › tests/lead-forms.spec.ts:434:3 › newsletter › subscribes with only an address, as its own source (3.8s)
  ✓  736 [mobile-390] › tests/lead-forms.spec.ts:587:3 › the deployed bundle › contains no Web3Forms endpoint, and no access key (46ms)
  ✓  737 [mobile-390] › tests/lead-forms.spec.ts:616:3 › the deployed bundle › the shipped controller measures the fill window on a clock that cannot move (0ms)
  ✓  738 [mobile-390] › tests/lead-forms.spec.ts:632:3 › the deployed bundle › every public form posts to the internal endpoint (17ms)
  ✓  739 [mobile-390] › tests/lead-forms.spec.ts:679:5 › the newsletter does not claim to send anything › /rolunk.html offers the form without promising delivery (358ms)
  ✓  740 [mobile-390] › tests/lead-forms.spec.ts:679:5 › the newsletter does not claim to send anything › /en/about.html offers the form without promising delivery (354ms)
  ✓  732 [mobile-390] › tests/lead-forms.spec.ts:457:3 › newsletter › the blog signup posts to the same endpoint (3.7s)
  ✓  741 [mobile-390] › tests/lead-forms.spec.ts:679:5 › the newsletter does not claim to send anything › /de/ueber-uns.html offers the form without promising delivery (358ms)
  ✓  733 [mobile-390] › tests/lead-forms.spec.ts:472:3 › Impact Program application › maps the application into the lead schema (3.7s)
  ✓  742 [mobile-390] › tests/lead-forms.spec.ts:679:5 › the newsletter does not claim to send anything › /blog.html offers the form without promising delivery (353ms)
  ✓  743 [mobile-390] › tests/lead-forms.spec.ts:679:5 › the newsletter does not claim to send anything › /en/blog.html offers the form without promising delivery (370ms)
  ✓  744 [mobile-390] › tests/lead-forms.spec.ts:679:5 › the newsletter does not claim to send anything › /de/blog.html offers the form without promising delivery (425ms)
  ✓  745 [mobile-390] › tests/attribution.spec.ts:41:3 › attribution — the client allow-list › captures the five UTM parameters and the landing route (594ms)
  ✓  746 [mobile-390] › tests/attribution.spec.ts:57:3 › attribution — the client allow-list › reads nothing else in the query string (671ms)
  ✓  747 [mobile-390] › tests/attribution.spec.ts:76:3 › attribution — the client allow-list › reads no advertising click identifier (642ms)
  ✓  748 [mobile-390] › tests/attribution.spec.ts:88:3 › attribution — the client allow-list › writes nothing for a visitor with no campaign and no referrer (413ms)
  ✓  749 [mobile-390] › tests/attribution.spec.ts:94:3 › attribution — the client allow-list › strips characters a campaign label cannot contain, and caps length (473ms)
  ✓  751 [mobile-390] › tests/attribution.spec.ts:119:3 › attribution — the client allow-list › the landing route is a path, never a URL with a query string (388ms)
  ✓  750 [mobile-390] › tests/attribution.spec.ts:106:3 › attribution — the client allow-list › the campaign survives an internal navigation, and is not overwritten by it (520ms)
  ✓  753 [mobile-390] › tests/attribution.spec.ts:139:3 › attribution — the client allow-list › no cookie is set, and localStorage is untouched (381ms)
  ✓  755 [mobile-390] › tests/attribution.spec.ts:189:3 › attribution — the server allow-list › declares the five UTM parameters and no click identifier (3ms)
  ✓  756 [mobile-390] › tests/attribution.spec.ts:200:3 › attribution — the server allow-list › drops every key it does not declare (0ms)
  ✓  757 [mobile-390] › tests/attribution.spec.ts:216:3 › attribution — the server allow-list › caps every attribution value at its declared length (0ms)
  ✓  758 [mobile-390] › tests/attribution.spec.ts:225:3 › attribution — the server allow-list › refuses a host that is not a bare hostname (1ms)
  ✓  759 [mobile-390] › tests/attribution.spec.ts:239:3 › attribution — the server allow-list › refuses a landing route that is not a same-site path (1ms)
  ✓  760 [mobile-390] › tests/attribution.spec.ts:250:3 › attribution — the server allow-list › a malformed attribution value never fails the submission (0ms)
  ✓  752 [mobile-390] › tests/attribution.spec.ts:127:3 › attribution — the client allow-list › nothing survives the session (734ms)
  ✓  761 [mobile-390] › tests/lead-forms.spec.ts:100:3 › contact form › a valid submission reaches /api/lead with every field mapped (3.8s)
  ✓  762 [mobile-390] › tests/lead-forms.spec.ts:129:3 › contact form › shows the success state and clears the form (3.8s)
  ✓  754 [mobile-390] › tests/attribution.spec.ts:150:3 › attribution — what reaches the envelope › the submitted envelope carries the campaign and the host, and no query string (4.4s)
  ✓  764 [mobile-390] › tests/lead-forms.spec.ts:150:3 › contact form › shows the rate-limited state on 429 and lets the visitor retry (3.8s)
  ✓  765 [mobile-390] › tests/lead-forms.spec.ts:163:3 › contact form › shows a generic server-error state on 500 (3.8s)
  ✓  763 [mobile-390] › tests/lead-forms.spec.ts:141:3 › contact form › shows a submitting state while the request is in flight (5.3s)
  ✓  766 [mobile-390] › tests/lead-forms.spec.ts:177:3 › contact form › surfaces the server's own validation message on 422 (3.8s)
  ✓  767 [mobile-390] › tests/lead-forms.spec.ts:194:3 › contact form › rejects a malformed address in the page, before the network (4.4s)
  ✓  768 [mobile-390] › tests/lead-forms.spec.ts:211:3 › contact form › rejects a submission with no name at all (4.4s)
  ✓  769 [mobile-390] › tests/lead-forms.spec.ts:227:3 › contact form › an empty form never reaches the network (4.4s)
  ✓  770 [mobile-390] › tests/lead-forms.spec.ts:234:3 › contact form › carries a filled honeypot through untouched, for the server to drop (3.7s)
  ✓  773 [mobile-390] › tests/lead-forms.spec.ts:277:3 › contact form › a network failure shows the failure state and keeps everything typed (3.8s)
  ✓  771 [mobile-390] › tests/lead-forms.spec.ts:247:3 › contact form › a double click produces exactly one request (6.3s)
  ✓  772 [mobile-390] › tests/lead-forms.spec.ts:261:3 › contact form › Enter in a text field cannot slip a second request past the disabled button (6.3s)
  ✓  776 [mobile-390] › tests/lead-forms.spec.ts:337:3 › contact form › the honeypot is hidden from sight and from the tab order (346ms)
  ✓  774 [mobile-390] › tests/lead-forms.spec.ts:289:3 › contact form › a retry after a failure re-sends the same submission id (3.8s)
  ✓  777 [mobile-390] › tests/lead-forms.spec.ts:365:3 › the minimum fill wait › a backward wall-clock step during the wait cannot under-report the fill time (3.8s)
  ✓  778 [mobile-390] › tests/lead-forms.spec.ts:412:3 › the minimum fill wait › the wait clears the drop threshold with headroom rather than landing on it (3.7s)
  ✓  775 [mobile-390] › tests/lead-forms.spec.ts:318:3 › contact form › a fresh enquiry after a success gets a new submission id (7.7s)
  ✓  734 [mobile-390] › tests/lead-forms.spec.ts:527:3 › questionnaire › the wizard submits to /api/lead and shows the success screen (33.5s)
  ✓  735 [mobile-390] › tests/lead-forms.spec.ts:558:3 › questionnaire › shows the rate-limited screen when the endpoint says 429 (33.6s)
  ✓  779 [mobile-390] › tests/lead-forms.spec.ts:434:3 › newsletter › subscribes with only an address, as its own source (3.7s)
  ✓  784 [mobile-390] › tests/lead-forms.spec.ts:587:3 › the deployed bundle › contains no Web3Forms endpoint, and no access key (45ms)
  ✓  785 [mobile-390] › tests/lead-forms.spec.ts:616:3 › the deployed bundle › the shipped controller measures the fill window on a clock that cannot move (0ms)
  ✓  786 [mobile-390] › tests/lead-forms.spec.ts:632:3 › the deployed bundle › every public form posts to the internal endpoint (16ms)
  ✓  787 [mobile-390] › tests/lead-forms.spec.ts:679:5 › the newsletter does not claim to send anything › /rolunk.html offers the form without promising delivery (356ms)
  ✓  788 [mobile-390] › tests/lead-forms.spec.ts:679:5 › the newsletter does not claim to send anything › /en/about.html offers the form without promising delivery (350ms)
  ✓  780 [mobile-390] › tests/lead-forms.spec.ts:457:3 › newsletter › the blog signup posts to the same endpoint (3.7s)
  ✓  789 [mobile-390] › tests/lead-forms.spec.ts:679:5 › the newsletter does not claim to send anything › /de/ueber-uns.html offers the form without promising delivery (367ms)
  ✓  781 [mobile-390] › tests/lead-forms.spec.ts:472:3 › Impact Program application › maps the application into the lead schema (3.7s)
  ✓  790 [mobile-390] › tests/lead-forms.spec.ts:679:5 › the newsletter does not claim to send anything › /blog.html offers the form without promising delivery (343ms)
  ✓  791 [mobile-390] › tests/lead-forms.spec.ts:679:5 › the newsletter does not claim to send anything › /en/blog.html offers the form without promising delivery (369ms)
  ✓  792 [mobile-390] › tests/lead-forms.spec.ts:679:5 › the newsletter does not claim to send anything › /de/blog.html offers the form without promising delivery (364ms)
  ✓  793 [mobile-390] › tests/attribution.spec.ts:41:3 › attribution — the client allow-list › captures the five UTM parameters and the landing route (605ms)
  ✓  794 [mobile-390] › tests/attribution.spec.ts:57:3 › attribution — the client allow-list › reads nothing else in the query string (637ms)
  ✓  795 [mobile-390] › tests/attribution.spec.ts:76:3 › attribution — the client allow-list › reads no advertising click identifier (611ms)
  ✓  796 [mobile-390] › tests/attribution.spec.ts:88:3 › attribution — the client allow-list › writes nothing for a visitor with no campaign and no referrer (429ms)
  ✓  797 [mobile-390] › tests/attribution.spec.ts:94:3 › attribution — the client allow-list › strips characters a campaign label cannot contain, and caps length (452ms)
  ✓  799 [mobile-390] › tests/attribution.spec.ts:119:3 › attribution — the client allow-list › the landing route is a path, never a URL with a query string (375ms)
  ✓  798 [mobile-390] › tests/attribution.spec.ts:106:3 › attribution — the client allow-list › the campaign survives an internal navigation, and is not overwritten by it (529ms)
  ✓  801 [mobile-390] › tests/attribution.spec.ts:139:3 › attribution — the client allow-list › no cookie is set, and localStorage is untouched (376ms)
  ✓  803 [mobile-390] › tests/attribution.spec.ts:189:3 › attribution — the server allow-list › declares the five UTM parameters and no click identifier (11ms)
  ✓  804 [mobile-390] › tests/attribution.spec.ts:200:3 › attribution — the server allow-list › drops every key it does not declare (1ms)
  ✓  805 [mobile-390] › tests/attribution.spec.ts:216:3 › attribution — the server allow-list › caps every attribution value at its declared length (0ms)
  ✓  806 [mobile-390] › tests/attribution.spec.ts:225:3 › attribution — the server allow-list › refuses a host that is not a bare hostname (1ms)
  ✓  807 [mobile-390] › tests/attribution.spec.ts:239:3 › attribution — the server allow-list › refuses a landing route that is not a same-site path (1ms)
  ✓  808 [mobile-390] › tests/attribution.spec.ts:250:3 › attribution — the server allow-list › a malformed attribution value never fails the submission (0ms)
  ✓  800 [mobile-390] › tests/attribution.spec.ts:127:3 › attribution — the client allow-list › nothing survives the session (739ms)
  ✓  809 [mobile-390] › tests/lead-forms.spec.ts:100:3 › contact form › a valid submission reaches /api/lead with every field mapped (3.8s)
  ✓  802 [mobile-390] › tests/attribution.spec.ts:150:3 › attribution — what reaches the envelope › the submitted envelope carries the campaign and the host, and no query string (4.3s)
  ✓  810 [mobile-390] › tests/lead-forms.spec.ts:129:3 › contact form › shows the success state and clears the form (3.8s)
  ✓  812 [mobile-390] › tests/lead-forms.spec.ts:163:3 › contact form › shows a generic server-error state on 500 (3.8s)
  ✓  813 [mobile-390] › tests/lead-forms.spec.ts:150:3 › contact form › shows the rate-limited state on 429 and lets the visitor retry (3.8s)
  ✓  811 [mobile-390] › tests/lead-forms.spec.ts:141:3 › contact form › shows a submitting state while the request is in flight (5.3s)
  ✓  814 [mobile-390] › tests/lead-forms.spec.ts:177:3 › contact form › surfaces the server's own validation message on 422 (3.8s)
  ✓  815 [mobile-390] › tests/lead-forms.spec.ts:194:3 › contact form › rejects a malformed address in the page, before the network (4.4s)
  ✓  816 [mobile-390] › tests/lead-forms.spec.ts:211:3 › contact form › rejects a submission with no name at all (4.4s)
  ✓  817 [mobile-390] › tests/lead-forms.spec.ts:227:3 › contact form › an empty form never reaches the network (4.4s)
  ✓  818 [mobile-390] › tests/lead-forms.spec.ts:234:3 › contact form › carries a filled honeypot through untouched, for the server to drop (3.8s)
  ✓  821 [mobile-390] › tests/lead-forms.spec.ts:277:3 › contact form › a network failure shows the failure state and keeps everything typed (3.8s)
  ✓  819 [mobile-390] › tests/lead-forms.spec.ts:247:3 › contact form › a double click produces exactly one request (6.3s)
  ✓  820 [mobile-390] › tests/lead-forms.spec.ts:261:3 › contact form › Enter in a text field cannot slip a second request past the disabled button (6.3s)
  ✓  824 [mobile-390] › tests/lead-forms.spec.ts:337:3 › contact form › the honeypot is hidden from sight and from the tab order (360ms)
  ✓  822 [mobile-390] › tests/lead-forms.spec.ts:289:3 › contact form › a retry after a failure re-sends the same submission id (3.8s)
  ✓  825 [mobile-390] › tests/lead-forms.spec.ts:365:3 › the minimum fill wait › a backward wall-clock step during the wait cannot under-report the fill time (3.8s)
  ✓  826 [mobile-390] › tests/lead-forms.spec.ts:412:3 › the minimum fill wait › the wait clears the drop threshold with headroom rather than landing on it (3.7s)
  ✓  823 [mobile-390] › tests/lead-forms.spec.ts:318:3 › contact form › a fresh enquiry after a success gets a new submission id (7.7s)
  ✓  782 [mobile-390] › tests/lead-forms.spec.ts:527:3 › questionnaire › the wizard submits to /api/lead and shows the success screen (33.6s)
  ✓  783 [mobile-390] › tests/lead-forms.spec.ts:558:3 › questionnaire › shows the rate-limited screen when the endpoint says 429 (33.7s)
  ✓  827 [mobile-390] › tests/lead-forms.spec.ts:434:3 › newsletter › subscribes with only an address, as its own source (3.8s)
  ✓  832 [mobile-390] › tests/lead-forms.spec.ts:587:3 › the deployed bundle › contains no Web3Forms endpoint, and no access key (46ms)
  ✓  833 [mobile-390] › tests/lead-forms.spec.ts:616:3 › the deployed bundle › the shipped controller measures the fill window on a clock that cannot move (0ms)
  ✓  834 [mobile-390] › tests/lead-forms.spec.ts:632:3 › the deployed bundle › every public form posts to the internal endpoint (17ms)
  ✓  835 [mobile-390] › tests/lead-forms.spec.ts:679:5 › the newsletter does not claim to send anything › /rolunk.html offers the form without promising delivery (366ms)
  ✓  836 [mobile-390] › tests/lead-forms.spec.ts:679:5 › the newsletter does not claim to send anything › /en/about.html offers the form without promising delivery (345ms)
  ✓  828 [mobile-390] › tests/lead-forms.spec.ts:457:3 › newsletter › the blog signup posts to the same endpoint (3.7s)
  ✓  829 [mobile-390] › tests/lead-forms.spec.ts:472:3 › Impact Program application › maps the application into the lead schema (3.7s)
  ✓  837 [mobile-390] › tests/lead-forms.spec.ts:679:5 › the newsletter does not claim to send anything › /de/ueber-uns.html offers the form without promising delivery (368ms)
  ✓  838 [mobile-390] › tests/lead-forms.spec.ts:679:5 › the newsletter does not claim to send anything › /blog.html offers the form without promising delivery (355ms)
  ✓  839 [mobile-390] › tests/lead-forms.spec.ts:679:5 › the newsletter does not claim to send anything › /en/blog.html offers the form without promising delivery (370ms)
  ✓  840 [mobile-390] › tests/lead-forms.spec.ts:679:5 › the newsletter does not claim to send anything › /de/blog.html offers the form without promising delivery (374ms)
  ✓  841 [mobile-430] › tests/lead-forms.spec.ts:100:3 › contact form › a valid submission reaches /api/lead with every field mapped (4.1s)
  ✓  842 [mobile-430] › tests/lead-forms.spec.ts:129:3 › contact form › shows the success state and clears the form (4.0s)
  ✓  843 [mobile-430] › tests/lead-forms.spec.ts:141:3 › contact form › shows a submitting state while the request is in flight (5.5s)
  ✓  844 [mobile-430] › tests/lead-forms.spec.ts:150:3 › contact form › shows the rate-limited state on 429 and lets the visitor retry (3.8s)
  ✓  845 [mobile-430] › tests/lead-forms.spec.ts:163:3 › contact form › shows a generic server-error state on 500 (3.7s)
  ✓  846 [mobile-430] › tests/lead-forms.spec.ts:177:3 › contact form › surfaces the server's own validation message on 422 (3.8s)
  ✓  847 [mobile-430] › tests/lead-forms.spec.ts:194:3 › contact form › rejects a malformed address in the page, before the network (4.5s)
  ✓  848 [mobile-430] › tests/lead-forms.spec.ts:211:3 › contact form › rejects a submission with no name at all (4.4s)
  ✓  849 [mobile-430] › tests/lead-forms.spec.ts:227:3 › contact form › an empty form never reaches the network (4.4s)
  ✓  850 [mobile-430] › tests/lead-forms.spec.ts:234:3 › contact form › carries a filled honeypot through untouched, for the server to drop (3.8s)
  ✓  851 [mobile-430] › tests/lead-forms.spec.ts:247:3 › contact form › a double click produces exactly one request (6.3s)
  ✓  853 [mobile-430] › tests/lead-forms.spec.ts:277:3 › contact form › a network failure shows the failure state and keeps everything typed (3.8s)
  ✓  852 [mobile-430] › tests/lead-forms.spec.ts:261:3 › contact form › Enter in a text field cannot slip a second request past the disabled button (6.3s)
  ✓  856 [mobile-430] › tests/lead-forms.spec.ts:337:3 › contact form › the honeypot is hidden from sight and from the tab order (365ms)
  ✓  854 [mobile-430] › tests/lead-forms.spec.ts:289:3 › contact form › a retry after a failure re-sends the same submission id (3.8s)
  ✓  857 [mobile-430] › tests/lead-forms.spec.ts:365:3 › the minimum fill wait › a backward wall-clock step during the wait cannot under-report the fill time (3.8s)
  ✓  858 [mobile-430] › tests/lead-forms.spec.ts:412:3 › the minimum fill wait › the wait clears the drop threshold with headroom rather than landing on it (3.8s)
  ✓  855 [mobile-430] › tests/lead-forms.spec.ts:318:3 › contact form › a fresh enquiry after a success gets a new submission id (7.7s)
  ✓  859 [mobile-430] › tests/lead-forms.spec.ts:434:3 › newsletter › subscribes with only an address, as its own source (3.8s)
  ✓  860 [mobile-430] › tests/lead-forms.spec.ts:457:3 › newsletter › the blog signup posts to the same endpoint (3.7s)
  ✓  830 [mobile-390] › tests/lead-forms.spec.ts:527:3 › questionnaire › the wizard submits to /api/lead and shows the success screen (33.5s)
  ✓  864 [mobile-430] › tests/lead-forms.spec.ts:587:3 › the deployed bundle › contains no Web3Forms endpoint, and no access key (51ms)
  ✓  865 [mobile-430] › tests/lead-forms.spec.ts:616:3 › the deployed bundle › the shipped controller measures the fill window on a clock that cannot move (0ms)
  ✓  866 [mobile-430] › tests/lead-forms.spec.ts:632:3 › the deployed bundle › every public form posts to the internal endpoint (11ms)
  ✓  861 [mobile-430] › tests/lead-forms.spec.ts:472:3 › Impact Program application › maps the application into the lead schema (3.8s)
  ✓  831 [mobile-390] › tests/lead-forms.spec.ts:558:3 › questionnaire › shows the rate-limited screen when the endpoint says 429 (33.6s)
  ✓  867 [mobile-430] › tests/lead-forms.spec.ts:679:5 › the newsletter does not claim to send anything › /rolunk.html offers the form without promising delivery (549ms)
  ✓  868 [mobile-430] › tests/lead-forms.spec.ts:679:5 › the newsletter does not claim to send anything › /en/about.html offers the form without promising delivery (416ms)
  ✓  869 [mobile-430] › tests/lead-forms.spec.ts:679:5 › the newsletter does not claim to send anything › /blog.html offers the form without promising delivery (391ms)
  ✓  871 [mobile-430] › tests/lead-forms.spec.ts:679:5 › the newsletter does not claim to send anything › /en/blog.html offers the form without promising delivery (431ms)
  ✓  872 [mobile-430] › tests/lead-forms.spec.ts:679:5 › the newsletter does not claim to send anything › /de/blog.html offers the form without promising delivery (446ms)
  ✓  870 [mobile-430] › tests/lead-forms.spec.ts:679:5 › the newsletter does not claim to send anything › /de/ueber-uns.html offers the form without promising delivery (627ms)
  ✓  873 [mobile-430] › tests/lead-forms.spec.ts:100:3 › contact form › a valid submission reaches /api/lead with every field mapped (4.1s)
  ✓  874 [mobile-430] › tests/lead-forms.spec.ts:129:3 › contact form › shows the success state and clears the form (4.1s)
  ✓  875 [mobile-430] › tests/lead-forms.spec.ts:141:3 › contact form › shows a submitting state while the request is in flight (5.5s)
  ✓  876 [mobile-430] › tests/lead-forms.spec.ts:150:3 › contact form › shows the rate-limited state on 429 and lets the visitor retry (3.8s)
  ✓  877 [mobile-430] › tests/lead-forms.spec.ts:163:3 › contact form › shows a generic server-error state on 500 (3.8s)
  ✓  878 [mobile-430] › tests/lead-forms.spec.ts:177:3 › contact form › surfaces the server's own validation message on 422 (3.8s)
  ✓  879 [mobile-430] › tests/lead-forms.spec.ts:194:3 › contact form › rejects a malformed address in the page, before the network (4.4s)
  ✓  880 [mobile-430] › tests/lead-forms.spec.ts:211:3 › contact form › rejects a submission with no name at all (4.5s)
  ✓  881 [mobile-430] › tests/lead-forms.spec.ts:227:3 › contact form › an empty form never reaches the network (4.4s)
  ✓  882 [mobile-430] › tests/lead-forms.spec.ts:234:3 › contact form › carries a filled honeypot through untouched, for the server to drop (3.8s)
  ✓  883 [mobile-430] › tests/lead-forms.spec.ts:247:3 › contact form › a double click produces exactly one request (6.3s)
  ✓  885 [mobile-430] › tests/lead-forms.spec.ts:277:3 › contact form › a network failure shows the failure state and keeps everything typed (3.8s)
  ✓  884 [mobile-430] › tests/lead-forms.spec.ts:261:3 › contact form › Enter in a text field cannot slip a second request past the disabled button (6.3s)
  ✓  888 [mobile-430] › tests/lead-forms.spec.ts:337:3 › contact form › the honeypot is hidden from sight and from the tab order (366ms)
  ✓  886 [mobile-430] › tests/lead-forms.spec.ts:289:3 › contact form › a retry after a failure re-sends the same submission id (3.8s)
  ✓  889 [mobile-430] › tests/lead-forms.spec.ts:365:3 › the minimum fill wait › a backward wall-clock step during the wait cannot under-report the fill time (3.8s)
  ✓  890 [mobile-430] › tests/lead-forms.spec.ts:412:3 › the minimum fill wait › the wait clears the drop threshold with headroom rather than landing on it (3.8s)
  ✓  887 [mobile-430] › tests/lead-forms.spec.ts:318:3 › contact form › a fresh enquiry after a success gets a new submission id (7.7s)
  ✓  891 [mobile-430] › tests/lead-forms.spec.ts:434:3 › newsletter › subscribes with only an address, as its own source (3.8s)
  ✓  862 [mobile-430] › tests/lead-forms.spec.ts:527:3 › questionnaire › the wizard submits to /api/lead and shows the success screen (33.3s)
  ✓  892 [mobile-430] › tests/lead-forms.spec.ts:457:3 › newsletter › the blog signup posts to the same endpoint (3.7s)
  ✓  896 [mobile-430] › tests/lead-forms.spec.ts:587:3 › the deployed bundle › contains no Web3Forms endpoint, and no access key (53ms)
  ✓  897 [mobile-430] › tests/lead-forms.spec.ts:616:3 › the deployed bundle › the shipped controller measures the fill window on a clock that cannot move (1ms)
  ✓  898 [mobile-430] › tests/lead-forms.spec.ts:632:3 › the deployed bundle › every public form posts to the internal endpoint (13ms)
  ✓  899 [mobile-430] › tests/lead-forms.spec.ts:679:5 › the newsletter does not claim to send anything › /rolunk.html offers the form without promising delivery (378ms)
  ✓  863 [mobile-430] › tests/lead-forms.spec.ts:558:3 › questionnaire › shows the rate-limited screen when the endpoint says 429 (33.5s)
  ✓  900 [mobile-430] › tests/lead-forms.spec.ts:679:5 › the newsletter does not claim to send anything › /en/about.html offers the form without promising delivery (372ms)
  ✓  901 [mobile-430] › tests/lead-forms.spec.ts:679:5 › the newsletter does not claim to send anything › /blog.html offers the form without promising delivery (358ms)
  ✓  893 [mobile-430] › tests/lead-forms.spec.ts:472:3 › Impact Program application › maps the application into the lead schema (3.7s)
  ✓  903 [mobile-430] › tests/lead-forms.spec.ts:679:5 › the newsletter does not claim to send anything › /en/blog.html offers the form without promising delivery (425ms)
  ✓  904 [mobile-430] › tests/lead-forms.spec.ts:679:5 › the newsletter does not claim to send anything › /de/blog.html offers the form without promising delivery (405ms)
  ✓  902 [mobile-430] › tests/lead-forms.spec.ts:679:5 › the newsletter does not claim to send anything › /de/ueber-uns.html offers the form without promising delivery (634ms)
  ✓  905 [mobile-430] › tests/lead-forms.spec.ts:100:3 › contact form › a valid submission reaches /api/lead with every field mapped (4.2s)
  ✓  906 [mobile-430] › tests/lead-forms.spec.ts:129:3 › contact form › shows the success state and clears the form (4.1s)
  ✓  907 [mobile-430] › tests/lead-forms.spec.ts:141:3 › contact form › shows a submitting state while the request is in flight (5.6s)
  ✓  909 [mobile-430] › tests/lead-forms.spec.ts:163:3 › contact form › shows a generic server-error state on 500 (3.8s)
  ✓  908 [mobile-430] › tests/lead-forms.spec.ts:150:3 › contact form › shows the rate-limited state on 429 and lets the visitor retry (3.8s)
  ✓  910 [mobile-430] › tests/lead-forms.spec.ts:177:3 › contact form › surfaces the server's own validation message on 422 (3.8s)
  ✓  911 [mobile-430] › tests/lead-forms.spec.ts:211:3 › contact form › rejects a submission with no name at all (4.5s)
  ✓  912 [mobile-430] › tests/lead-forms.spec.ts:194:3 › contact form › rejects a malformed address in the page, before the network (4.5s)
  ✓  913 [mobile-430] › tests/lead-forms.spec.ts:227:3 › contact form › an empty form never reaches the network (4.4s)
  ✓  914 [mobile-430] › tests/lead-forms.spec.ts:234:3 › contact form › carries a filled honeypot through untouched, for the server to drop (3.8s)
  ✓  915 [mobile-430] › tests/lead-forms.spec.ts:247:3 › contact form › a double click produces exactly one request (6.3s)
  ✓  917 [mobile-430] › tests/lead-forms.spec.ts:277:3 › contact form › a network failure shows the failure state and keeps everything typed (3.8s)
  ✓  916 [mobile-430] › tests/lead-forms.spec.ts:261:3 › contact form › Enter in a text field cannot slip a second request past the disabled button (6.3s)
  ✓  920 [mobile-430] › tests/lead-forms.spec.ts:337:3 › contact form › the honeypot is hidden from sight and from the tab order (361ms)
  ✓  918 [mobile-430] › tests/lead-forms.spec.ts:289:3 › contact form › a retry after a failure re-sends the same submission id (3.8s)
  ✓  921 [mobile-430] › tests/lead-forms.spec.ts:365:3 › the minimum fill wait › a backward wall-clock step during the wait cannot under-report the fill time (3.8s)
  ✓  922 [mobile-430] › tests/lead-forms.spec.ts:412:3 › the minimum fill wait › the wait clears the drop threshold with headroom rather than landing on it (3.8s)
  ✓  919 [mobile-430] › tests/lead-forms.spec.ts:318:3 › contact form › a fresh enquiry after a success gets a new submission id (7.7s)
  ✓  923 [mobile-430] › tests/lead-forms.spec.ts:434:3 › newsletter › subscribes with only an address, as its own source (3.8s)
  ✓  894 [mobile-430] › tests/lead-forms.spec.ts:527:3 › questionnaire › the wizard submits to /api/lead and shows the success screen (33.4s)
  ✓  924 [mobile-430] › tests/lead-forms.spec.ts:457:3 › newsletter › the blog signup posts to the same endpoint (3.7s)
  ✓  928 [mobile-430] › tests/lead-forms.spec.ts:587:3 › the deployed bundle › contains no Web3Forms endpoint, and no access key (57ms)
  ✓  929 [mobile-430] › tests/lead-forms.spec.ts:616:3 › the deployed bundle › the shipped controller measures the fill window on a clock that cannot move (1ms)
  ✓  930 [mobile-430] › tests/lead-forms.spec.ts:632:3 › the deployed bundle › every public form posts to the internal endpoint (28ms)
  ✓  931 [mobile-430] › tests/lead-forms.spec.ts:679:5 › the newsletter does not claim to send anything › /rolunk.html offers the form without promising delivery (381ms)
  ✓  895 [mobile-430] › tests/lead-forms.spec.ts:558:3 › questionnaire › shows the rate-limited screen when the endpoint says 429 (33.7s)
  ✓  932 [mobile-430] › tests/lead-forms.spec.ts:679:5 › the newsletter does not claim to send anything › /en/about.html offers the form without promising delivery (381ms)
  ✓  933 [mobile-430] › tests/lead-forms.spec.ts:679:5 › the newsletter does not claim to send anything › /blog.html offers the form without promising delivery (370ms)
  ✓  925 [mobile-430] › tests/lead-forms.spec.ts:472:3 › Impact Program application › maps the application into the lead schema (3.7s)
  ✓  935 [mobile-430] › tests/lead-forms.spec.ts:679:5 › the newsletter does not claim to send anything › /en/blog.html offers the form without promising delivery (404ms)
  ✓  934 [mobile-430] › tests/lead-forms.spec.ts:679:5 › the newsletter does not claim to send anything › /de/ueber-uns.html offers the form without promising delivery (603ms)
  ✓  936 [mobile-430] › tests/lead-forms.spec.ts:679:5 › the newsletter does not claim to send anything › /de/blog.html offers the form without promising delivery (396ms)
  ✓  938 [mobile-430] › tests/lead-forms.spec.ts:129:3 › contact form › shows the success state and clears the form (4.1s)
  ✓  937 [mobile-430] › tests/lead-forms.spec.ts:100:3 › contact form › a valid submission reaches /api/lead with every field mapped (4.1s)
  ✓  939 [mobile-430] › tests/lead-forms.spec.ts:141:3 › contact form › shows a submitting state while the request is in flight (5.5s)
  ✓  941 [mobile-430] › tests/lead-forms.spec.ts:163:3 › contact form › shows a generic server-error state on 500 (3.8s)
  ✓  940 [mobile-430] › tests/lead-forms.spec.ts:150:3 › contact form › shows the rate-limited state on 429 and lets the visitor retry (3.8s)
  ✓  942 [mobile-430] › tests/lead-forms.spec.ts:177:3 › contact form › surfaces the server's own validation message on 422 (3.8s)
  ✓  944 [mobile-430] › tests/lead-forms.spec.ts:211:3 › contact form › rejects a submission with no name at all (4.5s)
  ✓  943 [mobile-430] › tests/lead-forms.spec.ts:194:3 › contact form › rejects a malformed address in the page, before the network (4.5s)
  ✓  945 [mobile-430] › tests/lead-forms.spec.ts:227:3 › contact form › an empty form never reaches the network (4.4s)
  ✓  946 [mobile-430] › tests/lead-forms.spec.ts:234:3 › contact form › carries a filled honeypot through untouched, for the server to drop (3.8s)
  ✓  947 [mobile-430] › tests/lead-forms.spec.ts:247:3 › contact form › a double click produces exactly one request (6.4s)
  ✓  949 [mobile-430] › tests/lead-forms.spec.ts:277:3 › contact form › a network failure shows the failure state and keeps everything typed (3.8s)
  ✓  948 [mobile-430] › tests/lead-forms.spec.ts:261:3 › contact form › Enter in a text field cannot slip a second request past the disabled button (6.3s)
  ✓  952 [mobile-430] › tests/lead-forms.spec.ts:337:3 › contact form › the honeypot is hidden from sight and from the tab order (366ms)
  ✓  950 [mobile-430] › tests/lead-forms.spec.ts:289:3 › contact form › a retry after a failure re-sends the same submission id (3.8s)
  ✓  953 [mobile-430] › tests/lead-forms.spec.ts:365:3 › the minimum fill wait › a backward wall-clock step during the wait cannot under-report the fill time (3.8s)
  ✓  954 [mobile-430] › tests/lead-forms.spec.ts:412:3 › the minimum fill wait › the wait clears the drop threshold with headroom rather than landing on it (3.7s)
  ✓  951 [mobile-430] › tests/lead-forms.spec.ts:318:3 › contact form › a fresh enquiry after a success gets a new submission id (7.7s)
  ✓  955 [mobile-430] › tests/lead-forms.spec.ts:434:3 › newsletter › subscribes with only an address, as its own source (3.8s)
  ✓  926 [mobile-430] › tests/lead-forms.spec.ts:527:3 › questionnaire › the wizard submits to /api/lead and shows the success screen (33.3s)
  ✓  956 [mobile-430] › tests/lead-forms.spec.ts:457:3 › newsletter › the blog signup posts to the same endpoint (3.8s)
  ✓  960 [mobile-430] › tests/lead-forms.spec.ts:587:3 › the deployed bundle › contains no Web3Forms endpoint, and no access key (45ms)
  ✓  961 [mobile-430] › tests/lead-forms.spec.ts:616:3 › the deployed bundle › the shipped controller measures the fill window on a clock that cannot move (0ms)
  ✓  962 [mobile-430] › tests/lead-forms.spec.ts:632:3 › the deployed bundle › every public form posts to the internal endpoint (14ms)
  ✓  963 [mobile-430] › tests/lead-forms.spec.ts:679:5 › the newsletter does not claim to send anything › /rolunk.html offers the form without promising delivery (390ms)
  ✓  964 [mobile-430] › tests/lead-forms.spec.ts:679:5 › the newsletter does not claim to send anything › /en/about.html offers the form without promising delivery (372ms)
  ✓  927 [mobile-430] › tests/lead-forms.spec.ts:558:3 › questionnaire › shows the rate-limited screen when the endpoint says 429 (33.5s)
  ✓  965 [mobile-430] › tests/lead-forms.spec.ts:679:5 › the newsletter does not claim to send anything › /de/ueber-uns.html offers the form without promising delivery (389ms)
  ✓  957 [mobile-430] › tests/lead-forms.spec.ts:472:3 › Impact Program application › maps the application into the lead schema (3.8s)
  ✓  966 [mobile-430] › tests/lead-forms.spec.ts:679:5 › the newsletter does not claim to send anything › /en/blog.html offers the form without promising delivery (392ms)
  ✓  968 [mobile-430] › tests/lead-forms.spec.ts:679:5 › the newsletter does not claim to send anything › /de/blog.html offers the form without promising delivery (433ms)
  ✓  967 [mobile-430] › tests/lead-forms.spec.ts:679:5 › the newsletter does not claim to send anything › /blog.html offers the form without promising delivery (599ms)
  ✓  958 [mobile-430] › tests/lead-forms.spec.ts:527:3 › questionnaire › the wizard submits to /api/lead and shows the success screen (33.4s)
  ✓  959 [mobile-430] › tests/lead-forms.spec.ts:558:3 › questionnaire › shows the rate-limited screen when the endpoint says 429 (33.8s)

  968 passed (8.6m)
